date_releve,reference,marque,modele,finition,titre,condition,apport,energie,transmission,km,prix_mensuel,url
2026-09-15T14:43:18,ves00451987,fiat,pandina,10-65-ch-hybrid-bsg-s-s-icne,SANS APPORT FIAT PANDINA 1.0 65 ch Hybrid BSG S/S Ic?ne,,,Hybride,Manuelle,10,247,https://auto-dispo.cic-leasing.fr/leasing-voiture/fiat/pandina/10-65-ch-hybrid-bsg-s-s-icne-ves00451987?apport=sans
2026-09-15T14:43:18,ves00458180,citroen,c3-iv,turbo-100-ch-manuelle-max,CITROEN C3 IV Turbo 100 ch Manuelle Max,occasion,SANS APPORT,Essence,Manuelle,23039,247,https://auto-dispo.cic-leasing.fr/leasing-voiture/citroen/c3-iv/turbo-100-ch-manuelle-max-ves00458180?apport=sans
2026-09-15T14:43:18,ves00451984,fiat,pandina,10-65-ch-hybrid-bsg-s-s-icne,SANS APPORT FIAT PANDINA 1.0 65 ch Hybrid BSG S/S Ic?ne,,,Hybride,Manuelle,10,248,https://auto-dispo.cic-leasing.fr/leasing-voiture/fiat/pandina/10-65-ch-hybrid-bsg-s-s-icne-ves00451984?apport=sans
2026-09-15T14:43:18,ves00462855,peugeot,208-ii,100-ss-bvm6-allure,PEUGEOT 208 II 100 S&S BVM6 Allure,occasion,SANS APPORT,Essence,Manuelle,10619,251,https://auto-dispo.cic-leasing.fr/leasing-voiture/peugeot/208-ii/100-ss-bvm6-allure-ves00462855?apport=sans
2026-09-15T14:43:18,ves00461001,peugeot,2008-ii,100-ss-bvm6-style,PEUGEOT 2008 II 100 S&S BVM6 Style,occasion,SANS APPORT,Essence,Manuelle,7767,253,https://auto-dispo.cic-leasing.fr/leasing-voiture/peugeot/2008-ii/100-ss-bvm6-style-ves00461001?apport=sans
2026-09-15T14:43:18,ves00456051,peugeot,2008-ii,100-ss-bvm6-style,PEUGEOT 2008 II 100 S&S BVM6 Style,occasion,SANS APPORT,Essence,Manuelle,7931,253,https://auto-dispo.cic-leasing.fr/leasing-voiture/peugeot/2008-ii/100-ss-bvm6-style-ves00456051?apport=sans
2026-09-15T14:43:18,ves00457232,peugeot,2008-ii,100-ss-bvm6-style,PEUGEOT 2008 II 100 S&S BVM6 Style,occasion,SANS APPORT,Essence,Manuelle,10257,253,https://auto-dispo.cic-leasing.fr/leasing-voiture/peugeot/2008-ii/100-ss-bvm6-style-ves00457232?apport=sans
2026-09-15T14:43:18,ves00457233,peugeot,2008-ii,100-ss-bvm6-style,PEUGEOT 2008 II 100 S&S BVM6 Style,occasion,SANS APPORT,Essence,Manuelle,10542,253,https://auto-dispo.cic-leasing.fr/leasing-voiture/peugeot/2008-ii/100-ss-bvm6-style-ves00457233?apport=sans
2026-09-15T14:43:18,ves00457375,peugeot,2008-ii,100-ss-bvm6-style,PEUGEOT 2008 II 100 S&S BVM6 Style,occasion,SANS APPORT,Essence,Manuelle,10962,253,https://auto-dispo.cic-leasing.fr/leasing-voiture/peugeot/2008-ii/100-ss-bvm6-style-ves00457375?apport=sans
2026-09-15T14:43:18,ves00457022,peugeot,2008-ii,100-ss-bvm6-style,PEUGEOT 2008 II 100 S&S BVM6 Style,occasion,SANS APPORT,Essence,Manuelle,11080,253,https://auto-dispo.cic-leasing.fr/leasing-voiture/peugeot/2008-ii/100-ss-bvm6-style-ves00457022?apport=sans
2026-09-15T14:43:18,ves00453420,peugeot,2008-ii,100-ss-bvm6-style,PEUGEOT 2008 II 100 S&S BVM6 Style,occasion,SANS APPORT,Essence,Manuelle,6037,254,https://auto-dispo.cic-leasing.fr/leasing-voiture/peugeot/2008-ii/100-ss-bvm6-style-ves00453420?apport=sans
2026-09-15T14:43:18,ves00458605,peugeot,2008-ii,100-ss-bvm6-style,PEUGEOT 2008 II 100 S&S BVM6 Style,occasion,SANS APPORT,Essence,Manuelle,6460,254,https://auto-dispo.cic-leasing.fr/leasing-voiture/peugeot/2008-ii/100-ss-bvm6-style-ves00458605?apport=sans
2026-09-15T14:43:18,ves00457136,peugeot,2008-ii,100-ss-bvm6-style,PEUGEOT 2008 II 100 S&S BVM6 Style,occasion,SANS APPORT,Essence,Manuelle,6606,254,https://auto-dispo.cic-leasing.fr/leasing-voiture/peugeot/2008-ii/100-ss-bvm6-style-ves00457136?apport=sans
2026-09-15T14:43:18,ves00455235,peugeot,2008-ii,100-ss-bvm6-style,PEUGEOT 2008 II 100 S&S BVM6 Style,occasion,SANS APPORT,Essence,Manuelle,6790,254,https://auto-dispo.cic-leasing.fr/leasing-voiture/peugeot/2008-ii/100-ss-bvm6-style-ves00455235?apport=sans
2026-09-15T14:43:18,ves00455976,peugeot,2008-ii,100-ss-bvm6-style,PEUGEOT 2008 II 100 S&S BVM6 Style,occasion,SANS APPORT,Essence,Manuelle,6852,254,https://auto-dispo.cic-leasing.fr/leasing-voiture/peugeot/2008-ii/100-ss-bvm6-style-ves00455976?apport=sans
2026-09-15T14:43:18,ves00455975,peugeot,2008-ii,100-ss-bvm6-style,PEUGEOT 2008 II 100 S&S BVM6 Style,occasion,SANS APPORT,Essence,Manuelle,12703,254,https://auto-dispo.cic-leasing.fr/leasing-voiture/peugeot/2008-ii/100-ss-bvm6-style-ves00455975?apport=sans
2026-09-15T14:43:18,ves00458997,peugeot,2008-ii,100-ss-bvm6-style,PEUGEOT 2008 II 100 S&S BVM6 Style,occasion,SANS APPORT,Essence,Manuelle,7078,258,https://auto-dispo.cic-leasing.fr/leasing-voiture/peugeot/2008-ii/100-ss-bvm6-style-ves00458997?apport=sans
2026-09-15T14:43:18,ves00458205,peugeot,208-ii,100-ss-bvm6-allure,PEUGEOT 208 II 100 S&S BVM6 Allure,occasion,SANS APPORT,Essence,Manuelle,12180,258,https://auto-dispo.cic-leasing.fr/leasing-voiture/peugeot/208-ii/100-ss-bvm6-allure-ves00458205?apport=sans
2026-09-15T14:43:18,ves00462968,peugeot,208-ii,100-ss-bvm6-allure,PEUGEOT 208 II 100 S&S BVM6 Allure,occasion,SANS APPORT,Essence,Manuelle,12358,259,https://auto-dispo.cic-leasing.fr/leasing-voiture/peugeot/208-ii/100-ss-bvm6-allure-ves00462968?apport=sans
2026-09-15T14:43:18,ves00456912,toyota,aygo-x,10-vvt-i-72-dynamic,SANS APPORT TOYOTA AYGO X 1.0 VVT-i 72 Dynamic,,,Essence,Manuelle,10,262,https://auto-dispo.cic-leasing.fr/leasing-voiture/toyota/aygo-x/10-vvt-i-72-dynamic-ves00456912?apport=sans
2026-09-15T14:43:18,ves00461018,toyota,aygo-x,10-vvt-i-72-dynamic,SANS APPORT TOYOTA AYGO X 1.0 VVT-i 72 Dynamic,,,Essence,Manuelle,10,262,https://auto-dispo.cic-leasing.fr/leasing-voiture/toyota/aygo-x/10-vvt-i-72-dynamic-ves00461018?apport=sans
2026-09-15T14:43:18,ves00458707,peugeot,2008-ii,100-ss-bvm6-allure,PEUGEOT 2008 II 100 S&S BVM6 Allure,occasion,SANS APPORT,Essence,Manuelle,24118,263,https://auto-dispo.cic-leasing.fr/leasing-voiture/peugeot/2008-ii/100-ss-bvm6-allure-ves00458707?apport=sans
2026-09-15T14:43:18,ves00457400,seat,arona,10-tsi-95-ch-start-stop-bvm5-fr,SEAT Arona 1.0 TSI 95 ch Start/Stop BVM5 FR,occasion,SANS APPORT,Essence,Manuelle,14192,263,https://auto-dispo.cic-leasing.fr/leasing-voiture/seat/arona/10-tsi-95-ch-start-stop-bvm5-fr-ves00457400?apport=sans
2026-09-15T14:43:18,ves00457230,peugeot,2008-ii,100-ss-bvm6-allure,PEUGEOT 2008 II 100 S&S BVM6 Allure,occasion,SANS APPORT,Essence,Manuelle,22924,263,https://auto-dispo.cic-leasing.fr/leasing-voiture/peugeot/2008-ii/100-ss-bvm6-allure-ves00457230?apport=sans
2026-09-15T14:43:18,ves00458193,peugeot,2008-ii,100-ss-bvm6-allure,PEUGEOT 2008 II 100 S&S BVM6 Allure,occasion,SANS APPORT,Essence,Manuelle,7040,263,https://auto-dispo.cic-leasing.fr/leasing-voiture/peugeot/2008-ii/100-ss-bvm6-allure-ves00458193?apport=sans
2026-09-15T14:43:18,ves00458167,peugeot,2008-ii,100-ss-bvm6-allure,PEUGEOT 2008 II 100 S&S BVM6 Allure,occasion,SANS APPORT,Essence,Manuelle,7120,264,https://auto-dispo.cic-leasing.fr/leasing-voiture/peugeot/2008-ii/100-ss-bvm6-allure-ves00458167?apport=sans
2026-09-15T14:43:18,ves00458179,peugeot,2008-ii,100-ss-bvm6-allure,PEUGEOT 2008 II 100 S&S BVM6 Allure,occasion,SANS APPORT,Essence,Manuelle,7142,264,https://auto-dispo.cic-leasing.fr/leasing-voiture/peugeot/2008-ii/100-ss-bvm6-allure-ves00458179?apport=sans
2026-09-15T14:43:18,ves00460448,peugeot,2008-ii,100-ss-bvm6-allure,PEUGEOT 2008 II 100 S&S BVM6 Allure,occasion,SANS APPORT,Essence,Manuelle,7225,264,https://auto-dispo.cic-leasing.fr/leasing-voiture/peugeot/2008-ii/100-ss-bvm6-allure-ves00460448?apport=sans
2026-09-15T14:43:18,ves00460447,peugeot,2008-ii,100-ss-bvm6-allure,PEUGEOT 2008 II 100 S&S BVM6 Allure,occasion,SANS APPORT,Essence,Manuelle,7833,264,https://auto-dispo.cic-leasing.fr/leasing-voiture/peugeot/2008-ii/100-ss-bvm6-allure-ves00460447?apport=sans
2026-09-15T14:43:18,ves00453760,toyota,aygo-x,10-vvt-i-72-dynamic,SANS APPORT TOYOTA AYGO X 1.0 VVT-i 72 Dynamic,,,Essence,Manuelle,10,264,https://auto-dispo.cic-leasing.fr/leasing-voiture/toyota/aygo-x/10-vvt-i-72-dynamic-ves00453760?apport=sans
2026-09-15T14:43:18,ves00432360,peugeot,2008-ii,100-ss-bvm6-allure,PEUGEOT 2008 II 100 S&S BVM6 Allure,occasion,SANS APPORT,Essence,Manuelle,22180,267,https://auto-dispo.cic-leasing.fr/leasing-voiture/peugeot/2008-ii/100-ss-bvm6-allure-ves00432360?apport=sans
2026-09-15T14:43:18,ves00458604,peugeot,2008-ii,100-ss-bvm6-allure,PEUGEOT 2008 II 100 S&S BVM6 Allure,occasion,SANS APPORT,Essence,Manuelle,8826,269,https://auto-dispo.cic-leasing.fr/leasing-voiture/peugeot/2008-ii/100-ss-bvm6-allure-ves00458604?apport=sans
2026-09-15T14:43:18,ves00460462,opel,corsa-vi,12-turbo-100-ch-bvm6-gs,OPEL Corsa VI 1.2 Turbo 100 ch BVM6 GS,occasion,SANS APPORT,Essence,Manuelle,15186,269,https://auto-dispo.cic-leasing.fr/leasing-voiture/opel/corsa-vi/12-turbo-100-ch-bvm6-gs-ves00460462?apport=sans
2026-09-15T14:43:18,ves00457020,peugeot,2008-ii,100-ss-bvm6-allure,PEUGEOT 2008 II 100 S&S BVM6 Allure,occasion,SANS APPORT,Essence,Manuelle,8414,270,https://auto-dispo.cic-leasing.fr/leasing-voiture/peugeot/2008-ii/100-ss-bvm6-allure-ves00457020?apport=sans
2026-09-15T14:43:18,ves00434840,peugeot,2008-ii,100-ss-bvm6-allure,PEUGEOT 2008 II 100 S&S BVM6 Allure,occasion,SANS APPORT,Essence,Manuelle,16615,270,https://auto-dispo.cic-leasing.fr/leasing-voiture/peugeot/2008-ii/100-ss-bvm6-allure-ves00434840?apport=sans
2026-09-15T14:43:18,ves00456155,peugeot,2008-ii,puretech-100-ss-bvm6-allure,PEUGEOT 2008 II PureTech 100 S&S BVM6 Allure,occasion,SANS APPORT,Essence,Manuelle,8556,271,https://auto-dispo.cic-leasing.fr/leasing-voiture/peugeot/2008-ii/puretech-100-ss-bvm6-allure-ves00456155?apport=sans
2026-09-15T14:43:18,ves00456644,fiat,500,10-65-ch-hybride-icne,SANS APPORT FIAT 500 1.0 65 ch,,,Hybride,Manuelle,10,271,https://auto-dispo.cic-leasing.fr/leasing-voiture/fiat/500/10-65-ch-hybride-icne-ves00456644?apport=sans
2026-09-15T14:43:18,ves00445697,peugeot,2008-ii,100-ss-bvm6-allure,PEUGEOT 2008 II 100 S&S BVM6 Allure,occasion,SANS APPORT,Essence,Manuelle,7060,272,https://auto-dispo.cic-leasing.fr/leasing-voiture/peugeot/2008-ii/100-ss-bvm6-allure-ves00445697?apport=sans
2026-09-15T14:43:18,ves00457727,peugeot,2008-ii,100-ss-bvm6-allure,PEUGEOT 2008 II 100 S&S BVM6 Allure,occasion,SANS APPORT,Essence,Manuelle,2558,273,https://auto-dispo.cic-leasing.fr/leasing-voiture/peugeot/2008-ii/100-ss-bvm6-allure-ves00457727?apport=sans
2026-09-15T14:43:18,ves00456651,fiat,500,10-65-ch-hybride-icne,SANS APPORT FIAT 500 1.0 65 ch,,,Hybride,Manuelle,10,273,https://auto-dispo.cic-leasing.fr/leasing-voiture/fiat/500/10-65-ch-hybride-icne-ves00456651?apport=sans
2026-09-15T14:43:18,ves00460425,opel,corsa-vi,12-turbo-100-ch-bvm6-gs,OPEL Corsa VI 1.2 Turbo 100 ch BVM6 GS,occasion,SANS APPORT,Essence,Manuelle,13274,274,https://auto-dispo.cic-leasing.fr/leasing-voiture/opel/corsa-vi/12-turbo-100-ch-bvm6-gs-ves00460425?apport=sans
2026-09-15T14:43:18,ves00462169,peugeot,2008-ii,100-ss-bvm6-allure,PEUGEOT 2008 II 100 S&S BVM6 Allure,occasion,SANS APPORT,Essence,Manuelle,23761,274,https://auto-dispo.cic-leasing.fr/leasing-voiture/peugeot/2008-ii/100-ss-bvm6-allure-ves00462169?apport=sans
2026-09-15T14:43:18,ves00460449,peugeot,2008-ii,100-ss-bvm6-allure,PEUGEOT 2008 II 100 S&S BVM6 Allure,occasion,SANS APPORT,Essence,Manuelle,23437,274,https://auto-dispo.cic-leasing.fr/leasing-voiture/peugeot/2008-ii/100-ss-bvm6-allure-ves00460449?apport=sans
2026-09-15T14:43:18,ves00462780,citroen,c3-iv,turbo-100-ch-manuelle-plus,SANS APPORT CITROEN C3 IV Turbo 100 ch Manuelle Plus,,,Essence,Manuelle,10,275,https://auto-dispo.cic-leasing.fr/leasing-voiture/citroen/c3-iv/turbo-100-ch-manuelle-plus-ves00462780?apport=sans
2026-09-15T14:43:18,ves00458877,renault,clio-5,eco-g-100-ch-gsr2-techno,RENAULT Clio 5 Eco-G 100 ch GSR2 Techno,occasion,SANS APPORT,Essence,Manuelle,18180,275,https://auto-dispo.cic-leasing.fr/leasing-voiture/renault/clio-5/eco-g-100-ch-gsr2-techno-ves00458877?apport=sans
2026-09-15T14:43:18,ves00455477,opel,corsa-vi,12-turbo-100-ch-bvm6-gs,OPEL Corsa VI 1.2 Turbo 100 ch BVM6 GS,occasion,SANS APPORT,Essence,Manuelle,10874,275,https://auto-dispo.cic-leasing.fr/leasing-voiture/opel/corsa-vi/12-turbo-100-ch-bvm6-gs-ves00455477?apport=sans
2026-09-15T14:43:18,ves00454287,jeep,avenger,12-turbo-t3-100-ch-summit,JEEP Avenger 1.2 Turbo T3 100 ch Summit,occasion,SANS APPORT,Essence,Manuelle,16385,276,https://auto-dispo.cic-leasing.fr/leasing-voiture/jeep/avenger/12-turbo-t3-100-ch-summit-ves00454287?apport=sans
2026-09-15T14:43:18,ves00462645,citroen,c3-iv,turbo-100-ch-manuelle-plus,SANS APPORT CITROEN C3 IV Turbo 100 ch Manuelle Plus,,,Essence,Manuelle,10,276,https://auto-dispo.cic-leasing.fr/leasing-voiture/citroen/c3-iv/turbo-100-ch-manuelle-plus-ves00462645?apport=sans
2026-09-15T14:43:18,ves00434934,peugeot,2008-ii,100-ss-bvm6-allure,PEUGEOT 2008 II 100 S&S BVM6 Allure,occasion,SANS APPORT,Essence,Manuelle,27481,277,https://auto-dispo.cic-leasing.fr/leasing-voiture/peugeot/2008-ii/100-ss-bvm6-allure-ves00434934?apport=sans
2026-09-15T14:43:18,ves00462641,citroen,c3-iv,turbo-100-ch-manuelle-plus,SANS APPORT CITROEN C3 IV Turbo 100 ch Manuelle Plus,,,Essence,Manuelle,10,277,https://auto-dispo.cic-leasing.fr/leasing-voiture/citroen/c3-iv/turbo-100-ch-manuelle-plus-ves00462641?apport=sans
2026-09-15T14:43:18,ves00453794,fiat,600,12-hybrid-100ch-dct6-,FIAT 600 1.2 Hybrid 100ch DCT6,occasion,SANS APPORT,Hybride,Automatique,13993,278,https://auto-dispo.cic-leasing.fr/leasing-voiture/fiat/600/12-hybrid-100ch-dct6--ves00453794?apport=sans
2026-09-15T14:43:18,ves00453783,fiat,600,12-hybrid-100ch-dct6-,FIAT 600 1.2 Hybrid 100ch DCT6,occasion,SANS APPORT,Hybride,Automatique,14670,278,https://auto-dispo.cic-leasing.fr/leasing-voiture/fiat/600/12-hybrid-100ch-dct6--ves00453783?apport=sans
2026-09-15T14:43:18,ves00445380,peugeot,2008-ii,100-ss-bvm6-allure,PEUGEOT 2008 II 100 S&S BVM6 Allure,occasion,SANS APPORT,Essence,Manuelle,16147,278,https://auto-dispo.cic-leasing.fr/leasing-voiture/peugeot/2008-ii/100-ss-bvm6-allure-ves00445380?apport=sans
2026-09-15T14:43:18,ves00460960,citroen,c3-iv,turbo-100-ch-manuelle-plus,SANS APPORT CITROEN C3 IV Turbo 100 ch Manuelle Plus,,,Essence,Manuelle,10,278,https://auto-dispo.cic-leasing.fr/leasing-voiture/citroen/c3-iv/turbo-100-ch-manuelle-plus-ves00460960?apport=sans
2026-09-15T14:43:18,ves00460294,opel,corsa-vi,12-turbo-100-ch-bva8-edition,OPEL Corsa VI 1.2 Turbo 100 ch BVA8 Edition,occasion,SANS APPORT,Essence,Automatique,15665,279,https://auto-dispo.cic-leasing.fr/leasing-voiture/opel/corsa-vi/12-turbo-100-ch-bva8-edition-ves00460294?apport=sans
2026-09-15T14:43:18,ves00459484,peugeot,2008-ii,100-ss-bvm6-allure,PEUGEOT 2008 II 100 S&S BVM6 Allure,occasion,SANS APPORT,Essence,Manuelle,7242,279,https://auto-dispo.cic-leasing.fr/leasing-voiture/peugeot/2008-ii/100-ss-bvm6-allure-ves00459484?apport=sans
2026-09-15T14:43:18,ves00453785,fiat,600,12-hybrid-100ch-dct6-,FIAT 600 1.2 Hybrid 100ch DCT6,occasion,SANS APPORT,Hybride,Automatique,13077,280,https://auto-dispo.cic-leasing.fr/leasing-voiture/fiat/600/12-hybrid-100ch-dct6--ves00453785?apport=sans
2026-09-15T14:43:18,ves00459164,mg,mg3,15-l-hybrid-195-ch-luxury,SANS APPORT MG MG3 1.5 L Hybrid+ 195 ch Luxury,,,Hybride,Automatique,10,281,https://auto-dispo.cic-leasing.fr/leasing-voiture/mg/mg3/15-l-hybrid-195-ch-luxury-ves00459164?apport=sans
2026-09-15T14:43:18,ves00462630,skoda,fabia-iv,10-tsi-95-ch-evo-2-bvm5-selection,SKODA Fabia IV 1.0 TSI 95 ch EVO 2 BVM5 Selection,occasion,SANS APPORT,Essence,Manuelle,9446,282,https://auto-dispo.cic-leasing.fr/leasing-voiture/skoda/fabia-iv/10-tsi-95-ch-evo-2-bvm5-selection-ves00462630?apport=sans
2026-09-15T14:43:18,ves00459526,dacia,sandero-iii,tce-90-gsr2-journey,DACIA Sandero III TCe 90 GSR2 Journey,occasion,SANS APPORT,Essence,Manuelle,29915,283,https://auto-dispo.cic-leasing.fr/leasing-voiture/dacia/sandero-iii/tce-90-gsr2-journey-ves00459526?apport=sans
2026-09-15T14:43:18,ves00462647,citroen,c3-iv,turbo-100-ch-manuelle-plus,SANS APPORT CITROEN C3 IV Turbo 100 ch Manuelle Plus,,,Essence,Manuelle,10,283,https://auto-dispo.cic-leasing.fr/leasing-voiture/citroen/c3-iv/turbo-100-ch-manuelle-plus-ves00462647?apport=sans
2026-09-15T14:43:18,ves00455702,peugeot,2008-ii,100-ss-bvm6-allure,PEUGEOT 2008 II 100 S&S BVM6 Allure,occasion,SANS APPORT,Essence,Manuelle,7177,283,https://auto-dispo.cic-leasing.fr/leasing-voiture/peugeot/2008-ii/100-ss-bvm6-allure-ves00455702?apport=sans
2026-09-15T14:43:18,ves00458706,peugeot,2008-ii,100-ss-bvm6-allure,PEUGEOT 2008 II 100 S&S BVM6 Allure,occasion,SANS APPORT,Essence,Manuelle,7783,283,https://auto-dispo.cic-leasing.fr/leasing-voiture/peugeot/2008-ii/100-ss-bvm6-allure-ves00458706?apport=sans
2026-09-15T14:43:18,ves00455162,peugeot,2008-ii,puretech-100-ss-bvm6-allure,PEUGEOT 2008 II PureTech 100 S&S BVM6 Allure,occasion,SANS APPORT,Essence,Manuelle,7735,283,https://auto-dispo.cic-leasing.fr/leasing-voiture/peugeot/2008-ii/puretech-100-ss-bvm6-allure-ves00455162?apport=sans
2026-09-15T14:43:18,ves00458110,peugeot,2008-ii,100-ss-bvm6-allure,PEUGEOT 2008 II 100 S&S BVM6 Allure,occasion,SANS APPORT,Essence,Manuelle,7680,283,https://auto-dispo.cic-leasing.fr/leasing-voiture/peugeot/2008-ii/100-ss-bvm6-allure-ves00458110?apport=sans
2026-09-15T14:43:18,ves00458603,peugeot,2008-ii,100-ss-bvm6-allure,PEUGEOT 2008 II 100 S&S BVM6 Allure,occasion,SANS APPORT,Essence,Manuelle,7682,283,https://auto-dispo.cic-leasing.fr/leasing-voiture/peugeot/2008-ii/100-ss-bvm6-allure-ves00458603?apport=sans
2026-09-15T14:43:18,ves00462171,peugeot,2008-ii,100-ss-bvm6-allure,PEUGEOT 2008 II 100 S&S BVM6 Allure,occasion,SANS APPORT,Essence,Manuelle,27020,284,https://auto-dispo.cic-leasing.fr/leasing-voiture/peugeot/2008-ii/100-ss-bvm6-allure-ves00462171?apport=sans
2026-09-15T14:43:18,ves00455703,peugeot,2008-ii,100-ss-bvm6-allure,PEUGEOT 2008 II 100 S&S BVM6 Allure,occasion,SANS APPORT,Essence,Manuelle,9515,284,https://auto-dispo.cic-leasing.fr/leasing-voiture/peugeot/2008-ii/100-ss-bvm6-allure-ves00455703?apport=sans
2026-09-15T14:43:18,ves00455701,peugeot,2008-ii,100-ss-bvm6-allure,PEUGEOT 2008 II 100 S&S BVM6 Allure,occasion,SANS APPORT,Essence,Manuelle,9963,284,https://auto-dispo.cic-leasing.fr/leasing-voiture/peugeot/2008-ii/100-ss-bvm6-allure-ves00455701?apport=sans
2026-09-15T14:43:18,ves00462174,peugeot,2008-ii,100-ss-bvm6-allure,PEUGEOT 2008 II 100 S&S BVM6 Allure,occasion,SANS APPORT,Essence,Manuelle,18269,284,https://auto-dispo.cic-leasing.fr/leasing-voiture/peugeot/2008-ii/100-ss-bvm6-allure-ves00462174?apport=sans
2026-09-15T14:43:18,ves00452126,dacia,sandero-iii,tce-90-gsr2-journey,DACIA Sandero III TCe 90 GSR2 Journey,occasion,SANS APPORT,Essence,Manuelle,29598,284,https://auto-dispo.cic-leasing.fr/leasing-voiture/dacia/sandero-iii/tce-90-gsr2-journey-ves00452126?apport=sans
2026-09-15T14:43:18,ves00453169,mg,mg3,15-l-hybrid-195-ch-comfort,MG MG3 1.5 L Hybrid+ 195 ch Comfort,occasion,SANS APPORT,Hybride,Automatique,18893,285,https://auto-dispo.cic-leasing.fr/leasing-voiture/mg/mg3/15-l-hybrid-195-ch-comfort-ves00453169?apport=sans
2026-09-15T14:43:18,ves00453957,mg,mg3,15-l-hybrid-195-ch-comfort,MG MG3 1.5 L Hybrid+ 195 ch Comfort,occasion,SANS APPORT,Hybride,Automatique,22364,285,https://auto-dispo.cic-leasing.fr/leasing-voiture/mg/mg3/15-l-hybrid-195-ch-comfort-ves00453957?apport=sans
2026-09-15T14:43:18,ves00449680,mg,mg3,15-l-hybrid-195-ch-comfort,MG MG3 1.5 L Hybrid+ 195 ch Comfort,occasion,SANS APPORT,Hybride,Automatique,19858,285,https://auto-dispo.cic-leasing.fr/leasing-voiture/mg/mg3/15-l-hybrid-195-ch-comfort-ves00449680?apport=sans
2026-09-15T14:43:18,ves00462173,peugeot,2008-ii,100-ss-bvm6-allure,PEUGEOT 2008 II 100 S&S BVM6 Allure,occasion,SANS APPORT,Essence,Manuelle,21560,285,https://auto-dispo.cic-leasing.fr/leasing-voiture/peugeot/2008-ii/100-ss-bvm6-allure-ves00462173?apport=sans
2026-09-15T14:43:18,ves00462636,skoda,fabia-iv,10-tsi-95-ch-evo-2-bvm5-selection,SKODA Fabia IV 1.0 TSI 95 ch EVO 2 BVM5 Selection,occasion,SANS APPORT,Essence,Manuelle,13803,286,https://auto-dispo.cic-leasing.fr/leasing-voiture/skoda/fabia-iv/10-tsi-95-ch-evo-2-bvm5-selection-ves00462636?apport=sans
2026-09-15T14:43:18,ves00460456,opel,corsa-vi,12-turbo-100-ch-bvm6-gs,OPEL Corsa VI 1.2 Turbo 100 ch BVM6 GS,occasion,SANS APPORT,Essence,Manuelle,19085,286,https://auto-dispo.cic-leasing.fr/leasing-voiture/opel/corsa-vi/12-turbo-100-ch-bvm6-gs-ves00460456?apport=sans
2026-09-15T14:43:18,ves00459873,renault,clio-5,tce-90-ch-gsr2-evolution,SANS APPORT RENAULT Clio 5 TCe 90 ch GSR2 Evolution,,,Essence,Manuelle,10,286,https://auto-dispo.cic-leasing.fr/leasing-voiture/renault/clio-5/tce-90-ch-gsr2-evolution-ves00459873?apport=sans
2026-09-15T14:43:18,ves00449682,mg,mg3,15-l-hybrid-195-ch-comfort,MG MG3 1.5 L Hybrid+ 195 ch Comfort,occasion,SANS APPORT,Hybride,Automatique,16886,287,https://auto-dispo.cic-leasing.fr/leasing-voiture/mg/mg3/15-l-hybrid-195-ch-comfort-ves00449682?apport=sans
2026-09-15T14:43:18,ves00449704,mg,mg3,15-l-hybrid-195-ch-luxury,MG MG3 1.5 L Hybrid+ 195 ch Luxury,occasion,SANS APPORT,Hybride,Automatique,13012,288,https://auto-dispo.cic-leasing.fr/leasing-voiture/mg/mg3/15-l-hybrid-195-ch-luxury-ves00449704?apport=sans
2026-09-15T14:43:18,ves00462172,peugeot,2008-ii,100-ss-bvm6-allure,PEUGEOT 2008 II 100 S&S BVM6 Allure,occasion,SANS APPORT,Essence,Manuelle,20011,288,https://auto-dispo.cic-leasing.fr/leasing-voiture/peugeot/2008-ii/100-ss-bvm6-allure-ves00462172?apport=sans
2026-09-15T14:43:18,ves00455483,renault,clio-5,tce-90-ch-gsr2-techno,SANS APPORT RENAULT Clio 5 TCe 90 ch GSR2 Techno,,,Essence,Manuelle,10,290,https://auto-dispo.cic-leasing.fr/leasing-voiture/renault/clio-5/tce-90-ch-gsr2-techno-ves00455483?apport=sans
2026-09-15T14:43:18,ves00449693,mg,mg3,15-l-hybrid-195-ch-comfort,MG MG3 1.5 L Hybrid+ 195 ch Comfort,occasion,SANS APPORT,Hybride,Automatique,16323,292,https://auto-dispo.cic-leasing.fr/leasing-voiture/mg/mg3/15-l-hybrid-195-ch-comfort-ves00449693?apport=sans
2026-09-15T14:43:18,ves00449705,mg,mg3,15-l-hybrid-195-ch-luxury,MG MG3 1.5 L Hybrid+ 195 ch Luxury,occasion,SANS APPORT,Hybride,Automatique,18132,292,https://auto-dispo.cic-leasing.fr/leasing-voiture/mg/mg3/15-l-hybrid-195-ch-luxury-ves00449705?apport=sans
2026-09-15T14:43:18,ves00453174,mg,mg3,15-l-hybrid-195-ch-comfort,MG MG3 1.5 L Hybrid+ 195 ch Comfort,occasion,SANS APPORT,Hybride,Automatique,19230,292,https://auto-dispo.cic-leasing.fr/leasing-voiture/mg/mg3/15-l-hybrid-195-ch-comfort-ves00453174?apport=sans
2026-09-15T14:43:18,ves00449718,mg,mg3,15-l-hybrid-195-ch-comfort,MG MG3 1.5 L Hybrid+ 195 ch Comfort,occasion,SANS APPORT,Hybride,Automatique,19676,292,https://auto-dispo.cic-leasing.fr/leasing-voiture/mg/mg3/15-l-hybrid-195-ch-comfort-ves00449718?apport=sans
2026-09-15T14:43:18,ves00452143,skoda,fabia-iv,10-tsi-95-ch-evo-2-bvm5-selection,SKODA Fabia IV 1.0 TSI 95 ch EVO 2 BVM5 Selection,occasion,SANS APPORT,Essence,Manuelle,17627,293,https://auto-dispo.cic-leasing.fr/leasing-voiture/skoda/fabia-iv/10-tsi-95-ch-evo-2-bvm5-selection-ves00452143?apport=sans
2026-09-15T14:43:18,ves00452140,skoda,fabia-iv,10-tsi-95-ch-evo-2-bvm5-selection,SKODA Fabia IV 1.0 TSI 95 ch EVO 2 BVM5 Selection,occasion,SANS APPORT,Essence,Manuelle,17930,293,https://auto-dispo.cic-leasing.fr/leasing-voiture/skoda/fabia-iv/10-tsi-95-ch-evo-2-bvm5-selection-ves00452140?apport=sans
2026-09-15T14:43:18,ves00452116,dacia,sandero-iii,tce-90-gsr2-journey,DACIA Sandero III TCe 90 GSR2 Journey,occasion,SANS APPORT,Essence,Manuelle,25776,293,https://auto-dispo.cic-leasing.fr/leasing-voiture/dacia/sandero-iii/tce-90-gsr2-journey-ves00452116?apport=sans
2026-09-15T14:43:18,ves00459264,mg,mg3,15-l-hybrid-195-ch-luxury,SANS APPORT MG MG3 1.5 L Hybrid+ 195 ch Luxury,,,Hybride,Automatique,10,294,https://auto-dispo.cic-leasing.fr/leasing-voiture/mg/mg3/15-l-hybrid-195-ch-luxury-ves00459264?apport=sans
2026-09-15T14:43:18,ves00453168,mg,mg3,15-l-hybrid-195-ch-comfort,MG MG3 1.5 L Hybrid+ 195 ch Comfort,occasion,SANS APPORT,Hybride,Automatique,18173,294,https://auto-dispo.cic-leasing.fr/leasing-voiture/mg/mg3/15-l-hybrid-195-ch-comfort-ves00453168?apport=sans
2026-09-15T14:43:18,ves00453941,mg,mg3,15-l-hybrid-195-ch-comfort,MG MG3 1.5 L Hybrid+ 195 ch Comfort,occasion,SANS APPORT,Hybride,Automatique,23694,295,https://auto-dispo.cic-leasing.fr/leasing-voiture/mg/mg3/15-l-hybrid-195-ch-comfort-ves00453941?apport=sans
2026-09-15T14:43:18,ves00456954,dacia,sandero-iii,tce-90-gsr2-journey,DACIA Sandero III TCe 90 GSR2 Journey,occasion,SANS APPORT,Essence,Manuelle,17640,296,https://auto-dispo.cic-leasing.fr/leasing-voiture/dacia/sandero-iii/tce-90-gsr2-journey-ves00456954?apport=sans
2026-09-15T14:43:18,ves00453535,citroen,c4,puretech-130-eat8-max,CITROEN C4 PureTech 130 EAT8 Max,occasion,SANS APPORT,Essence,Automatique,5020,297,https://auto-dispo.cic-leasing.fr/leasing-voiture/citroen/c4/puretech-130-eat8-max-ves00453535?apport=sans
2026-09-15T14:43:18,ves00463172,volkswagen,taigo,10-tsi-116-dsg7-life-plus,VOLKSWAGEN Taigo 1.0 TSI 116 DSG7 Life Plus,occasion,SANS APPORT,Essence,Automatique,16464,298,https://auto-dispo.cic-leasing.fr/leasing-voiture/volkswagen/taigo/10-tsi-116-dsg7-life-plus-ves00463172?apport=sans
2026-09-15T14:43:18,ves00456037,dacia,sandero-iii,tce-90-gsr2-journey,DACIA Sandero III TCe 90 GSR2 Journey,occasion,SANS APPORT,Essence,Manuelle,22471,300,https://auto-dispo.cic-leasing.fr/leasing-voiture/dacia/sandero-iii/tce-90-gsr2-journey-ves00456037?apport=sans
2026-09-15T14:43:18,ves00461617,opel,corsa-vi,12-turbo-hybrid-110-ch-autom-gs,SANS APPORT OPEL Corsa VI 1.2 Turbo Hybrid 110 ch Autom GS,,,Hybride,Automatique,10,300,https://auto-dispo.cic-leasing.fr/leasing-voiture/opel/corsa-vi/12-turbo-hybrid-110-ch-autom-gs-ves00461617?apport=sans
2026-09-15T14:43:18,ves00462958,mg,zs-iii,15-l-hybrid-197-ch-comfort,SANS APPORT MG ZS III 1.5 L Hybrid+ 197 ch Comfort,,,Hybride,Automatique,10,300,https://auto-dispo.cic-leasing.fr/leasing-voiture/mg/zs-iii/15-l-hybrid-197-ch-comfort-ves00462958?apport=sans
2026-09-15T14:43:18,ves00462702,citroen,c3-aircross-ii,hybride-145-ch-aut-plus,SANS APPORT CITROEN C3 Aircross II,,,Hybride,Automatique,10,300,https://auto-dispo.cic-leasing.fr/leasing-voiture/citroen/c3-aircross-ii/hybride-145-ch-aut-plus-ves00462702?apport=sans
2026-09-15T14:43:18,ves00460602,renault,clio-5,tce-90-ch-gsr2-evolution,SANS APPORT RENAULT Clio 5 TCe 90 ch GSR2 Evolution,,,Essence,Manuelle,10,301,https://auto-dispo.cic-leasing.fr/leasing-voiture/renault/clio-5/tce-90-ch-gsr2-evolution-ves00460602?apport=sans
2026-09-15T14:43:18,ves00449690,mg,mg3,15-l-hybrid-195-ch-comfort,MG MG3 1.5 L Hybrid+ 195 ch Comfort,occasion,SANS APPORT,Hybride,Automatique,19153,301,https://auto-dispo.cic-leasing.fr/leasing-voiture/mg/mg3/15-l-hybrid-195-ch-comfort-ves00449690?apport=sans
2026-09-15T14:43:18,ves00462623,citroen,c3-iv,turbo-100-ch-manuelle-max,SANS APPORT CITROEN C3 IV Turbo 100 ch Manuelle Max,,,Essence,Manuelle,10,301,https://auto-dispo.cic-leasing.fr/leasing-voiture/citroen/c3-iv/turbo-100-ch-manuelle-max-ves00462623?apport=sans
2026-09-15T14:43:18,ves00453724,toyota,aygo-x,10-vvt-i-72-dynamic,SANS APPORT TOYOTA AYGO X 1.0 VVT-i 72 Dynamic,,,Essence,Manuelle,10,301,https://auto-dispo.cic-leasing.fr/leasing-voiture/toyota/aygo-x/10-vvt-i-72-dynamic-ves00453724?apport=sans
2026-09-15T14:43:18,ves00453517,citroen,c4,puretech-130-eat8-max,SANS APPORT CITROEN C4 PureTech 130 EAT8 Max,,,Essence,Automatique,10,301,https://auto-dispo.cic-leasing.fr/leasing-voiture/citroen/c4/puretech-130-eat8-max-ves00453517?apport=sans
2026-09-15T14:43:18,ves00460609,renault,clio-5,tce-90-ch-gsr2-evolution,SANS APPORT RENAULT Clio 5 TCe 90 ch GSR2 Evolution,,,Essence,Manuelle,100,302,https://auto-dispo.cic-leasing.fr/leasing-voiture/renault/clio-5/tce-90-ch-gsr2-evolution-ves00460609?apport=sans
2026-09-15T14:43:18,ves00462767,citroen,c3-iv,turbo-100-ch-manuelle-max,SANS APPORT CITROEN C3 IV Turbo 100 ch Manuelle Max,,,Essence,Manuelle,10,303,https://auto-dispo.cic-leasing.fr/leasing-voiture/citroen/c3-iv/turbo-100-ch-manuelle-max-ves00462767?apport=sans
2026-09-15T14:43:18,ves00460603,renault,clio-5,tce-90-ch-gsr2-evolution,SANS APPORT RENAULT Clio 5 TCe 90 ch GSR2 Evolution,,,Essence,Manuelle,10,303,https://auto-dispo.cic-leasing.fr/leasing-voiture/renault/clio-5/tce-90-ch-gsr2-evolution-ves00460603?apport=sans
2026-09-15T14:43:18,ves00456959,renault,clio-5,tce-90-techno,RENAULT Clio 5 TCe 90 Techno,occasion,SANS APPORT,Essence,Manuelle,28903,304,https://auto-dispo.cic-leasing.fr/leasing-voiture/renault/clio-5/tce-90-techno-ves00456959?apport=sans
2026-09-15T14:43:18,ves00460605,renault,clio-5,tce-90-ch-gsr2-evolution,SANS APPORT RENAULT Clio 5 TCe 90 ch GSR2 Evolution,,,Essence,Manuelle,10,304,https://auto-dispo.cic-leasing.fr/leasing-voiture/renault/clio-5/tce-90-ch-gsr2-evolution-ves00460605?apport=sans
2026-09-15T14:43:18,ves00453563,citroen,c4,puretech-130-eat8-max,SANS APPORT CITROEN C4 PureTech 130 EAT8 Max,,,Essence,Automatique,100,304,https://auto-dispo.cic-leasing.fr/leasing-voiture/citroen/c4/puretech-130-eat8-max-ves00453563?apport=sans
2026-09-15T14:43:18,ves00453562,citroen,c4,puretech-130-eat8-max,SANS APPORT CITROEN C4 PureTech 130 EAT8 Max,,,Essence,Automatique,159,305,https://auto-dispo.cic-leasing.fr/leasing-voiture/citroen/c4/puretech-130-eat8-max-ves00453562?apport=sans
2026-09-15T14:43:18,ves00453560,citroen,c4,puretech-130-eat8-max,SANS APPORT CITROEN C4 PureTech 130 EAT8 Max,,,Essence,Automatique,147,305,https://auto-dispo.cic-leasing.fr/leasing-voiture/citroen/c4/puretech-130-eat8-max-ves00453560?apport=sans
2026-09-15T14:43:18,ves00453572,citroen,c4,puretech-130-eat8-max,SANS APPORT CITROEN C4 PureTech 130 EAT8 Max,,,Essence,Automatique,232,305,https://auto-dispo.cic-leasing.fr/leasing-voiture/citroen/c4/puretech-130-eat8-max-ves00453572?apport=sans
2026-09-15T14:43:18,ves00455873,mg,zs-iii,15-l-hybrid-197-ch-standard,SANS APPORT MG ZS III 1.5 L Hybrid+ 197 ch Standard,,,Hybride,Automatique,100,305,https://auto-dispo.cic-leasing.fr/leasing-voiture/mg/zs-iii/15-l-hybrid-197-ch-standard-ves00455873?apport=sans
2026-09-15T14:43:18,ves00449401,renault,captur-ii,tce-115-ch-evolution,SANS APPORT RENAULT Captur II TCe 115 ch Evolution,,,Essence,Manuelle,10,307,https://auto-dispo.cic-leasing.fr/leasing-voiture/renault/captur-ii/tce-115-ch-evolution-ves00449401?apport=sans
2026-09-15T14:43:18,ves00448048,peugeot,2008-ii,100-ss-bvm6-allure,PEUGEOT 2008 II 100 S&S BVM6 Allure,occasion,SANS APPORT,Essence,Manuelle,4979,307,https://auto-dispo.cic-leasing.fr/leasing-voiture/peugeot/2008-ii/100-ss-bvm6-allure-ves00448048?apport=sans
2026-09-15T14:43:18,ves00460281,citroen,c4,hybride-145-ch-e-dcs6-plus,CITROEN C4,occasion,SANS APPORT,Hybride,Automatique,10101,307,https://auto-dispo.cic-leasing.fr/leasing-voiture/citroen/c4/hybride-145-ch-e-dcs6-plus-ves00460281?apport=sans
2026-09-15T14:43:18,ves00453528,citroen,c4,puretech-130-eat8-max,SANS APPORT CITROEN C4 PureTech 130 EAT8 Max,,,Essence,Automatique,100,308,https://auto-dispo.cic-leasing.fr/leasing-voiture/citroen/c4/puretech-130-eat8-max-ves00453528?apport=sans
2026-09-15T14:43:18,ves00455613,citroen,c4,hybride-145-ch-e-dcs6-plus,CITROEN C4,occasion,SANS APPORT,Hybride,Automatique,11098,309,https://auto-dispo.cic-leasing.fr/leasing-voiture/citroen/c4/hybride-145-ch-e-dcs6-plus-ves00455613?apport=sans
2026-09-15T14:43:18,ves00453541,citroen,c4,puretech-130-eat8-max,SANS APPORT CITROEN C4 PureTech 130 EAT8 Max,,,Essence,Automatique,10,309,https://auto-dispo.cic-leasing.fr/leasing-voiture/citroen/c4/puretech-130-eat8-max-ves00453541?apport=sans
2026-09-15T14:43:18,ves00453552,citroen,c4,puretech-130-eat8-max,SANS APPORT CITROEN C4 PureTech 130 EAT8 Max,,,Essence,Automatique,120,310,https://auto-dispo.cic-leasing.fr/leasing-voiture/citroen/c4/puretech-130-eat8-max-ves00453552?apport=sans
2026-09-15T14:43:18,ves00453559,citroen,c4,puretech-130-eat8-max,SANS APPORT CITROEN C4 PureTech 130 EAT8 Max,,,Essence,Automatique,396,310,https://auto-dispo.cic-leasing.fr/leasing-voiture/citroen/c4/puretech-130-eat8-max-ves00453559?apport=sans
2026-09-15T14:43:18,ves00449691,mg,mg3,15-l-hybrid-195-ch-comfort,MG MG3 1.5 L Hybrid+ 195 ch Comfort,occasion,SANS APPORT,Hybride,Automatique,19375,310,https://auto-dispo.cic-leasing.fr/leasing-voiture/mg/mg3/15-l-hybrid-195-ch-comfort-ves00449691?apport=sans
2026-09-15T14:43:18,ves00462231,dacia,duster-iii,mild-hybrid-140-expression,SANS APPORT DACIA Duster III Mild Hybrid 140 Expression,,,Essence,Manuelle,10,310,https://auto-dispo.cic-leasing.fr/leasing-voiture/dacia/duster-iii/mild-hybrid-140-expression-ves00462231?apport=sans
2026-09-15T14:43:18,ves00458614,seat,leon-iv,15-tsi-115-bvm6-business,SEAT Leon IV 1.5 TSI 115 BVM6 Business,occasion,SANS APPORT,Essence,Manuelle,12932,311,https://auto-dispo.cic-leasing.fr/leasing-voiture/seat/leon-iv/15-tsi-115-bvm6-business-ves00458614?apport=sans
2026-09-15T14:43:18,ves00453561,citroen,c4,puretech-130-eat8-max,SANS APPORT CITROEN C4 PureTech 130 EAT8 Max,,,Essence,Automatique,100,311,https://auto-dispo.cic-leasing.fr/leasing-voiture/citroen/c4/puretech-130-eat8-max-ves00453561?apport=sans
2026-09-15T14:43:18,ves00454038,citroen,c4,puretech-130-eat8-max,CITROEN C4 PureTech 130 EAT8 Max,occasion,SANS APPORT,Essence,Automatique,3772,312,https://auto-dispo.cic-leasing.fr/leasing-voiture/citroen/c4/puretech-130-eat8-max-ves00454038?apport=sans
2026-09-15T14:43:18,ves00454037,citroen,c4,puretech-130-eat8-max,CITROEN C4 PureTech 130 EAT8 Max,occasion,SANS APPORT,Essence,Automatique,4466,312,https://auto-dispo.cic-leasing.fr/leasing-voiture/citroen/c4/puretech-130-eat8-max-ves00454037?apport=sans
2026-09-15T14:43:18,ves00440789,citroen,c3-aircross-ii,turbo-100-ch-man-plus,SANS APPORT CITROEN C3 Aircross II Turbo 100 ch Man Plus,,,Essence,Manuelle,10,313,https://auto-dispo.cic-leasing.fr/leasing-voiture/citroen/c3-aircross-ii/turbo-100-ch-man-plus-ves00440789?apport=sans
2026-09-15T14:43:18,ves00460204,seat,arona,10-tsi-115-ch-start-stop-dsg7-copa,SANS APPORT SEAT Arona 1.0 TSI 115 ch Start/Stop DSG7 Copa,,,Essence,Automatique,10,314,https://auto-dispo.cic-leasing.fr/leasing-voiture/seat/arona/10-tsi-115-ch-start-stop-dsg7-copa-ves00460204?apport=sans
2026-09-15T14:43:18,ves00463123,citroen,c3-aircross-ii,hybride-145-ch-aut-max,SANS APPORT CITROEN C3 Aircross II,,,Hybride,Automatique,10,315,https://auto-dispo.cic-leasing.fr/leasing-voiture/citroen/c3-aircross-ii/hybride-145-ch-aut-max-ves00463123?apport=sans
2026-09-15T14:43:18,ves00458833,dacia,sandero-iii,tce-110-stepway-extreme,SANS APPORT DACIA SANDERO III TCe 110 Stepway Extreme,,,Essence,Manuelle,100,316,https://auto-dispo.cic-leasing.fr/leasing-voiture/dacia/sandero-iii/tce-110-stepway-extreme-ves00458833?apport=sans
2026-09-15T14:43:18,ves00459380,renault,clio-5,eco-g-100-ch-gsr2-techno,SANS APPORT RENAULT Clio 5 Eco-G 100 ch GSR2 Techno,,,Essence,Manuelle,10,316,https://auto-dispo.cic-leasing.fr/leasing-voiture/renault/clio-5/eco-g-100-ch-gsr2-techno-ves00459380?apport=sans
2026-09-15T14:43:18,ves00463154,citroen,c3-aircross-ii,hybride-145-ch-aut-max,CITROEN C3 Aircross II,occasion,SANS APPORT,Hybride,Automatique,8958,316,https://auto-dispo.cic-leasing.fr/leasing-voiture/citroen/c3-aircross-ii/hybride-145-ch-aut-max-ves00463154?apport=sans
2026-09-15T14:43:18,ves00459382,renault,clio-5,eco-g-100-ch-gsr2-techno,SANS APPORT RENAULT Clio 5 Eco-G 100 ch GSR2 Techno,,,Essence,Manuelle,100,316,https://auto-dispo.cic-leasing.fr/leasing-voiture/renault/clio-5/eco-g-100-ch-gsr2-techno-ves00459382?apport=sans
2026-09-15T14:43:18,ves00463068,opel,corsa-vi,12-turbo-hybrid-110-ch-autom-gs,OPEL Corsa VI 1.2 Turbo Hybrid 110 ch Autom GS,occasion,SANS APPORT,Hybride,Automatique,29460,317,https://auto-dispo.cic-leasing.fr/leasing-voiture/opel/corsa-vi/12-turbo-hybrid-110-ch-autom-gs-ves00463068?apport=sans
2026-09-15T14:43:18,ves00463151,citroen,c3-aircross-ii,hybride-145-ch-aut-max,CITROEN C3 Aircross II,occasion,SANS APPORT,Hybride,Automatique,9478,317,https://auto-dispo.cic-leasing.fr/leasing-voiture/citroen/c3-aircross-ii/hybride-145-ch-aut-max-ves00463151?apport=sans
2026-09-15T14:43:18,ves00460298,renault,clio-5,tce-90-ch-gsr2-esprit-alpine,SANS APPORT RENAULT Clio 5 TCe 90 ch GSR2 Esprit Alpine,,,Essence,Manuelle,100,319,https://auto-dispo.cic-leasing.fr/leasing-voiture/renault/clio-5/tce-90-ch-gsr2-esprit-alpine-ves00460298?apport=sans
2026-09-15T14:43:18,ves00431856,renault,captur-ii,tce-90-ch-techno,RENAULT Captur II TCe 90 ch Techno,occasion,SANS APPORT,Essence,Manuelle,14675,319,https://auto-dispo.cic-leasing.fr/leasing-voiture/renault/captur-ii/tce-90-ch-techno-ves00431856?apport=sans
2026-09-15T14:43:18,ves00435114,renault,captur-ii,tce-90-ch-techno,RENAULT Captur II TCe 90 ch Techno,occasion,SANS APPORT,Essence,Manuelle,12964,319,https://auto-dispo.cic-leasing.fr/leasing-voiture/renault/captur-ii/tce-90-ch-techno-ves00435114?apport=sans
2026-09-15T14:43:18,ves00462239,dacia,duster-iii,mild-hybrid-140-journey,SANS APPORT DACIA Duster III Mild Hybrid 140 Journey,,,Essence,Manuelle,10,319,https://auto-dispo.cic-leasing.fr/leasing-voiture/dacia/duster-iii/mild-hybrid-140-journey-ves00462239?apport=sans
2026-09-15T14:43:18,ves00463059,opel,corsa-vi,12-turbo-hybrid-110-ch-autom-gs,OPEL Corsa VI 1.2 Turbo Hybrid 110 ch Autom GS,occasion,SANS APPORT,Hybride,Automatique,24053,319,https://auto-dispo.cic-leasing.fr/leasing-voiture/opel/corsa-vi/12-turbo-hybrid-110-ch-autom-gs-ves00463059?apport=sans
2026-09-15T14:43:18,ves00459492,volkswagen,polo-vi,10-tsi-95-ss-dsg7-life,SANS APPORT VOLKSWAGEN Polo VI 1.0 TSI 95 S&S DSG7 Life,,,Essence,Automatique,10,319,https://auto-dispo.cic-leasing.fr/leasing-voiture/volkswagen/polo-vi/10-tsi-95-ss-dsg7-life-ves00459492?apport=sans
2026-09-15T14:43:18,ves00451239,mg,zs-iii,15-l-hybrid-197-ch-luxury,MG ZS III 1.5 L Hybrid+ 197 ch Luxury,occasion,SANS APPORT,Hybride,Automatique,13102,320,https://auto-dispo.cic-leasing.fr/leasing-voiture/mg/zs-iii/15-l-hybrid-197-ch-luxury-ves00451239?apport=sans
2026-09-15T14:43:18,ves00440778,citroen,c3-aircross-ii,turbo-100-ch-man-plus,SANS APPORT CITROEN C3 Aircross II Turbo 100 ch Man Plus,,,Essence,Manuelle,10,320,https://auto-dispo.cic-leasing.fr/leasing-voiture/citroen/c3-aircross-ii/turbo-100-ch-man-plus-ves00440778?apport=sans
2026-09-15T14:43:18,ves00460566,skoda,fabia-iv,10-tsi-116-ch-evo-2-dsg7-selection,SKODA Fabia IV 1.0 TSI 116 ch EVO 2 DSG7 Selection,occasion,SANS APPORT,Essence,Automatique,21285,321,https://auto-dispo.cic-leasing.fr/leasing-voiture/skoda/fabia-iv/10-tsi-116-ch-evo-2-dsg7-selection-ves00460566?apport=sans
2026-09-15T14:43:18,ves00460569,skoda,fabia-iv,10-tsi-116-ch-evo-2-dsg7-selection,SKODA Fabia IV 1.0 TSI 116 ch EVO 2 DSG7 Selection,occasion,SANS APPORT,Essence,Automatique,21246,321,https://auto-dispo.cic-leasing.fr/leasing-voiture/skoda/fabia-iv/10-tsi-116-ch-evo-2-dsg7-selection-ves00460569?apport=sans
2026-09-15T14:43:18,ves00435079,renault,captur-ii,tce-90-ch-techno,RENAULT Captur II TCe 90 ch Techno,occasion,SANS APPORT,Essence,Manuelle,14334,321,https://auto-dispo.cic-leasing.fr/leasing-voiture/renault/captur-ii/tce-90-ch-techno-ves00435079?apport=sans
2026-09-15T14:43:18,ves00435078,renault,captur-ii,tce-90-ch-techno,RENAULT Captur II TCe 90 ch Techno,occasion,SANS APPORT,Essence,Manuelle,13261,321,https://auto-dispo.cic-leasing.fr/leasing-voiture/renault/captur-ii/tce-90-ch-techno-ves00435078?apport=sans
2026-09-15T14:43:18,ves00462638,skoda,fabia-iv,10-tsi-116-ch-evo-2-dsg7-selection,SKODA Fabia IV 1.0 TSI 116 ch EVO 2 DSG7 Selection,occasion,SANS APPORT,Essence,Automatique,11660,321,https://auto-dispo.cic-leasing.fr/leasing-voiture/skoda/fabia-iv/10-tsi-116-ch-evo-2-dsg7-selection-ves00462638?apport=sans
2026-09-15T14:43:18,ves00460548,skoda,fabia-iv,10-tsi-116-ch-evo-2-dsg7-selection,SKODA Fabia IV 1.0 TSI 116 ch EVO 2 DSG7 Selection,occasion,SANS APPORT,Essence,Automatique,14907,322,https://auto-dispo.cic-leasing.fr/leasing-voiture/skoda/fabia-iv/10-tsi-116-ch-evo-2-dsg7-selection-ves00460548?apport=sans
2026-09-15T14:43:18,ves00463061,opel,corsa-vi,12-turbo-hybrid-110-ch-autom-gs,OPEL Corsa VI 1.2 Turbo Hybrid 110 ch Autom GS,occasion,SANS APPORT,Hybride,Automatique,25339,322,https://auto-dispo.cic-leasing.fr/leasing-voiture/opel/corsa-vi/12-turbo-hybrid-110-ch-autom-gs-ves00463061?apport=sans
2026-09-15T14:43:18,ves00440785,citroen,c3-aircross-ii,turbo-100-ch-man-plus,SANS APPORT CITROEN C3 Aircross II Turbo 100 ch Man Plus,,,Essence,Manuelle,10,323,https://auto-dispo.cic-leasing.fr/leasing-voiture/citroen/c3-aircross-ii/turbo-100-ch-man-plus-ves00440785?apport=sans
2026-09-15T14:43:18,ves00431822,renault,captur-ii,tce-90-ch-techno,RENAULT Captur II TCe 90 ch Techno,occasion,SANS APPORT,Essence,Manuelle,15158,324,https://auto-dispo.cic-leasing.fr/leasing-voiture/renault/captur-ii/tce-90-ch-techno-ves00431822?apport=sans
2026-09-15T14:43:18,ves00450900,volkswagen,t-cross,10-tsi-116-start-stop-dsg7-life-plus,VOLKSWAGEN T-CROSS 1.0 TSI 116 Start/Stop DSG7 Life Plus,occasion,SANS APPORT,Essence,Automatique,24241,324,https://auto-dispo.cic-leasing.fr/leasing-voiture/volkswagen/t-cross/10-tsi-116-start-stop-dsg7-life-plus-ves00450900?apport=sans
2026-09-15T14:43:18,ves00460196,seat,arona,10-tsi-115-ch-start-stop-dsg7-copa,SANS APPORT SEAT Arona 1.0 TSI 115 ch Start/Stop DSG7 Copa,,,Essence,Automatique,10,324,https://auto-dispo.cic-leasing.fr/leasing-voiture/seat/arona/10-tsi-115-ch-start-stop-dsg7-copa-ves00460196?apport=sans
2026-09-15T14:43:18,ves00447154,lancia,ypsilon,12-ibrida-100ch-edct6-lx,LANCIA YPSILON 1.2 Ibrida 100ch eDCT6 LX,occasion,SANS APPORT,Essence,Automatique,17160,324,https://auto-dispo.cic-leasing.fr/leasing-voiture/lancia/ypsilon/12-ibrida-100ch-edct6-lx-ves00447154?apport=sans
2026-09-15T14:43:18,ves00451238,mg,zs-iii,15-l-hybrid-197-ch-luxury,MG ZS III 1.5 L Hybrid+ 197 ch Luxury,occasion,SANS APPORT,Hybride,Automatique,12749,324,https://auto-dispo.cic-leasing.fr/leasing-voiture/mg/zs-iii/15-l-hybrid-197-ch-luxury-ves00451238?apport=sans
2026-09-15T14:43:18,ves00460210,seat,arona,10-tsi-115-ch-start-stop-dsg7-copa,SANS APPORT SEAT Arona 1.0 TSI 115 ch Start/Stop DSG7 Copa,,,Essence,Automatique,100,325,https://auto-dispo.cic-leasing.fr/leasing-voiture/seat/arona/10-tsi-115-ch-start-stop-dsg7-copa-ves00460210?apport=sans
2026-09-15T14:43:18,ves00453775,alfa-romeo,tonale,15-ibrida-160-ch-vgt-tct7-veloce,ALFA ROMEO Tonale 1.5 Ibrida 160 ch VGT TCT7 Veloce,occasion,SANS APPORT,Hybride,Automatique,15935,325,https://auto-dispo.cic-leasing.fr/leasing-voiture/alfa-romeo/tonale/15-ibrida-160-ch-vgt-tct7-veloce-ves00453775?apport=sans
2026-09-15T14:43:18,ves00459496,volkswagen,polo-vi,10-tsi-95-ss-dsg7-life,SANS APPORT VOLKSWAGEN Polo VI 1.0 TSI 95 S&S DSG7 Life,,,Essence,Automatique,10,325,https://auto-dispo.cic-leasing.fr/leasing-voiture/volkswagen/polo-vi/10-tsi-95-ss-dsg7-life-ves00459496?apport=sans
2026-09-15T14:43:18,ves00440788,citroen,c3-aircross-ii,turbo-100-ch-man-plus,SANS APPORT CITROEN C3 Aircross II Turbo 100 ch Man Plus,,,Essence,Manuelle,10,325,https://auto-dispo.cic-leasing.fr/leasing-voiture/citroen/c3-aircross-ii/turbo-100-ch-man-plus-ves00440788?apport=sans
2026-09-15T14:43:18,ves00427607,renault,captur-ii,tce-90-ch-techno,RENAULT Captur II TCe 90 ch Techno,occasion,SANS APPORT,Essence,Manuelle,15743,325,https://auto-dispo.cic-leasing.fr/leasing-voiture/renault/captur-ii/tce-90-ch-techno-ves00427607?apport=sans
2026-09-15T14:43:18,ves00460164,citroen,c4,hybride-145-ch-e-dcs6-plus,SANS APPORT CITROEN C4,,,Hybride,Automatique,10,325,https://auto-dispo.cic-leasing.fr/leasing-voiture/citroen/c4/hybride-145-ch-e-dcs6-plus-ves00460164?apport=sans
2026-09-15T14:43:18,ves00440786,citroen,c3-aircross-ii,turbo-100-ch-man-plus,SANS APPORT CITROEN C3 Aircross II Turbo 100 ch Man Plus,,,Essence,Manuelle,10,325,https://auto-dispo.cic-leasing.fr/leasing-voiture/citroen/c3-aircross-ii/turbo-100-ch-man-plus-ves00440786?apport=sans
2026-09-15T14:43:18,ves00441043,jeep,avenger,12-turbo-t3-100-ch-altitude,SANS APPORT JEEP Avenger 1.2 Turbo T3 100 ch Altitude,,,Essence,Manuelle,10,326,https://auto-dispo.cic-leasing.fr/leasing-voiture/jeep/avenger/12-turbo-t3-100-ch-altitude-ves00441043?apport=sans
2026-09-15T14:43:18,ves00461229,volkswagen,t-cross,10-tsi-116-start-stop-dsg7-r-line,VOLKSWAGEN T-CROSS 1.0 TSI 116 Start/Stop DSG7 R-Line,occasion,SANS APPORT,Essence,Automatique,11641,326,https://auto-dispo.cic-leasing.fr/leasing-voiture/volkswagen/t-cross/10-tsi-116-start-stop-dsg7-r-line-ves00461229?apport=sans
2026-09-15T14:43:18,ves00462164,peugeot,408,hybrid-145-e-dcs6-allure,PEUGEOT 408 Hybrid 145 e-DCS6 Allure,occasion,SANS APPORT,Hybride,Automatique,24914,326,https://auto-dispo.cic-leasing.fr/leasing-voiture/peugeot/408/hybrid-145-e-dcs6-allure-ves00462164?apport=sans
2026-09-15T14:43:18,ves00459884,renault,clio-vi-hybrid,tce-115-ch-techno,SANS APPORT RENAULT CLIO VI HYBRID TCe 115 ch Techno,,,Essence,Manuelle,100,326,https://auto-dispo.cic-leasing.fr/leasing-voiture/renault/clio-vi-hybrid/tce-115-ch-techno-ves00459884?apport=sans
2026-09-15T14:43:18,ves00454280,ds,ds3-ii,hybride-145-e-dct6-toile,DS DS3 II,occasion,SANS APPORT,Hybride,Automatique,18587,327,https://auto-dispo.cic-leasing.fr/leasing-voiture/ds/ds3-ii/hybride-145-e-dct6-toile-ves00454280?apport=sans
2026-09-15T14:43:18,ves00462266,peugeot,2008-ii,hybrid-145-e-dcs6-allure,SANS APPORT PEUGEOT 2008 II Hybrid 145 e-DCS6 Allure,,,Hybride,Automatique,10,327,https://auto-dispo.cic-leasing.fr/leasing-voiture/peugeot/2008-ii/hybrid-145-e-dcs6-allure-ves00462266?apport=sans
2026-09-15T14:43:18,ves00451242,mg,zs-iii,15-l-hybrid-197-ch-luxury,MG ZS III 1.5 L Hybrid+ 197 ch Luxury,occasion,SANS APPORT,Hybride,Automatique,19641,327,https://auto-dispo.cic-leasing.fr/leasing-voiture/mg/zs-iii/15-l-hybrid-197-ch-luxury-ves00451242?apport=sans
2026-09-15T14:43:18,ves00462655,citroen,c3-iv,turbo-100-ch-manuelle-max,SANS APPORT CITROEN C3 IV Turbo 100 ch Manuelle Max,,,Essence,Manuelle,10,327,https://auto-dispo.cic-leasing.fr/leasing-voiture/citroen/c3-iv/turbo-100-ch-manuelle-max-ves00462655?apport=sans
2026-09-15T14:43:18,ves00462937,fiat,600,t-gen-3-12-hybrid-110ch-edct6-la-prima,SANS APPORT FIAT 600 T-Gen 3 1.2 Hybrid 110ch eDCT6 La Prima,,,Hybride,Automatique,10,327,https://auto-dispo.cic-leasing.fr/leasing-voiture/fiat/600/t-gen-3-12-hybrid-110ch-edct6-la-prima-ves00462937?apport=sans
2026-09-15T14:43:18,ves00463062,opel,corsa-vi,12-turbo-hybrid-110-ch-autom-gs,OPEL Corsa VI 1.2 Turbo Hybrid 110 ch Autom GS,occasion,SANS APPORT,Hybride,Automatique,28168,328,https://auto-dispo.cic-leasing.fr/leasing-voiture/opel/corsa-vi/12-turbo-hybrid-110-ch-autom-gs-ves00463062?apport=sans
2026-09-15T14:43:18,ves00440766,citroen,c3-aircross-ii,turbo-100-ch-man-plus,SANS APPORT CITROEN C3 Aircross II Turbo 100 ch Man Plus,,,Essence,Manuelle,10,328,https://auto-dispo.cic-leasing.fr/leasing-voiture/citroen/c3-aircross-ii/turbo-100-ch-man-plus-ves00440766?apport=sans
2026-09-15T14:43:18,ves00457002,citroen,c4,hybride-136-e-dcs6-plus,CITROEN C4,occasion,SANS APPORT,Hybride,Automatique,9284,328,https://auto-dispo.cic-leasing.fr/leasing-voiture/citroen/c4/hybride-136-e-dcs6-plus-ves00457002?apport=sans
2026-09-15T14:43:18,ves00458319,citroen,c4,hybride-145-ch-e-dcs6-max,SANS APPORT CITROEN C4,,,Hybride,Automatique,10,328,https://auto-dispo.cic-leasing.fr/leasing-voiture/citroen/c4/hybride-145-ch-e-dcs6-max-ves00458319?apport=sans
2026-09-15T14:43:18,ves00461216,renault,captur-ii,tce-115-ch-techno,SANS APPORT RENAULT Captur II TCe 115 ch Techno,,,Essence,Manuelle,100,329,https://auto-dispo.cic-leasing.fr/leasing-voiture/renault/captur-ii/tce-115-ch-techno-ves00461216?apport=sans
2026-09-15T14:43:18,ves00461097,mg,zs-iii,15-l-hybrid-197-ch-luxury,MG ZS III 1.5 L Hybrid+ 197 ch Luxury,occasion,SANS APPORT,Hybride,Automatique,11758,329,https://auto-dispo.cic-leasing.fr/leasing-voiture/mg/zs-iii/15-l-hybrid-197-ch-luxury-ves00461097?apport=sans
2026-09-15T14:43:18,ves00457157,renault,clio-5,tce-90-ch-gsr2-esprit-alpine,SANS APPORT RENAULT Clio 5 TCe 90 ch GSR2 Esprit Alpine,,,Essence,Manuelle,10,329,https://auto-dispo.cic-leasing.fr/leasing-voiture/renault/clio-5/tce-90-ch-gsr2-esprit-alpine-ves00457157?apport=sans
2026-09-15T14:43:18,ves00434923,peugeot,408,hybrid-136-e-dcs6-allure,PEUGEOT 408 Hybrid 136 e-DCS6 Allure,occasion,SANS APPORT,Hybride,Automatique,17321,329,https://auto-dispo.cic-leasing.fr/leasing-voiture/peugeot/408/hybrid-136-e-dcs6-allure-ves00434923?apport=sans
2026-09-15T14:43:18,ves00459877,renault,clio-vi-hybrid,tce-115-ch-techno,SANS APPORT RENAULT CLIO VI HYBRID TCe 115 ch Techno,,,Essence,Manuelle,100,330,https://auto-dispo.cic-leasing.fr/leasing-voiture/renault/clio-vi-hybrid/tce-115-ch-techno-ves00459877?apport=sans
2026-09-15T14:43:18,ves00462548,citroen,c4,hybride-145-ch-e-dcs6-max,SANS APPORT CITROEN C4,,,Hybride,Automatique,10,331,https://auto-dispo.cic-leasing.fr/leasing-voiture/citroen/c4/hybride-145-ch-e-dcs6-max-ves00462548?apport=sans
2026-09-15T14:43:18,ves00457716,dacia,duster-iii,mild-hybrid-140-expression,SANS APPORT DACIA Duster III Mild Hybrid 140 Expression,,,Essence,Manuelle,10,331,https://auto-dispo.cic-leasing.fr/leasing-voiture/dacia/duster-iii/mild-hybrid-140-expression-ves00457716?apport=sans
2026-09-15T14:43:18,ves00459339,mg,zs-iii,15-l-hybrid-197-ch-luxury,SANS APPORT MG ZS III 1.5 L Hybrid+ 197 ch Luxury,,,Hybride,Automatique,10,331,https://auto-dispo.cic-leasing.fr/leasing-voiture/mg/zs-iii/15-l-hybrid-197-ch-luxury-ves00459339?apport=sans
2026-09-15T14:43:18,ves00458759,opel,corsa-vi,12-turbo-hybrid-110-ch-autom-gs,SANS APPORT OPEL Corsa VI 1.2 Turbo Hybrid 110 ch Autom GS,,,Hybride,Automatique,10,331,https://auto-dispo.cic-leasing.fr/leasing-voiture/opel/corsa-vi/12-turbo-hybrid-110-ch-autom-gs-ves00458759?apport=sans
2026-09-15T14:43:18,ves00450908,volkswagen,t-cross,10-tsi-116-start-stop-dsg7-life-plus,VOLKSWAGEN T-CROSS 1.0 TSI 116 Start/Stop DSG7 Life Plus,occasion,SANS APPORT,Essence,Automatique,22907,332,https://auto-dispo.cic-leasing.fr/leasing-voiture/volkswagen/t-cross/10-tsi-116-start-stop-dsg7-life-plus-ves00450908?apport=sans
2026-09-15T14:43:18,ves00462258,peugeot,2008-ii,hybrid-145-e-dcs6-allure,SANS APPORT PEUGEOT 2008 II Hybrid 145 e-DCS6 Allure,,,Hybride,Automatique,10,332,https://auto-dispo.cic-leasing.fr/leasing-voiture/peugeot/2008-ii/hybrid-145-e-dcs6-allure-ves00462258?apport=sans
2026-09-15T14:43:18,ves00458352,citroen,c4,hybride-145-ch-e-dcs6-max,SANS APPORT CITROEN C4,,,Hybride,Automatique,10,332,https://auto-dispo.cic-leasing.fr/leasing-voiture/citroen/c4/hybride-145-ch-e-dcs6-max-ves00458352?apport=sans
2026-09-15T14:43:18,ves00462256,peugeot,2008-ii,hybrid-145-e-dcs6-allure,SANS APPORT PEUGEOT 2008 II Hybrid 145 e-DCS6 Allure,,,Hybride,Automatique,10,332,https://auto-dispo.cic-leasing.fr/leasing-voiture/peugeot/2008-ii/hybrid-145-e-dcs6-allure-ves00462256?apport=sans
2026-09-15T14:43:18,ves00459924,citroen,c4,hybride-145-ch-e-dcs6-max,SANS APPORT CITROEN C4,,,Hybride,Automatique,10,332,https://auto-dispo.cic-leasing.fr/leasing-voiture/citroen/c4/hybride-145-ch-e-dcs6-max-ves00459924?apport=sans
2026-09-15T14:43:18,ves00458772,opel,corsa-vi,12-turbo-hybrid-110-ch-autom-gs,SANS APPORT OPEL Corsa VI 1.2 Turbo Hybrid 110 ch Autom GS,,,Hybride,Automatique,10,332,https://auto-dispo.cic-leasing.fr/leasing-voiture/opel/corsa-vi/12-turbo-hybrid-110-ch-autom-gs-ves00458772?apport=sans
2026-09-15T14:43:18,ves00442686,ds,ds4-ii,hybride-145-e-dct6-etoile-alcantara,DS DS4 II,occasion,SANS APPORT,Hybride,Automatique,22041,333,https://auto-dispo.cic-leasing.fr/leasing-voiture/ds/ds4-ii/hybride-145-e-dct6-etoile-alcantara-ves00442686?apport=sans
2026-09-15T14:43:18,ves00437379,renault,clio-5,tce-90-esprit-alpine,SANS APPORT RENAULT Clio 5 TCe 90 Esprit Alpine,,,Essence,Manuelle,10,333,https://auto-dispo.cic-leasing.fr/leasing-voiture/renault/clio-5/tce-90-esprit-alpine-ves00437379?apport=sans
2026-09-15T14:43:18,ves00458330,citroen,c4,hybride-145-ch-e-dcs6-max,SANS APPORT CITROEN C4,,,Hybride,Automatique,10,333,https://auto-dispo.cic-leasing.fr/leasing-voiture/citroen/c4/hybride-145-ch-e-dcs6-max-ves00458330?apport=sans
2026-09-15T14:43:18,ves00454284,ds,ds3-ii,hybride-145-e-dct6-toile,DS DS3 II,occasion,SANS APPORT,Hybride,Automatique,17207,334,https://auto-dispo.cic-leasing.fr/leasing-voiture/ds/ds3-ii/hybride-145-e-dct6-toile-ves00454284?apport=sans
2026-09-15T14:43:18,ves00462254,peugeot,2008-ii,hybrid-145-e-dcs6-allure,SANS APPORT PEUGEOT 2008 II Hybrid 145 e-DCS6 Allure,,,Hybride,Automatique,10,334,https://auto-dispo.cic-leasing.fr/leasing-voiture/peugeot/2008-ii/hybrid-145-e-dcs6-allure-ves00462254?apport=sans
2026-09-15T14:43:18,ves00462753,mg,zs-iii,15-l-hybrid-197-ch-comfort,SANS APPORT MG ZS III 1.5 L Hybrid+ 197 ch Comfort,,,Hybride,Automatique,10,334,https://auto-dispo.cic-leasing.fr/leasing-voiture/mg/zs-iii/15-l-hybrid-197-ch-comfort-ves00462753?apport=sans
2026-09-15T14:43:18,ves00458775,opel,corsa-vi,12-turbo-hybrid-110-ch-autom-gs,SANS APPORT OPEL Corsa VI 1.2 Turbo Hybrid 110 ch Autom GS,,,Hybride,Automatique,10,334,https://auto-dispo.cic-leasing.fr/leasing-voiture/opel/corsa-vi/12-turbo-hybrid-110-ch-autom-gs-ves00458775?apport=sans
2026-09-15T14:43:18,ves00462466,peugeot,2008-ii,hybrid-145-e-dcs6-allure,SANS APPORT PEUGEOT 2008 II Hybrid 145 e-DCS6 Allure,,,Hybride,Automatique,10,334,https://auto-dispo.cic-leasing.fr/leasing-voiture/peugeot/2008-ii/hybrid-145-e-dcs6-allure-ves00462466?apport=sans
2026-09-15T14:43:18,ves00453305,citroen,c4,hybride-145-ch-e-dcs6-max,SANS APPORT CITROEN C4,,,Hybride,Automatique,10,334,https://auto-dispo.cic-leasing.fr/leasing-voiture/citroen/c4/hybride-145-ch-e-dcs6-max-ves00453305?apport=sans
2026-09-15T14:43:18,ves00458332,citroen,c4,hybride-145-ch-e-dcs6-max,SANS APPORT CITROEN C4,,,Hybride,Automatique,10,335,https://auto-dispo.cic-leasing.fr/leasing-voiture/citroen/c4/hybride-145-ch-e-dcs6-max-ves00458332?apport=sans
2026-09-15T14:43:18,ves00458733,opel,corsa-vi,12-turbo-hybrid-110-ch-autom-gs,SANS APPORT OPEL Corsa VI 1.2 Turbo Hybrid 110 ch Autom GS,,,Hybride,Automatique,10,335,https://auto-dispo.cic-leasing.fr/leasing-voiture/opel/corsa-vi/12-turbo-hybrid-110-ch-autom-gs-ves00458733?apport=sans
2026-09-15T14:43:18,ves00461215,peugeot,408,hybrid-145-e-dcs6-allure,PEUGEOT 408 Hybrid 145 e-DCS6 Allure,occasion,SANS APPORT,Hybride,Automatique,29072,337,https://auto-dispo.cic-leasing.fr/leasing-voiture/peugeot/408/hybrid-145-e-dcs6-allure-ves00461215?apport=sans
2026-09-15T14:43:18,ves00451237,mg,zs-iii,15-l-hybrid-197-ch-luxury,MG ZS III 1.5 L Hybrid+ 197 ch Luxury,occasion,SANS APPORT,Hybride,Automatique,8527,337,https://auto-dispo.cic-leasing.fr/leasing-voiture/mg/zs-iii/15-l-hybrid-197-ch-luxury-ves00451237?apport=sans
2026-09-15T14:43:18,ves00458492,mg,zs-iii,15-l-hybrid-197-ch-comfort,SANS APPORT MG ZS III 1.5 L Hybrid+ 197 ch Comfort,,,Hybride,Automatique,10,338,https://auto-dispo.cic-leasing.fr/leasing-voiture/mg/zs-iii/15-l-hybrid-197-ch-comfort-ves00458492?apport=sans
2026-09-15T14:43:18,ves00462419,peugeot,208-ii,hybrid-110-e-dcs6-gt,SANS APPORT PEUGEOT 208 II Hybrid 110 e-DCS6 GT,,,Hybride,Automatique,10,338,https://auto-dispo.cic-leasing.fr/leasing-voiture/peugeot/208-ii/hybrid-110-e-dcs6-gt-ves00462419?apport=sans
2026-09-15T14:43:18,ves00412099,nissan,juke-ii,dig-t-114-dct7-n-connecta,SANS APPORT NISSAN Juke II DIG-T 114 DCT7 N-Connecta,,,Essence,Automatique,100,338,https://auto-dispo.cic-leasing.fr/leasing-voiture/nissan/juke-ii/dig-t-114-dct7-n-connecta-ves00412099?apport=sans
2026-09-15T14:43:18,ves00458342,citroen,c4,hybride-145-ch-e-dcs6-max,SANS APPORT CITROEN C4,,,Hybride,Automatique,10,338,https://auto-dispo.cic-leasing.fr/leasing-voiture/citroen/c4/hybride-145-ch-e-dcs6-max-ves00458342?apport=sans
2026-09-15T14:43:18,ves00457720,dacia,duster-iii,mild-hybrid-140-expression,SANS APPORT DACIA Duster III Mild Hybrid 140 Expression,,,Essence,Manuelle,10,338,https://auto-dispo.cic-leasing.fr/leasing-voiture/dacia/duster-iii/mild-hybrid-140-expression-ves00457720?apport=sans
2026-09-15T14:43:18,ves00442679,ds,ds4-ii,hybride-145-e-dct6-etoile-alcantara,DS DS4 II,occasion,SANS APPORT,Hybride,Automatique,25144,339,https://auto-dispo.cic-leasing.fr/leasing-voiture/ds/ds4-ii/hybride-145-e-dct6-etoile-alcantara-ves00442679?apport=sans
2026-09-15T14:43:18,ves00411883,nissan,juke-ii,dig-t-114-dct7-n-connecta,SANS APPORT NISSAN Juke II DIG-T 114 DCT7 N-Connecta,,,Essence,Automatique,100,339,https://auto-dispo.cic-leasing.fr/leasing-voiture/nissan/juke-ii/dig-t-114-dct7-n-connecta-ves00411883?apport=sans
2026-09-15T14:43:18,ves00449684,citroen,c4,hybride-145-ch-e-dcs6-max,CITROEN C4,occasion,SANS APPORT,Hybride,Automatique,2464,339,https://auto-dispo.cic-leasing.fr/leasing-voiture/citroen/c4/hybride-145-ch-e-dcs6-max-ves00449684?apport=sans
2026-09-15T14:43:18,ves00461198,citroen,c4,hybride-145-ch-e-dcs6-max,SANS APPORT CITROEN C4,,,Hybride,Automatique,10,339,https://auto-dispo.cic-leasing.fr/leasing-voiture/citroen/c4/hybride-145-ch-e-dcs6-max-ves00461198?apport=sans
2026-09-15T14:43:18,ves00455612,citroen,c4,hybride-145-ch-e-dcs6-plus,CITROEN C4,occasion,SANS APPORT,Hybride,Automatique,29019,340,https://auto-dispo.cic-leasing.fr/leasing-voiture/citroen/c4/hybride-145-ch-e-dcs6-plus-ves00455612?apport=sans
2026-09-15T14:43:18,ves00442680,ds,ds4-ii,hybride-145-e-dct6-etoile-alcantara,DS DS4 II,occasion,SANS APPORT,Hybride,Automatique,28134,340,https://auto-dispo.cic-leasing.fr/leasing-voiture/ds/ds4-ii/hybride-145-e-dct6-etoile-alcantara-ves00442680?apport=sans
2026-09-15T14:43:18,ves00451241,mg,zs-iii,15-l-hybrid-197-ch-luxury,MG ZS III 1.5 L Hybrid+ 197 ch Luxury,occasion,SANS APPORT,Hybride,Automatique,20353,340,https://auto-dispo.cic-leasing.fr/leasing-voiture/mg/zs-iii/15-l-hybrid-197-ch-luxury-ves00451241?apport=sans
2026-09-15T14:43:18,ves00460931,seat,leon-iv,15-etsi-hybrid-115-dsg7-business,SEAT Leon IV 1.5 eTSI Hybrid 115 DSG7 Business,occasion,SANS APPORT,Essence,Automatique,7884,340,https://auto-dispo.cic-leasing.fr/leasing-voiture/seat/leon-iv/15-etsi-hybrid-115-dsg7-business-ves00460931?apport=sans
2026-09-15T14:43:18,ves00455170,peugeot,408,hybrid-145-e-dcs6-allure,PEUGEOT 408 Hybrid 145 e-DCS6 Allure,occasion,SANS APPORT,Hybride,Automatique,22068,341,https://auto-dispo.cic-leasing.fr/leasing-voiture/peugeot/408/hybrid-145-e-dcs6-allure-ves00455170?apport=sans
2026-09-15T14:43:18,ves00449641,peugeot,308-sw-iii,hybrid-145-e-dcs6-allure,PEUGEOT 308 SW III Hybrid 145 e-DCS6 Allure,occasion,SANS APPORT,Essence,Automatique,9313,341,https://auto-dispo.cic-leasing.fr/leasing-voiture/peugeot/308-sw-iii/hybrid-145-e-dcs6-allure-ves00449641?apport=sans
2026-09-15T14:43:18,ves00453318,citroen,c4,hybride-145-ch-e-dcs6-max,SANS APPORT CITROEN C4,,,Hybride,Automatique,10,341,https://auto-dispo.cic-leasing.fr/leasing-voiture/citroen/c4/hybride-145-ch-e-dcs6-max-ves00453318?apport=sans
2026-09-15T14:43:18,ves00460749,citroen,c5-aircross,hybride-145-e-dcs6-plus,CITROEN C5 AIRCROSS,occasion,SANS APPORT,Hybride,Automatique,13417,341,https://auto-dispo.cic-leasing.fr/leasing-voiture/citroen/c5-aircross/hybride-145-e-dcs6-plus-ves00460749?apport=sans
2026-09-15T14:43:18,ves00458009,mg,mg3,15-l-hybrid-195-ch-luxury,SANS APPORT MG MG3 1.5 L Hybrid+ 195 ch Luxury,,,Hybride,Automatique,10,341,https://auto-dispo.cic-leasing.fr/leasing-voiture/mg/mg3/15-l-hybrid-195-ch-luxury-ves00458009?apport=sans
2026-09-15T14:43:18,ves00453302,citroen,c4,hybride-145-ch-e-dcs6-max,SANS APPORT CITROEN C4,,,Hybride,Automatique,10,342,https://auto-dispo.cic-leasing.fr/leasing-voiture/citroen/c4/hybride-145-ch-e-dcs6-max-ves00453302?apport=sans
2026-09-15T14:43:18,ves00435504,peugeot,408,hybrid-136-e-dcs6-allure,PEUGEOT 408 Hybrid 136 e-DCS6 Allure,occasion,SANS APPORT,Hybride,Automatique,28147,342,https://auto-dispo.cic-leasing.fr/leasing-voiture/peugeot/408/hybrid-136-e-dcs6-allure-ves00435504?apport=sans
2026-09-15T14:43:18,ves00460730,citroen,c5-aircross,hybride-145-e-dcs6-plus,CITROEN C5 AIRCROSS,occasion,SANS APPORT,Hybride,Automatique,13557,342,https://auto-dispo.cic-leasing.fr/leasing-voiture/citroen/c5-aircross/hybride-145-e-dcs6-plus-ves00460730?apport=sans
2026-09-15T14:43:18,ves00460296,peugeot,408,hybrid-145-e-dcs6-allure,PEUGEOT 408 Hybrid 145 e-DCS6 Allure,occasion,SANS APPORT,Hybride,Automatique,28099,342,https://auto-dispo.cic-leasing.fr/leasing-voiture/peugeot/408/hybrid-145-e-dcs6-allure-ves00460296?apport=sans
2026-09-15T14:43:18,ves00461857,peugeot,408,hybrid-145-e-dcs6-allure,PEUGEOT 408 Hybrid 145 e-DCS6 Allure,occasion,SANS APPORT,Hybride,Automatique,27747,342,https://auto-dispo.cic-leasing.fr/leasing-voiture/peugeot/408/hybrid-145-e-dcs6-allure-ves00461857?apport=sans
2026-09-15T14:43:18,ves00459052,mg,mg3,15-l-hybrid-195-ch-luxury,SANS APPORT MG MG3 1.5 L Hybrid+ 195 ch Luxury,,,Hybride,Automatique,10,343,https://auto-dispo.cic-leasing.fr/leasing-voiture/mg/mg3/15-l-hybrid-195-ch-luxury-ves00459052?apport=sans
2026-09-15T14:43:18,ves00457109,citroen,c3-aircross-ii,hybride-145-ch-aut-max,SANS APPORT CITROEN C3 Aircross II,,,Hybride,Automatique,10,343,https://auto-dispo.cic-leasing.fr/leasing-voiture/citroen/c3-aircross-ii/hybride-145-ch-aut-max-ves00457109?apport=sans
2026-09-15T14:43:18,ves00461095,mg,zs-iii,15-l-hybrid-197-ch-luxury,MG ZS III 1.5 L Hybrid+ 197 ch Luxury,occasion,SANS APPORT,Hybride,Automatique,13538,343,https://auto-dispo.cic-leasing.fr/leasing-voiture/mg/zs-iii/15-l-hybrid-197-ch-luxury-ves00461095?apport=sans
2026-09-15T14:43:18,ves00459259,dacia,bigster,mild-hybrid-140-journey,SANS APPORT DACIA Bigster Mild Hybrid 140 Journey,,,Essence,Manuelle,100,343,https://auto-dispo.cic-leasing.fr/leasing-voiture/dacia/bigster/mild-hybrid-140-journey-ves00459259?apport=sans
2026-09-15T14:43:18,ves00461007,peugeot,2008-ii,hybrid-145-e-dcs6-allure,SANS APPORT PEUGEOT 2008 II Hybrid 145 e-DCS6 Allure,,,Hybride,Automatique,10,343,https://auto-dispo.cic-leasing.fr/leasing-voiture/peugeot/2008-ii/hybrid-145-e-dcs6-allure-ves00461007?apport=sans
2026-09-15T14:43:18,ves00457144,peugeot,408,hybrid-145-e-dcs6-allure,PEUGEOT 408 Hybrid 145 e-DCS6 Allure,occasion,SANS APPORT,Hybride,Automatique,23708,343,https://auto-dispo.cic-leasing.fr/leasing-voiture/peugeot/408/hybrid-145-e-dcs6-allure-ves00457144?apport=sans
2026-09-15T14:43:18,ves00463174,citroen,c3-aircross-ii,hybride-145-ch-aut-max,SANS APPORT CITROEN C3 Aircross II,,,Hybride,Automatique,10,344,https://auto-dispo.cic-leasing.fr/leasing-voiture/citroen/c3-aircross-ii/hybride-145-ch-aut-max-ves00463174?apport=sans
2026-09-15T14:43:18,ves00450378,citroen,c4,hybride-145-ch-e-dcs6-max,SANS APPORT CITROEN C4,,,Hybride,Automatique,10,344,https://auto-dispo.cic-leasing.fr/leasing-voiture/citroen/c4/hybride-145-ch-e-dcs6-max-ves00450378?apport=sans
2026-09-15T14:43:18,ves00449688,citroen,c4,hybride-145-ch-e-dcs6-max,CITROEN C4,occasion,SANS APPORT,Hybride,Automatique,3140,344,https://auto-dispo.cic-leasing.fr/leasing-voiture/citroen/c4/hybride-145-ch-e-dcs6-max-ves00449688?apport=sans
2026-09-15T14:43:18,ves00458787,opel,corsa-vi,12-turbo-hybrid-110-ch-autom-gs,SANS APPORT OPEL Corsa VI 1.2 Turbo Hybrid 110 ch Autom GS,,,Hybride,Automatique,10,344,https://auto-dispo.cic-leasing.fr/leasing-voiture/opel/corsa-vi/12-turbo-hybrid-110-ch-autom-gs-ves00458787?apport=sans
2026-09-15T14:43:18,ves00457356,dacia,bigster,mild-hybrid-140-journey,SANS APPORT DACIA Bigster Mild Hybrid 140 Journey,,,Essence,Manuelle,100,344,https://auto-dispo.cic-leasing.fr/leasing-voiture/dacia/bigster/mild-hybrid-140-journey-ves00457356?apport=sans
2026-09-15T14:43:18,ves00454807,mg,mg3,15-l-hybrid-195-ch-luxury,SANS APPORT MG MG3 1.5 L Hybrid+ 195 ch Luxury,,,Hybride,Automatique,10,344,https://auto-dispo.cic-leasing.fr/leasing-voiture/mg/mg3/15-l-hybrid-195-ch-luxury-ves00454807?apport=sans
2026-09-15T14:43:18,ves00461002,peugeot,2008-ii,hybrid-145-e-dcs6-allure,SANS APPORT PEUGEOT 2008 II Hybrid 145 e-DCS6 Allure,,,Hybride,Automatique,10,344,https://auto-dispo.cic-leasing.fr/leasing-voiture/peugeot/2008-ii/hybrid-145-e-dcs6-allure-ves00461002?apport=sans
2026-09-15T14:43:18,ves00457108,citroen,c3-aircross-ii,hybride-145-ch-aut-max,SANS APPORT CITROEN C3 Aircross II,,,Hybride,Automatique,10,345,https://auto-dispo.cic-leasing.fr/leasing-voiture/citroen/c3-aircross-ii/hybride-145-ch-aut-max-ves00457108?apport=sans
2026-09-15T14:43:18,ves00460723,citroen,c5-aircross,hybride-145-e-dcs6-plus,CITROEN C5 AIRCROSS,occasion,SANS APPORT,Hybride,Automatique,18031,345,https://auto-dispo.cic-leasing.fr/leasing-voiture/citroen/c5-aircross/hybride-145-e-dcs6-plus-ves00460723?apport=sans
2026-09-15T14:43:18,ves00457353,dacia,bigster,mild-hybrid-140-journey,SANS APPORT DACIA Bigster Mild Hybrid 140 Journey,,,Essence,Manuelle,128,345,https://auto-dispo.cic-leasing.fr/leasing-voiture/dacia/bigster/mild-hybrid-140-journey-ves00457353?apport=sans
2026-09-15T14:43:18,ves00449646,peugeot,308-sw-iii,hybrid-145-e-dcs6-allure,PEUGEOT 308 SW III Hybrid 145 e-DCS6 Allure,occasion,SANS APPORT,Essence,Automatique,18889,345,https://auto-dispo.cic-leasing.fr/leasing-voiture/peugeot/308-sw-iii/hybrid-145-e-dcs6-allure-ves00449646?apport=sans
2026-09-15T14:43:18,ves00457350,dacia,bigster,mild-hybrid-140-journey,SANS APPORT DACIA Bigster Mild Hybrid 140 Journey,,,Essence,Manuelle,100,345,https://auto-dispo.cic-leasing.fr/leasing-voiture/dacia/bigster/mild-hybrid-140-journey-ves00457350?apport=sans
2026-09-15T14:43:18,ves00460719,citroen,c5-aircross,hybride-145-e-dcs6-plus,CITROEN C5 AIRCROSS,occasion,SANS APPORT,Hybride,Automatique,17477,345,https://auto-dispo.cic-leasing.fr/leasing-voiture/citroen/c5-aircross/hybride-145-e-dcs6-plus-ves00460719?apport=sans
2026-09-15T14:43:18,ves00459428,mg,zs-iii,15-l-hybrid-197-ch-luxury,SANS APPORT MG ZS III 1.5 L Hybrid+ 197 ch Luxury,,,Hybride,Automatique,10,345,https://auto-dispo.cic-leasing.fr/leasing-voiture/mg/zs-iii/15-l-hybrid-197-ch-luxury-ves00459428?apport=sans
2026-09-15T14:43:18,ves00459091,mg,mg3,15-l-hybrid-195-ch-luxury,SANS APPORT MG MG3 1.5 L Hybrid+ 195 ch Luxury,,,Hybride,Automatique,10,346,https://auto-dispo.cic-leasing.fr/leasing-voiture/mg/mg3/15-l-hybrid-195-ch-luxury-ves00459091?apport=sans
2026-09-15T14:43:18,ves00460743,citroen,c5-aircross,hybride-145-e-dcs6-plus,CITROEN C5 AIRCROSS,occasion,SANS APPORT,Hybride,Automatique,18097,346,https://auto-dispo.cic-leasing.fr/leasing-voiture/citroen/c5-aircross/hybride-145-e-dcs6-plus-ves00460743?apport=sans
2026-09-15T14:43:18,ves00456709,volkswagen,golf-viii-sw,15-etsi-evo2-116-dsg7-life-plus,VOLKSWAGEN Golf VIII SW 1.5 eTSI EVO2 116 DSG7 Life Plus,occasion,SANS APPORT,Essence,Automatique,8898,346,https://auto-dispo.cic-leasing.fr/leasing-voiture/volkswagen/golf-viii-sw/15-etsi-evo2-116-dsg7-life-plus-ves00456709?apport=sans
2026-09-15T14:43:18,ves00454874,fiat,600,t-gen-3-12-hybrid-145ch-edct6-sport,SANS APPORT FIAT 600 T-Gen 3 1.2 Hybrid 145ch eDCT6 Sport,,,Hybride,Automatique,10,346,https://auto-dispo.cic-leasing.fr/leasing-voiture/fiat/600/t-gen-3-12-hybrid-145ch-edct6-sport-ves00454874?apport=sans
2026-09-15T14:43:18,ves00460733,citroen,c5-aircross,hybride-145-e-dcs6-plus,CITROEN C5 AIRCROSS,occasion,SANS APPORT,Hybride,Automatique,18658,346,https://auto-dispo.cic-leasing.fr/leasing-voiture/citroen/c5-aircross/hybride-145-e-dcs6-plus-ves00460733?apport=sans
2026-09-15T14:43:18,ves00460758,citroen,c5-aircross,hybride-145-e-dcs6-plus,CITROEN C5 AIRCROSS,occasion,SANS APPORT,Hybride,Automatique,19572,346,https://auto-dispo.cic-leasing.fr/leasing-voiture/citroen/c5-aircross/hybride-145-e-dcs6-plus-ves00460758?apport=sans
2026-09-15T14:43:18,ves00462444,peugeot,308-sw-iii,hybrid-136-e-dcs6-allure,PEUGEOT 308 SW III Hybrid 136 e-DCS6 Allure,occasion,SANS APPORT,Hybride,Automatique,14347,347,https://auto-dispo.cic-leasing.fr/leasing-voiture/peugeot/308-sw-iii/hybrid-136-e-dcs6-allure-ves00462444?apport=sans
2026-09-15T14:43:18,ves00463169,citroen,c3-aircross-ii,hybride-145-ch-aut-max,SANS APPORT CITROEN C3 Aircross II,,,Hybride,Automatique,10,348,https://auto-dispo.cic-leasing.fr/leasing-voiture/citroen/c3-aircross-ii/hybride-145-ch-aut-max-ves00463169?apport=sans
2026-09-15T14:43:18,ves00462262,peugeot,2008-ii,hybrid-145-e-dcs6-allure,SANS APPORT PEUGEOT 2008 II Hybrid 145 e-DCS6 Allure,,,Hybride,Automatique,10,348,https://auto-dispo.cic-leasing.fr/leasing-voiture/peugeot/2008-ii/hybrid-145-e-dcs6-allure-ves00462262?apport=sans
2026-09-15T14:43:18,ves00462363,citroen,c4,hybride-145-ch-e-dcs6-business,SANS APPORT CITROEN C4,,,Hybride,Automatique,10,348,https://auto-dispo.cic-leasing.fr/leasing-voiture/citroen/c4/hybride-145-ch-e-dcs6-business-ves00462363?apport=sans
2026-09-15T14:43:18,ves00454160,opel,frontera-electrique,electric-113-ch-batterie-44-kwh-gs,OPEL Frontera,occasion,SANS APPORT,Electrique,Automatique,2096,348,https://auto-dispo.cic-leasing.fr/leasing-voiture/opel/frontera-electrique/electric-113-ch-batterie-44-kwh-gs-ves00454160?apport=sans
2026-09-15T14:43:18,ves00451824,fiat,600,t-gen-3-12-hybrid-145ch-edct6-sport,SANS APPORT FIAT 600 T-Gen 3 1.2 Hybrid 145ch eDCT6 Sport,,,Hybride,Automatique,10,348,https://auto-dispo.cic-leasing.fr/leasing-voiture/fiat/600/t-gen-3-12-hybrid-145ch-edct6-sport-ves00451824?apport=sans
2026-09-15T14:43:18,ves00460746,citroen,c5-aircross,hybride-145-e-dcs6-plus,CITROEN C5 AIRCROSS,occasion,SANS APPORT,Hybride,Automatique,16716,348,https://auto-dispo.cic-leasing.fr/leasing-voiture/citroen/c5-aircross/hybride-145-e-dcs6-plus-ves00460746?apport=sans
2026-09-15T14:43:18,ves00434998,peugeot,2008-ii,hybrid-145-e-dcs6-style,SANS APPORT PEUGEOT 2008 II Hybrid 145 e-DCS6 Style,,,Hybride,Automatique,10,348,https://auto-dispo.cic-leasing.fr/leasing-voiture/peugeot/2008-ii/hybrid-145-e-dcs6-style-ves00434998?apport=sans
2026-09-15T14:43:18,ves00463171,citroen,c3-aircross-ii,hybride-145-ch-aut-max,SANS APPORT CITROEN C3 Aircross II,,,Hybride,Automatique,10,349,https://auto-dispo.cic-leasing.fr/leasing-voiture/citroen/c3-aircross-ii/hybride-145-ch-aut-max-ves00463171?apport=sans
2026-09-15T14:43:18,ves00452841,dacia,duster-iii,mild-hybrid-130-extreme,DACIA Duster III Mild Hybrid 130 Extreme,occasion,SANS APPORT,Hybride,Manuelle,16849,349,https://auto-dispo.cic-leasing.fr/leasing-voiture/dacia/duster-iii/mild-hybrid-130-extreme-ves00452841?apport=sans
2026-09-15T14:43:18,ves00453770,alfa-romeo,tonale,15-ibrida-160-ch-vgt-tct7-veloce,ALFA ROMEO Tonale 1.5 Ibrida 160 ch VGT TCT7 Veloce,occasion,SANS APPORT,Hybride,Automatique,15897,349,https://auto-dispo.cic-leasing.fr/leasing-voiture/alfa-romeo/tonale/15-ibrida-160-ch-vgt-tct7-veloce-ves00453770?apport=sans
2026-09-15T14:43:18,ves00429165,volkswagen,t-cross,10-tsi-95-start-stop-bvm5-life,SANS APPORT VOLKSWAGEN T-CROSS 1.0 TSI 95 Start/Stop BVM5 Life,,,Essence,Manuelle,10,349,https://auto-dispo.cic-leasing.fr/leasing-voiture/volkswagen/t-cross/10-tsi-95-start-stop-bvm5-life-ves00429165?apport=sans
2026-09-15T14:43:18,ves00424304,citroen,c3-aircross-ii,hybride-145-ch-aut-max,SANS APPORT CITROEN C3 Aircross II,,,Hybride,Automatique,10,350,https://auto-dispo.cic-leasing.fr/leasing-voiture/citroen/c3-aircross-ii/hybride-145-ch-aut-max-ves00424304?apport=sans
2026-09-15T14:43:18,ves00457673,mg,zs-iii,15-l-hybrid-197-ch-luxury,SANS APPORT MG ZS III 1.5 L Hybrid+ 197 ch Luxury,,,Hybride,Automatique,100,350,https://auto-dispo.cic-leasing.fr/leasing-voiture/mg/zs-iii/15-l-hybrid-197-ch-luxury-ves00457673?apport=sans
2026-09-15T14:43:18,ves00460740,citroen,c5-aircross,hybride-145-e-dcs6-plus,CITROEN C5 AIRCROSS,occasion,SANS APPORT,Hybride,Automatique,20859,350,https://auto-dispo.cic-leasing.fr/leasing-voiture/citroen/c5-aircross/hybride-145-e-dcs6-plus-ves00460740?apport=sans
2026-09-15T14:43:18,ves00453008,citroen,c5-aircross,hybride-136-e-dcs6-max,CITROEN C5 AIRCROSS,occasion,SANS APPORT,Hybride,Automatique,26332,350,https://auto-dispo.cic-leasing.fr/leasing-voiture/citroen/c5-aircross/hybride-136-e-dcs6-max-ves00453008?apport=sans
2026-09-15T14:43:18,ves00453137,citroen,c5-aircross,hybride-145-e-dcs6-max,CITROEN C5 AIRCROSS,occasion,SANS APPORT,Hybride,Automatique,29536,350,https://auto-dispo.cic-leasing.fr/leasing-voiture/citroen/c5-aircross/hybride-145-e-dcs6-max-ves00453137?apport=sans
2026-09-15T14:43:18,ves00460760,citroen,c5-aircross,hybride-145-e-dcs6-plus,CITROEN C5 AIRCROSS,occasion,SANS APPORT,Hybride,Automatique,20137,351,https://auto-dispo.cic-leasing.fr/leasing-voiture/citroen/c5-aircross/hybride-145-e-dcs6-plus-ves00460760?apport=sans
2026-09-15T14:43:18,ves00462333,citroen,c4,hybride-145-ch-e-dcs6-business,SANS APPORT CITROEN C4,,,Hybride,Automatique,10,351,https://auto-dispo.cic-leasing.fr/leasing-voiture/citroen/c4/hybride-145-ch-e-dcs6-business-ves00462333?apport=sans
2026-09-15T14:43:18,ves00459857,peugeot,408,hybrid-145-e-dcs6-allure,PEUGEOT 408 Hybrid 145 e-DCS6 Allure,occasion,SANS APPORT,Hybride,Automatique,20802,351,https://auto-dispo.cic-leasing.fr/leasing-voiture/peugeot/408/hybrid-145-e-dcs6-allure-ves00459857?apport=sans
2026-09-15T14:43:18,ves00453052,peugeot,408,hybrid-145-e-dcs6-allure,PEUGEOT 408 Hybrid 145 e-DCS6 Allure,occasion,SANS APPORT,Hybride,Automatique,20864,351,https://auto-dispo.cic-leasing.fr/leasing-voiture/peugeot/408/hybrid-145-e-dcs6-allure-ves00453052?apport=sans
2026-09-15T14:43:18,ves00460738,citroen,c5-aircross,hybride-145-e-dcs6-plus,CITROEN C5 AIRCROSS,occasion,SANS APPORT,Hybride,Automatique,20418,351,https://auto-dispo.cic-leasing.fr/leasing-voiture/citroen/c5-aircross/hybride-145-e-dcs6-plus-ves00460738?apport=sans
2026-09-15T14:43:18,ves00460726,citroen,c5-aircross,hybride-145-e-dcs6-plus,CITROEN C5 AIRCROSS,occasion,SANS APPORT,Hybride,Automatique,21401,351,https://auto-dispo.cic-leasing.fr/leasing-voiture/citroen/c5-aircross/hybride-145-e-dcs6-plus-ves00460726?apport=sans
2026-09-15T14:43:18,ves00461094,mg,zs-iii,15-l-hybrid-197-ch-luxury,MG ZS III 1.5 L Hybrid+ 197 ch Luxury,occasion,SANS APPORT,Hybride,Automatique,16065,351,https://auto-dispo.cic-leasing.fr/leasing-voiture/mg/zs-iii/15-l-hybrid-197-ch-luxury-ves00461094?apport=sans
2026-09-15T14:43:18,ves00449660,peugeot,2008-ii,hybrid-136-e-dcs6-allure,PEUGEOT 2008 II Hybrid 136 e-DCS6 Allure,occasion,SANS APPORT,Hybride,Automatique,28245,351,https://auto-dispo.cic-leasing.fr/leasing-voiture/peugeot/2008-ii/hybrid-136-e-dcs6-allure-ves00449660?apport=sans
2026-09-15T14:43:18,ves00462748,citroen,c3-aircross-ii,hybride-145-ch-aut-max,SANS APPORT CITROEN C3 Aircross II,,,Hybride,Automatique,100,351,https://auto-dispo.cic-leasing.fr/leasing-voiture/citroen/c3-aircross-ii/hybride-145-ch-aut-max-ves00462748?apport=sans
2026-09-15T14:43:18,ves00453769,alfa-romeo,tonale,15-ibrida-160-ch-vgt-tct7-veloce,ALFA ROMEO Tonale 1.5 Ibrida 160 ch VGT TCT7 Veloce,occasion,SANS APPORT,Hybride,Automatique,15312,352,https://auto-dispo.cic-leasing.fr/leasing-voiture/alfa-romeo/tonale/15-ibrida-160-ch-vgt-tct7-veloce-ves00453769?apport=sans
2026-09-15T14:43:18,ves00462191,lancia,ypsilon,elettrica-156ch-lx,LANCIA YPSILON Elettrica 156ch LX,occasion,SANS APPORT,Electrique,Automatique,502,352,https://auto-dispo.cic-leasing.fr/leasing-voiture/lancia/ypsilon/elettrica-156ch-lx-ves00462191?apport=sans
2026-09-15T14:43:18,ves00462417,citroen,c4,hybride-145-ch-e-dcs6-business,SANS APPORT CITROEN C4,,,Hybride,Automatique,10,352,https://auto-dispo.cic-leasing.fr/leasing-voiture/citroen/c4/hybride-145-ch-e-dcs6-business-ves00462417?apport=sans
2026-09-15T14:43:18,ves00455609,ds,ds4-ii,hybride-136-e-dct6-etoile-alcantara,DS DS4 II,occasion,SANS APPORT,Hybride,Automatique,829,352,https://auto-dispo.cic-leasing.fr/leasing-voiture/ds/ds4-ii/hybride-136-e-dct6-etoile-alcantara-ves00455609?apport=sans
2026-09-15T14:43:18,ves00454262,citroen,c3-aircross-ii,hybride-145-ch-aut-max,SANS APPORT CITROEN C3 Aircross II,,,Hybride,Automatique,10,352,https://auto-dispo.cic-leasing.fr/leasing-voiture/citroen/c3-aircross-ii/hybride-145-ch-aut-max-ves00454262?apport=sans
2026-09-15T14:43:18,ves00458788,opel,corsa-vi,12-turbo-hybrid-110-ch-autom-gs,SANS APPORT OPEL Corsa VI 1.2 Turbo Hybrid 110 ch Autom GS,,,Hybride,Automatique,10,352,https://auto-dispo.cic-leasing.fr/leasing-voiture/opel/corsa-vi/12-turbo-hybrid-110-ch-autom-gs-ves00458788?apport=sans
2026-09-15T14:43:18,ves00459055,citroen,c4,hybride-145-ch-e-dcs6-business,SANS APPORT CITROEN C4,,,Hybride,Automatique,10,352,https://auto-dispo.cic-leasing.fr/leasing-voiture/citroen/c4/hybride-145-ch-e-dcs6-business-ves00459055?apport=sans
2026-09-15T14:43:18,ves00460731,citroen,c5-aircross,hybride-145-e-dcs6-plus,CITROEN C5 AIRCROSS,occasion,SANS APPORT,Hybride,Automatique,20595,353,https://auto-dispo.cic-leasing.fr/leasing-voiture/citroen/c5-aircross/hybride-145-e-dcs6-plus-ves00460731?apport=sans
2026-09-15T14:43:18,ves00460755,citroen,c5-aircross,hybride-145-e-dcs6-plus,CITROEN C5 AIRCROSS,occasion,SANS APPORT,Hybride,Automatique,21068,353,https://auto-dispo.cic-leasing.fr/leasing-voiture/citroen/c5-aircross/hybride-145-e-dcs6-plus-ves00460755?apport=sans
2026-09-15T14:43:18,ves00462196,lancia,ypsilon,elettrica-156ch-lx,SANS APPORT LANCIA YPSILON Elettrica 156ch LX,,,Electrique,Automatique,290,353,https://auto-dispo.cic-leasing.fr/leasing-voiture/lancia/ypsilon/elettrica-156ch-lx-ves00462196?apport=sans
2026-09-15T14:43:18,ves00460741,citroen,c5-aircross,hybride-145-e-dcs6-plus,CITROEN C5 AIRCROSS,occasion,SANS APPORT,Hybride,Automatique,21000,353,https://auto-dispo.cic-leasing.fr/leasing-voiture/citroen/c5-aircross/hybride-145-e-dcs6-plus-ves00460741?apport=sans
2026-09-15T14:43:18,ves00454491,citroen,c3-aircross-ii,hybride-145-ch-aut-max,SANS APPORT CITROEN C3 Aircross II,,,Hybride,Automatique,10,353,https://auto-dispo.cic-leasing.fr/leasing-voiture/citroen/c3-aircross-ii/hybride-145-ch-aut-max-ves00454491?apport=sans
2026-09-15T14:43:18,ves00459039,citroen,c4,hybride-145-ch-e-dcs6-business,SANS APPORT CITROEN C4,,,Hybride,Automatique,10,353,https://auto-dispo.cic-leasing.fr/leasing-voiture/citroen/c4/hybride-145-ch-e-dcs6-business-ves00459039?apport=sans
2026-09-15T14:43:18,ves00456151,mg,zs-iii,15-l-hybrid-197-ch-luxury,SANS APPORT MG ZS III 1.5 L Hybrid+ 197 ch Luxury,,,Hybride,Automatique,10,354,https://auto-dispo.cic-leasing.fr/leasing-voiture/mg/zs-iii/15-l-hybrid-197-ch-luxury-ves00456151?apport=sans
2026-09-15T14:43:18,ves00454163,opel,frontera-electrique,electric-113-ch-batterie-44-kwh-gs,OPEL Frontera,occasion,SANS APPORT,Electrique,Automatique,2869,354,https://auto-dispo.cic-leasing.fr/leasing-voiture/opel/frontera-electrique/electric-113-ch-batterie-44-kwh-gs-ves00454163?apport=sans
2026-09-15T14:43:18,ves00454159,opel,frontera-electrique,electric-113-ch-batterie-44-kwh-gs,OPEL Frontera,occasion,SANS APPORT,Electrique,Automatique,3332,354,https://auto-dispo.cic-leasing.fr/leasing-voiture/opel/frontera-electrique/electric-113-ch-batterie-44-kwh-gs-ves00454159?apport=sans
2026-09-15T14:43:18,ves00440352,citroen,c3-aircross-ii,hybride-145-ch-aut-max,SANS APPORT CITROEN C3 Aircross II,,,Hybride,Automatique,10,354,https://auto-dispo.cic-leasing.fr/leasing-voiture/citroen/c3-aircross-ii/hybride-145-ch-aut-max-ves00440352?apport=sans
2026-09-15T14:43:18,ves00456767,opel,frontera-electrique,electric-113-ch-batterie-44-kwh-gs,OPEL Frontera,occasion,SANS APPORT,Electrique,Automatique,12131,354,https://auto-dispo.cic-leasing.fr/leasing-voiture/opel/frontera-electrique/electric-113-ch-batterie-44-kwh-gs-ves00456767?apport=sans
2026-09-15T14:43:18,ves00462192,lancia,ypsilon,elettrica-156ch-lx,LANCIA YPSILON Elettrica 156ch LX,occasion,SANS APPORT,Electrique,Automatique,836,355,https://auto-dispo.cic-leasing.fr/leasing-voiture/lancia/ypsilon/elettrica-156ch-lx-ves00462192?apport=sans
2026-09-15T14:43:18,ves00456589,peugeot,2008-ii,hybrid-110-e-dcs6-allure,SANS APPORT PEUGEOT 2008 II Hybrid 110 e-DCS6 Allure,,,Hybride,Automatique,10,355,https://auto-dispo.cic-leasing.fr/leasing-voiture/peugeot/2008-ii/hybrid-110-e-dcs6-allure-ves00456589?apport=sans
2026-09-15T14:43:18,ves00442517,hyundai,bayon,10-t-gdi-100-dct-7-intuitive,SANS APPORT HYUNDAI Bayon 1.0 T-GDi 100 DCT-7 Intuitive,,,Essence,Automatique,10,355,https://auto-dispo.cic-leasing.fr/leasing-voiture/hyundai/bayon/10-t-gdi-100-dct-7-intuitive-ves00442517?apport=sans
2026-09-15T14:43:18,ves00453773,alfa-romeo,tonale,15-ibrida-160-ch-vgt-tct7-veloce,ALFA ROMEO Tonale 1.5 Ibrida 160 ch VGT TCT7 Veloce,occasion,SANS APPORT,Hybride,Automatique,16386,355,https://auto-dispo.cic-leasing.fr/leasing-voiture/alfa-romeo/tonale/15-ibrida-160-ch-vgt-tct7-veloce-ves00453773?apport=sans
2026-09-15T14:43:18,ves00459044,citroen,c4,hybride-145-ch-e-dcs6-business,SANS APPORT CITROEN C4,,,Hybride,Automatique,10,355,https://auto-dispo.cic-leasing.fr/leasing-voiture/citroen/c4/hybride-145-ch-e-dcs6-business-ves00459044?apport=sans
2026-09-15T14:43:18,ves00456365,opel,frontera-electrique,electric-113-ch-batterie-44-kwh-gs,OPEL Frontera,occasion,SANS APPORT,Electrique,Automatique,12986,356,https://auto-dispo.cic-leasing.fr/leasing-voiture/opel/frontera-electrique/electric-113-ch-batterie-44-kwh-gs-ves00456365?apport=sans
2026-09-15T14:43:18,ves00453774,alfa-romeo,tonale,15-ibrida-160-ch-vgt-tct7-veloce,ALFA ROMEO Tonale 1.5 Ibrida 160 ch VGT TCT7 Veloce,occasion,SANS APPORT,Hybride,Automatique,16560,356,https://auto-dispo.cic-leasing.fr/leasing-voiture/alfa-romeo/tonale/15-ibrida-160-ch-vgt-tct7-veloce-ves00453774?apport=sans
2026-09-15T14:43:18,ves00453722,volkswagen,taigo,10-tsi-116-dsg7-r-line,VOLKSWAGEN Taigo 1.0 TSI 116 DSG7 R-Line,occasion,SANS APPORT,Essence,Automatique,8292,356,https://auto-dispo.cic-leasing.fr/leasing-voiture/volkswagen/taigo/10-tsi-116-dsg7-r-line-ves00453722?apport=sans
2026-09-15T14:43:18,ves00459756,jeep,avenger,12-turbo-t3-110-ch-e-hybrid-bvr6-summit,SANS APPORT JEEP Avenger 1.2 Turbo T3 110 ch e-Hybrid BVR6 Summit,,,Essence,Automatique,10,356,https://auto-dispo.cic-leasing.fr/leasing-voiture/jeep/avenger/12-turbo-t3-110-ch-e-hybrid-bvr6-summit-ves00459756?apport=sans
2026-09-15T14:43:18,ves00453720,volkswagen,taigo,10-tsi-116-dsg7-r-line,VOLKSWAGEN Taigo 1.0 TSI 116 DSG7 R-Line,occasion,SANS APPORT,Essence,Automatique,9766,356,https://auto-dispo.cic-leasing.fr/leasing-voiture/volkswagen/taigo/10-tsi-116-dsg7-r-line-ves00453720?apport=sans
2026-09-15T14:43:18,ves00456436,mg,zs-iii,15-l-hybrid-197-ch-luxury,SANS APPORT MG ZS III 1.5 L Hybrid+ 197 ch Luxury,,,Hybride,Automatique,10,356,https://auto-dispo.cic-leasing.fr/leasing-voiture/mg/zs-iii/15-l-hybrid-197-ch-luxury-ves00456436?apport=sans
2026-09-15T14:43:18,ves00453728,volkswagen,taigo,10-tsi-116-dsg7-r-line,VOLKSWAGEN Taigo 1.0 TSI 116 DSG7 R-Line,occasion,SANS APPORT,Essence,Automatique,9818,357,https://auto-dispo.cic-leasing.fr/leasing-voiture/volkswagen/taigo/10-tsi-116-dsg7-r-line-ves00453728?apport=sans
2026-09-15T14:43:18,ves00454162,opel,frontera-electrique,electric-113-ch-batterie-44-kwh-gs,OPEL Frontera,occasion,SANS APPORT,Electrique,Automatique,4997,357,https://auto-dispo.cic-leasing.fr/leasing-voiture/opel/frontera-electrique/electric-113-ch-batterie-44-kwh-gs-ves00454162?apport=sans
2026-09-15T14:43:18,ves00457434,volkswagen,t-cross,10-tsi-95-start-stop-bvm5-life,SANS APPORT VOLKSWAGEN T-CROSS 1.0 TSI 95 Start/Stop BVM5 Life,,,Essence,Manuelle,100,358,https://auto-dispo.cic-leasing.fr/leasing-voiture/volkswagen/t-cross/10-tsi-95-start-stop-bvm5-life-ves00457434?apport=sans
2026-09-15T14:43:18,ves00458443,citroen,c3-aircross-ii,hybride-145-ch-aut-max,SANS APPORT CITROEN C3 Aircross II,,,Hybride,Automatique,10,358,https://auto-dispo.cic-leasing.fr/leasing-voiture/citroen/c3-aircross-ii/hybride-145-ch-aut-max-ves00458443?apport=sans
2026-09-15T14:43:18,ves00440343,citroen,c3-aircross-ii,hybride-145-ch-aut-max,SANS APPORT CITROEN C3 Aircross II,,,Hybride,Automatique,10,358,https://auto-dispo.cic-leasing.fr/leasing-voiture/citroen/c3-aircross-ii/hybride-145-ch-aut-max-ves00440343?apport=sans
2026-09-15T14:43:18,ves00456420,mg,zs-iii,15-l-hybrid-197-ch-luxury,SANS APPORT MG ZS III 1.5 L Hybrid+ 197 ch Luxury,,,Hybride,Automatique,10,358,https://auto-dispo.cic-leasing.fr/leasing-voiture/mg/zs-iii/15-l-hybrid-197-ch-luxury-ves00456420?apport=sans
2026-09-15T14:43:18,ves00454674,citroen,c4,hybride-145-ch-e-dcs6-max,SANS APPORT CITROEN C4,,,Hybride,Automatique,10,358,https://auto-dispo.cic-leasing.fr/leasing-voiture/citroen/c4/hybride-145-ch-e-dcs6-max-ves00454674?apport=sans
2026-09-15T14:43:18,ves00452305,citroen,c3-aircross-ii,hybride-145-ch-aut-max,SANS APPORT CITROEN C3 Aircross II,,,Hybride,Automatique,10,359,https://auto-dispo.cic-leasing.fr/leasing-voiture/citroen/c3-aircross-ii/hybride-145-ch-aut-max-ves00452305?apport=sans
2026-09-15T14:43:18,ves00462575,renault,symbioz,mild-hybrid-140-ch-techno,SANS APPORT RENAULT Symbioz mild hybrid 140 ch Techno,,,Hybride,Manuelle,10,359,https://auto-dispo.cic-leasing.fr/leasing-voiture/renault/symbioz/mild-hybrid-140-ch-techno-ves00462575?apport=sans
2026-09-15T14:43:18,ves00457822,volkswagen,t-cross,10-tsi-95-start-stop-bvm5-life,SANS APPORT VOLKSWAGEN T-CROSS 1.0 TSI 95 Start/Stop BVM5 Life,,,Essence,Manuelle,100,359,https://auto-dispo.cic-leasing.fr/leasing-voiture/volkswagen/t-cross/10-tsi-95-start-stop-bvm5-life-ves00457822?apport=sans
2026-09-15T14:43:18,ves00456261,citroen,c5-aircross,hybride-145-e-dcs6-max,CITROEN C5 AIRCROSS,occasion,SANS APPORT,Hybride,Automatique,23365,359,https://auto-dispo.cic-leasing.fr/leasing-voiture/citroen/c5-aircross/hybride-145-e-dcs6-max-ves00456261?apport=sans
2026-09-15T14:43:18,ves00410425,nissan,juke-ii,dig-t-114-dct7-n-connecta,SANS APPORT NISSAN Juke II DIG-T 114 DCT7 N-Connecta,,,Essence,Automatique,100,360,https://auto-dispo.cic-leasing.fr/leasing-voiture/nissan/juke-ii/dig-t-114-dct7-n-connecta-ves00410425?apport=sans
2026-09-15T14:43:18,ves00458455,volkswagen,taigo,10-tsi-116-dsg7-r-line,VOLKSWAGEN Taigo 1.0 TSI 116 DSG7 R-Line,occasion,SANS APPORT,Essence,Automatique,10676,360,https://auto-dispo.cic-leasing.fr/leasing-voiture/volkswagen/taigo/10-tsi-116-dsg7-r-line-ves00458455?apport=sans
2026-09-15T14:43:18,ves00453719,volkswagen,taigo,10-tsi-116-dsg7-r-line,VOLKSWAGEN Taigo 1.0 TSI 116 DSG7 R-Line,occasion,SANS APPORT,Essence,Automatique,10261,360,https://auto-dispo.cic-leasing.fr/leasing-voiture/volkswagen/taigo/10-tsi-116-dsg7-r-line-ves00453719?apport=sans
2026-09-15T14:43:18,ves00441258,jeep,renegade,15-turbo-t4-130-ch-bvr7-e-hybrid-altitude,JEEP Renegade 1.5 Turbo T4 130 ch BVR7 e-Hybrid Altitude,occasion,SANS APPORT,Essence,Automatique,20459,360,https://auto-dispo.cic-leasing.fr/leasing-voiture/jeep/renegade/15-turbo-t4-130-ch-bvr7-e-hybrid-altitude-ves00441258?apport=sans
2026-09-15T14:43:18,ves00453739,volkswagen,taigo,10-tsi-116-dsg7-r-line,VOLKSWAGEN Taigo 1.0 TSI 116 DSG7 R-Line,occasion,SANS APPORT,Essence,Automatique,10779,361,https://auto-dispo.cic-leasing.fr/leasing-voiture/volkswagen/taigo/10-tsi-116-dsg7-r-line-ves00453739?apport=sans
2026-09-15T14:43:18,ves00451260,citroen,c3-aircross-ii,hybride-145-ch-aut-max,SANS APPORT CITROEN C3 Aircross II,,,Hybride,Automatique,10,361,https://auto-dispo.cic-leasing.fr/leasing-voiture/citroen/c3-aircross-ii/hybride-145-ch-aut-max-ves00451260?apport=sans
2026-09-15T14:43:18,ves00454650,citroen,c4,hybride-145-ch-e-dcs6-max,SANS APPORT CITROEN C4,,,Hybride,Automatique,10,361,https://auto-dispo.cic-leasing.fr/leasing-voiture/citroen/c4/hybride-145-ch-e-dcs6-max-ves00454650?apport=sans
2026-09-15T14:43:18,ves00453741,volkswagen,taigo,10-tsi-116-dsg7-r-line,VOLKSWAGEN Taigo 1.0 TSI 116 DSG7 R-Line,occasion,SANS APPORT,Essence,Automatique,11590,361,https://auto-dispo.cic-leasing.fr/leasing-voiture/volkswagen/taigo/10-tsi-116-dsg7-r-line-ves00453741?apport=sans
2026-09-15T14:43:18,ves00461533,mg,zs-iii,15-l-hybrid-197-ch-luxury,SANS APPORT MG ZS III 1.5 L Hybrid+ 197 ch Luxury,,,Hybride,Automatique,10,361,https://auto-dispo.cic-leasing.fr/leasing-voiture/mg/zs-iii/15-l-hybrid-197-ch-luxury-ves00461533?apport=sans
2026-09-15T14:43:18,ves00458449,volkswagen,taigo,10-tsi-116-dsg7-r-line,VOLKSWAGEN Taigo 1.0 TSI 116 DSG7 R-Line,occasion,SANS APPORT,Essence,Automatique,11572,361,https://auto-dispo.cic-leasing.fr/leasing-voiture/volkswagen/taigo/10-tsi-116-dsg7-r-line-ves00458449?apport=sans
2026-09-15T14:43:18,ves00453723,volkswagen,taigo,10-tsi-116-dsg7-r-line,VOLKSWAGEN Taigo 1.0 TSI 116 DSG7 R-Line,occasion,SANS APPORT,Essence,Automatique,11685,361,https://auto-dispo.cic-leasing.fr/leasing-voiture/volkswagen/taigo/10-tsi-116-dsg7-r-line-ves00453723?apport=sans
2026-09-15T14:43:18,ves00451647,peugeot,308-sw-iii,hybrid-145-e-dcs6-allure,PEUGEOT 308 SW III Hybrid 145 e-DCS6 Allure,occasion,SANS APPORT,Hybride,Automatique,8827,361,https://auto-dispo.cic-leasing.fr/leasing-voiture/peugeot/308-sw-iii/hybrid-145-e-dcs6-allure-ves00451647?apport=sans
2026-09-15T14:43:18,ves00454158,opel,frontera-electrique,electric-113-ch-batterie-44-kwh-gs,OPEL Frontera,occasion,SANS APPORT,Electrique,Automatique,4525,362,https://auto-dispo.cic-leasing.fr/leasing-voiture/opel/frontera-electrique/electric-113-ch-batterie-44-kwh-gs-ves00454158?apport=sans
2026-09-15T14:43:18,ves00447889,volkswagen,taigo,10-tsi-116-dsg7-r-line,VOLKSWAGEN Taigo 1.0 TSI 116 DSG7 R-Line,occasion,SANS APPORT,Essence,Automatique,13100,362,https://auto-dispo.cic-leasing.fr/leasing-voiture/volkswagen/taigo/10-tsi-116-dsg7-r-line-ves00447889?apport=sans
2026-09-15T14:43:18,ves00462464,nissan,juke-ii,hybrid-143-n-connecta,SANS APPORT NISSAN Juke II HYBRID 143 N-Connecta,,,Hybride,Automatique,100,362,https://auto-dispo.cic-leasing.fr/leasing-voiture/nissan/juke-ii/hybrid-143-n-connecta-ves00462464?apport=sans
2026-09-15T14:43:18,ves00449730,ds,ds4-ii,bluehdi-130-eat8-etoile-cuir-nappa,DS DS4 II BlueHDi 130 EAT8 Etoile - Cuir Nappa,occasion,SANS APPORT,Diesel,Automatique,4509,362,https://auto-dispo.cic-leasing.fr/leasing-voiture/ds/ds4-ii/bluehdi-130-eat8-etoile-cuir-nappa-ves00449730?apport=sans
2026-09-15T14:43:18,ves00462458,nissan,juke-ii,hybrid-143-n-connecta,SANS APPORT NISSAN Juke II HYBRID 143 N-Connecta,,,Hybride,Automatique,100,363,https://auto-dispo.cic-leasing.fr/leasing-voiture/nissan/juke-ii/hybrid-143-n-connecta-ves00462458?apport=sans
2026-09-15T14:43:18,ves00449938,mg,zs-iii,15-l-hybrid-197-ch-luxury,SANS APPORT MG ZS III 1.5 L Hybrid+ 197 ch Luxury,,,Hybride,Automatique,10,363,https://auto-dispo.cic-leasing.fr/leasing-voiture/mg/zs-iii/15-l-hybrid-197-ch-luxury-ves00449938?apport=sans
2026-09-15T14:43:18,ves00458619,renault,symbioz,e-tech-full-hybrid-145-esprit-alpine,RENAULT Symbioz E-Tech full hybrid 145 Esprit Alpine,occasion,SANS APPORT,Hybride,Automatique,29367,363,https://auto-dispo.cic-leasing.fr/leasing-voiture/renault/symbioz/e-tech-full-hybrid-145-esprit-alpine-ves00458619?apport=sans
2026-09-15T14:43:18,ves00460167,citroen,c5-aircross,hybride-145-e-dcs6-max,CITROEN C5 AIRCROSS,occasion,SANS APPORT,Hybride,Automatique,18854,363,https://auto-dispo.cic-leasing.fr/leasing-voiture/citroen/c5-aircross/hybride-145-e-dcs6-max-ves00460167?apport=sans
2026-09-15T14:43:18,ves00462461,nissan,juke-ii,hybrid-143-n-connecta,SANS APPORT NISSAN Juke II HYBRID 143 N-Connecta,,,Hybride,Automatique,100,363,https://auto-dispo.cic-leasing.fr/leasing-voiture/nissan/juke-ii/hybrid-143-n-connecta-ves00462461?apport=sans
2026-09-15T14:43:18,ves00455837,peugeot,2008-ii,hybrid-145-e-dcs6-allure,SANS APPORT PEUGEOT 2008 II Hybrid 145 e-DCS6 Allure,,,Hybride,Automatique,10,364,https://auto-dispo.cic-leasing.fr/leasing-voiture/peugeot/2008-ii/hybrid-145-e-dcs6-allure-ves00455837?apport=sans
2026-09-15T14:43:18,ves00455445,citroen,e-c3-aircross-ii,113-autonomie-confort-max,CITROEN e-C3 Aircross II 113 autonomie confort Max,occasion,SANS APPORT,Electrique,Automatique,13580,364,https://auto-dispo.cic-leasing.fr/leasing-voiture/citroen/e-c3-aircross-ii/113-autonomie-confort-max-ves00455445?apport=sans
2026-09-15T14:43:18,ves00451186,citroen,e-c3-aircross-ii,113-autonomie-confort-max,CITROEN e-C3 Aircross II 113 autonomie confort Max,occasion,SANS APPORT,Electrique,Automatique,15982,364,https://auto-dispo.cic-leasing.fr/leasing-voiture/citroen/e-c3-aircross-ii/113-autonomie-confort-max-ves00451186?apport=sans
2026-09-15T14:43:18,ves00453136,citroen,c5-aircross,hybride-145-e-dcs6-max,CITROEN C5 AIRCROSS,occasion,SANS APPORT,Hybride,Automatique,28060,364,https://auto-dispo.cic-leasing.fr/leasing-voiture/citroen/c5-aircross/hybride-145-e-dcs6-max-ves00453136?apport=sans
2026-09-15T14:43:18,ves00452425,nissan,juke-ii,hybrid-143-n-connecta,SANS APPORT NISSAN Juke II HYBRID 143 N-Connecta,,,Hybride,Automatique,100,364,https://auto-dispo.cic-leasing.fr/leasing-voiture/nissan/juke-ii/hybrid-143-n-connecta-ves00452425?apport=sans
2026-09-15T14:43:18,ves00455222,peugeot,308-sw-iii,hybrid-145-e-dcs6-allure,PEUGEOT 308 SW III Hybrid 145 e-DCS6 Allure,occasion,SANS APPORT,Hybride,Automatique,17836,365,https://auto-dispo.cic-leasing.fr/leasing-voiture/peugeot/308-sw-iii/hybrid-145-e-dcs6-allure-ves00455222?apport=sans
2026-09-15T14:43:18,ves00452434,nissan,juke-ii,hybrid-143-n-connecta,SANS APPORT NISSAN Juke II HYBRID 143 N-Connecta,,,Hybride,Automatique,100,365,https://auto-dispo.cic-leasing.fr/leasing-voiture/nissan/juke-ii/hybrid-143-n-connecta-ves00452434?apport=sans
2026-09-15T14:43:18,ves00459518,citroen,c5-aircross,hybride-145-e-dcs6-max,CITROEN C5 AIRCROSS,occasion,SANS APPORT,Hybride,Automatique,27719,365,https://auto-dispo.cic-leasing.fr/leasing-voiture/citroen/c5-aircross/hybride-145-e-dcs6-max-ves00459518?apport=sans
2026-09-15T14:43:18,ves00455492,mg,ehs-ii,15-hybrid-224-ch-luxury,SANS APPORT MG EHS II 1.5 Hybrid+ 224 ch Luxury,,,Hybride,Automatique,100,365,https://auto-dispo.cic-leasing.fr/leasing-voiture/mg/ehs-ii/15-hybrid-224-ch-luxury-ves00455492?apport=sans
2026-09-15T14:43:18,ves00461693,citroen,c5-aircross,hybride-145-e-dcs6-max,CITROEN C5 AIRCROSS,occasion,SANS APPORT,Hybride,Automatique,27212,365,https://auto-dispo.cic-leasing.fr/leasing-voiture/citroen/c5-aircross/hybride-145-e-dcs6-max-ves00461693?apport=sans
2026-09-15T14:43:18,ves00454651,citroen,c4,hybride-145-ch-e-dcs6-max,SANS APPORT CITROEN C4,,,Hybride,Automatique,10,366,https://auto-dispo.cic-leasing.fr/leasing-voiture/citroen/c4/hybride-145-ch-e-dcs6-max-ves00454651?apport=sans
2026-09-15T14:43:18,ves00462462,nissan,juke-ii,hybrid-143-n-connecta,SANS APPORT NISSAN Juke II HYBRID 143 N-Connecta,,,Hybride,Automatique,100,366,https://auto-dispo.cic-leasing.fr/leasing-voiture/nissan/juke-ii/hybrid-143-n-connecta-ves00462462?apport=sans
2026-09-15T14:43:18,ves00457345,dacia,bigster,mild-hybrid-140-journey,SANS APPORT DACIA Bigster Mild Hybrid 140 Journey,,,Essence,Manuelle,100,366,https://auto-dispo.cic-leasing.fr/leasing-voiture/dacia/bigster/mild-hybrid-140-journey-ves00457345?apport=sans
2026-09-15T14:43:18,ves00461537,renault,captur-ii,tce-115-ch-techno,SANS APPORT RENAULT Captur II TCe 115 ch Techno,,,Essence,Manuelle,10,366,https://auto-dispo.cic-leasing.fr/leasing-voiture/renault/captur-ii/tce-115-ch-techno-ves00461537?apport=sans
2026-09-15T14:43:18,ves00449751,peugeot,2008-ii,hybrid-136-e-dcs6-gt,PEUGEOT 2008 II Hybrid 136 e-DCS6 GT,occasion,SANS APPORT,Hybride,Automatique,14355,366,https://auto-dispo.cic-leasing.fr/leasing-voiture/peugeot/2008-ii/hybrid-136-e-dcs6-gt-ves00449751?apport=sans
2026-09-15T14:43:18,ves00458989,nissan,juke-ii,hybrid-143-n-connecta,SANS APPORT NISSAN Juke II HYBRID 143 N-Connecta,,,Hybride,Automatique,100,367,https://auto-dispo.cic-leasing.fr/leasing-voiture/nissan/juke-ii/hybrid-143-n-connecta-ves00458989?apport=sans
2026-09-15T14:43:18,ves00446177,renault,clio-5,blue-dci-100-ch-gsr2-evolution,RENAULT Clio 5 Blue dCi 100 ch GSR2 Evolution,occasion,SANS APPORT,Diesel,Manuelle,18879,367,https://auto-dispo.cic-leasing.fr/leasing-voiture/renault/clio-5/blue-dci-100-ch-gsr2-evolution-ves00446177?apport=sans
2026-09-15T14:43:18,ves00446056,renault,clio-5,blue-dci-100-ch-gsr2-evolution,RENAULT Clio 5 Blue dCi 100 ch GSR2 Evolution,occasion,SANS APPORT,Diesel,Manuelle,17006,367,https://auto-dispo.cic-leasing.fr/leasing-voiture/renault/clio-5/blue-dci-100-ch-gsr2-evolution-ves00446056?apport=sans
2026-09-15T14:43:18,ves00410827,renault,clio-5,blue-dci-100-ch-gsr2-evolution,SANS APPORT RENAULT Clio 5 Blue dCi 100 ch GSR2 Evolution,,,Diesel,Manuelle,10,367,https://auto-dispo.cic-leasing.fr/leasing-voiture/renault/clio-5/blue-dci-100-ch-gsr2-evolution-ves00410827?apport=sans
2026-09-15T14:43:18,ves00449557,jeep,avenger,12-turbo-t3-110-ch-e-hybrid-bvr6-altitude,JEEP Avenger 1.2 Turbo T3 110 ch e-Hybrid BVR6 Altitude,occasion,SANS APPORT,Essence,Automatique,24716,367,https://auto-dispo.cic-leasing.fr/leasing-voiture/jeep/avenger/12-turbo-t3-110-ch-e-hybrid-bvr6-altitude-ves00449557?apport=sans
2026-09-15T14:43:18,ves00448046,peugeot,2008-ii,hybrid-145-e-dcs6-allure,SANS APPORT PEUGEOT 2008 II Hybrid 145 e-DCS6 Allure,,,Hybride,Automatique,10,367,https://auto-dispo.cic-leasing.fr/leasing-voiture/peugeot/2008-ii/hybrid-145-e-dcs6-allure-ves00448046?apport=sans
2026-09-15T14:43:18,ves00449114,volkswagen,taigo,10-tsi-116-dsg7-r-line,VOLKSWAGEN Taigo 1.0 TSI 116 DSG7 R-Line,occasion,SANS APPORT,Essence,Automatique,16290,367,https://auto-dispo.cic-leasing.fr/leasing-voiture/volkswagen/taigo/10-tsi-116-dsg7-r-line-ves00449114?apport=sans
2026-09-15T14:43:18,ves00461042,toyota,yaris-cross,130h-2wd-design,SANS APPORT TOYOTA Yaris Cross 130h 2WD Design,,,Hybride,Automatique,10,367,https://auto-dispo.cic-leasing.fr/leasing-voiture/toyota/yaris-cross/130h-2wd-design-ves00461042?apport=sans
2026-09-15T14:43:18,ves00412698,skoda,kamiq,10-tsi-evo-2-116-ch-dsg7-selection,SANS APPORT SKODA Kamiq 1.0 TSI Evo 2 116 ch DSG7 Selection,,,Essence,Automatique,10,368,https://auto-dispo.cic-leasing.fr/leasing-voiture/skoda/kamiq/10-tsi-evo-2-116-ch-dsg7-selection-ves00412698?apport=sans
2026-09-15T14:43:18,ves00424554,citroen,c4,hybride-145-ch-e-dcs6-max,SANS APPORT CITROEN C4,,,Hybride,Automatique,10,368,https://auto-dispo.cic-leasing.fr/leasing-voiture/citroen/c4/hybride-145-ch-e-dcs6-max-ves00424554?apport=sans
2026-09-15T14:43:18,ves00462738,alfa-romeo,tonale,15-ibrida-160-ch-vgt-tct7-veloce,ALFA ROMEO Tonale 1.5 Ibrida 160 ch VGT TCT7 Veloce,occasion,SANS APPORT,Hybride,Automatique,19625,368,https://auto-dispo.cic-leasing.fr/leasing-voiture/alfa-romeo/tonale/15-ibrida-160-ch-vgt-tct7-veloce-ves00462738?apport=sans
2026-09-15T14:43:18,ves00446200,renault,clio-5,blue-dci-100-ch-gsr2-evolution,RENAULT Clio 5 Blue dCi 100 ch GSR2 Evolution,occasion,SANS APPORT,Diesel,Manuelle,19731,368,https://auto-dispo.cic-leasing.fr/leasing-voiture/renault/clio-5/blue-dci-100-ch-gsr2-evolution-ves00446200?apport=sans
2026-09-15T14:43:18,ves00454755,peugeot,308-sw-iii,hybrid-145-e-dcs6-allure,PEUGEOT 308 SW III Hybrid 145 e-DCS6 Allure,occasion,SANS APPORT,Hybride,Automatique,19870,369,https://auto-dispo.cic-leasing.fr/leasing-voiture/peugeot/308-sw-iii/hybrid-145-e-dcs6-allure-ves00454755?apport=sans
2026-09-15T14:43:18,ves00446186,renault,clio-5,blue-dci-100-ch-gsr2-evolution,RENAULT Clio 5 Blue dCi 100 ch GSR2 Evolution,occasion,SANS APPORT,Diesel,Manuelle,21305,369,https://auto-dispo.cic-leasing.fr/leasing-voiture/renault/clio-5/blue-dci-100-ch-gsr2-evolution-ves00446186?apport=sans
2026-09-15T14:43:18,ves00459935,citroen,c5-aircross,145-ch-e-dcs6-plus,SANS APPORT CITROEN C5 AIRCROSS 145 ch e-DCS6 Plus,,,Essence,Automatique,10,369,https://auto-dispo.cic-leasing.fr/leasing-voiture/citroen/c5-aircross/145-ch-e-dcs6-plus-ves00459935?apport=sans
2026-09-15T14:43:18,ves00432585,renault,clio-5,tce-90-techno,SANS APPORT RENAULT Clio 5 TCe 90 Techno,,,Essence,Manuelle,10,369,https://auto-dispo.cic-leasing.fr/leasing-voiture/renault/clio-5/tce-90-techno-ves00432585?apport=sans
2026-09-15T14:43:18,ves00462983,mg,zs-iii,15-l-hybrid-197-ch-luxury,SANS APPORT MG ZS III 1.5 L Hybrid+ 197 ch Luxury,,,Hybride,Automatique,10,369,https://auto-dispo.cic-leasing.fr/leasing-voiture/mg/zs-iii/15-l-hybrid-197-ch-luxury-ves00462983?apport=sans
2026-09-15T14:43:18,ves00456578,peugeot,2008-ii,hybrid-145-e-dcs6-allure,SANS APPORT PEUGEOT 2008 II Hybrid 145 e-DCS6 Allure,,,Hybride,Automatique,10,369,https://auto-dispo.cic-leasing.fr/leasing-voiture/peugeot/2008-ii/hybrid-145-e-dcs6-allure-ves00456578?apport=sans
2026-09-15T14:43:18,ves00440361,citroen,c3-aircross-ii,hybride-145-ch-aut-max,SANS APPORT CITROEN C3 Aircross II,,,Hybride,Automatique,10,369,https://auto-dispo.cic-leasing.fr/leasing-voiture/citroen/c3-aircross-ii/hybride-145-ch-aut-max-ves00440361?apport=sans
2026-09-15T14:43:18,ves00458995,nissan,juke-ii,hybrid-143-n-connecta,SANS APPORT NISSAN Juke II HYBRID 143 N-Connecta,,,Hybride,Automatique,100,369,https://auto-dispo.cic-leasing.fr/leasing-voiture/nissan/juke-ii/hybrid-143-n-connecta-ves00458995?apport=sans
2026-09-15T14:43:18,ves00446184,citroen,c4,hybride-145-ch-e-dcs6-business,SANS APPORT CITROEN C4,,,Hybride,Automatique,10,370,https://auto-dispo.cic-leasing.fr/leasing-voiture/citroen/c4/hybride-145-ch-e-dcs6-business-ves00446184?apport=sans
2026-09-15T14:43:18,ves00445765,peugeot,3008-iii,hybrid-145-e-dcs6-allure,PEUGEOT 3008 III Hybrid 145 e-DCS6 Allure,occasion,SANS APPORT,Hybride,Automatique,1293,370,https://auto-dispo.cic-leasing.fr/leasing-voiture/peugeot/3008-iii/hybrid-145-e-dcs6-allure-ves00445765?apport=sans
2026-09-15T14:43:18,ves00443293,peugeot,3008-iii,hybrid-145-e-dcs6-allure,PEUGEOT 3008 III Hybrid 145 e-DCS6 Allure,occasion,SANS APPORT,Hybride,Automatique,24329,370,https://auto-dispo.cic-leasing.fr/leasing-voiture/peugeot/3008-iii/hybrid-145-e-dcs6-allure-ves00443293?apport=sans
2026-09-15T14:43:18,ves00452349,alfa-romeo,junior-electrique,elettrica-156-ch-,ALFA ROMEO Junior,occasion,SANS APPORT,Electrique,Automatique,5489,370,https://auto-dispo.cic-leasing.fr/leasing-voiture/alfa-romeo/junior-electrique/elettrica-156-ch--ves00452349?apport=sans
2026-09-15T14:43:18,ves00410491,skoda,kamiq,10-tsi-evo-2-116-ch-dsg7-selection,SANS APPORT SKODA Kamiq 1.0 TSI Evo 2 116 ch DSG7 Selection,,,Essence,Automatique,150,370,https://auto-dispo.cic-leasing.fr/leasing-voiture/skoda/kamiq/10-tsi-evo-2-116-ch-dsg7-selection-ves00410491?apport=sans
2026-09-15T14:43:18,ves00446216,renault,clio-5,blue-dci-100-ch-gsr2-evolution,RENAULT Clio 5 Blue dCi 100 ch GSR2 Evolution,occasion,SANS APPORT,Diesel,Manuelle,21116,370,https://auto-dispo.cic-leasing.fr/leasing-voiture/renault/clio-5/blue-dci-100-ch-gsr2-evolution-ves00446216?apport=sans
2026-09-15T14:43:18,ves00463114,toyota,yaris-cross,130h-2wd-design,SANS APPORT TOYOTA Yaris Cross 130h 2WD Design,,,Hybride,Automatique,10,370,https://auto-dispo.cic-leasing.fr/leasing-voiture/toyota/yaris-cross/130h-2wd-design-ves00463114?apport=sans
2026-09-15T14:43:18,ves00446218,renault,clio-5,blue-dci-100-ch-gsr2-evolution,RENAULT Clio 5 Blue dCi 100 ch GSR2 Evolution,occasion,SANS APPORT,Diesel,Manuelle,21735,370,https://auto-dispo.cic-leasing.fr/leasing-voiture/renault/clio-5/blue-dci-100-ch-gsr2-evolution-ves00446218?apport=sans
2026-09-15T14:43:18,ves00443292,peugeot,3008-iii,hybrid-145-e-dcs6-allure,PEUGEOT 3008 III Hybrid 145 e-DCS6 Allure,occasion,SANS APPORT,Hybride,Automatique,23689,370,https://auto-dispo.cic-leasing.fr/leasing-voiture/peugeot/3008-iii/hybrid-145-e-dcs6-allure-ves00443292?apport=sans
2026-09-15T14:43:18,ves00457124,jeep,avenger,12-turbo-t3-110-ch-e-hybrid-bvr6-summit,SANS APPORT JEEP Avenger 1.2 Turbo T3 110 ch e-Hybrid BVR6 Summit,,,Essence,Automatique,10,370,https://auto-dispo.cic-leasing.fr/leasing-voiture/jeep/avenger/12-turbo-t3-110-ch-e-hybrid-bvr6-summit-ves00457124?apport=sans
2026-09-15T14:43:18,ves00446054,renault,clio-5,blue-dci-100-ch-gsr2-evolution,RENAULT Clio 5 Blue dCi 100 ch GSR2 Evolution,occasion,SANS APPORT,Diesel,Manuelle,23350,371,https://auto-dispo.cic-leasing.fr/leasing-voiture/renault/clio-5/blue-dci-100-ch-gsr2-evolution-ves00446054?apport=sans
2026-09-15T14:43:18,ves00410389,skoda,kamiq,10-tsi-evo-2-116-ch-dsg7-selection,SANS APPORT SKODA Kamiq 1.0 TSI Evo 2 116 ch DSG7 Selection,,,Essence,Automatique,10,371,https://auto-dispo.cic-leasing.fr/leasing-voiture/skoda/kamiq/10-tsi-evo-2-116-ch-dsg7-selection-ves00410389?apport=sans
2026-09-15T14:43:18,ves00455221,peugeot,308-sw-iii,hybrid-145-e-dcs6-allure,PEUGEOT 308 SW III Hybrid 145 e-DCS6 Allure,occasion,SANS APPORT,Hybride,Automatique,19380,371,https://auto-dispo.cic-leasing.fr/leasing-voiture/peugeot/308-sw-iii/hybrid-145-e-dcs6-allure-ves00455221?apport=sans
2026-09-15T14:43:18,ves00451510,renault,clio-5,blue-dci-100-ch-gsr2-evolution,RENAULT Clio 5 Blue dCi 100 ch GSR2 Evolution,occasion,SANS APPORT,Diesel,Manuelle,21000,371,https://auto-dispo.cic-leasing.fr/leasing-voiture/renault/clio-5/blue-dci-100-ch-gsr2-evolution-ves00451510?apport=sans
2026-09-15T14:43:18,ves00454554,mg,zs-iii,15-l-hybrid-197-ch-luxury,SANS APPORT MG ZS III 1.5 L Hybrid+ 197 ch Luxury,,,Hybride,Automatique,10,371,https://auto-dispo.cic-leasing.fr/leasing-voiture/mg/zs-iii/15-l-hybrid-197-ch-luxury-ves00454554?apport=sans
2026-09-15T14:43:18,ves00456579,peugeot,2008-ii,hybrid-145-e-dcs6-allure,SANS APPORT PEUGEOT 2008 II Hybrid 145 e-DCS6 Allure,,,Hybride,Automatique,10,372,https://auto-dispo.cic-leasing.fr/leasing-voiture/peugeot/2008-ii/hybrid-145-e-dcs6-allure-ves00456579?apport=sans
2026-09-15T14:43:18,ves00453766,peugeot,208-ii,136ch-50-kwh-style,PEUGEOT 208 II 136ch 50 kWh Style,occasion,SANS APPORT,Electrique,Automatique,19549,372,https://auto-dispo.cic-leasing.fr/leasing-voiture/peugeot/208-ii/136ch-50-kwh-style-ves00453766?apport=sans
2026-09-15T14:43:18,ves00462982,mg,zs-iii,15-l-hybrid-197-ch-luxury,SANS APPORT MG ZS III 1.5 L Hybrid+ 197 ch Luxury,,,Hybride,Automatique,10,372,https://auto-dispo.cic-leasing.fr/leasing-voiture/mg/zs-iii/15-l-hybrid-197-ch-luxury-ves00462982?apport=sans
2026-09-15T14:43:18,ves00462578,dacia,duster-iii,hybrid-140-journey,SANS APPORT DACIA Duster III Hybrid 140 Journey,,,Hybride,Automatique,10,372,https://auto-dispo.cic-leasing.fr/leasing-voiture/dacia/duster-iii/hybrid-140-journey-ves00462578?apport=sans
2026-09-15T14:43:18,ves00452393,alfa-romeo,junior-electrique,elettrica-156-ch-,ALFA ROMEO Junior,occasion,SANS APPORT,Electrique,Automatique,6307,372,https://auto-dispo.cic-leasing.fr/leasing-voiture/alfa-romeo/junior-electrique/elettrica-156-ch--ves00452393?apport=sans
2026-09-15T14:43:18,ves00442003,renault,symbioz,mild-hybrid-140-ch-techno,SANS APPORT RENAULT Symbioz mild hybrid 140 ch Techno,,,Hybride,Manuelle,10,372,https://auto-dispo.cic-leasing.fr/leasing-voiture/renault/symbioz/mild-hybrid-140-ch-techno-ves00442003?apport=sans
2026-09-15T14:43:18,ves00459558,nissan,juke-ii,hybrid-143-n-connecta,SANS APPORT NISSAN Juke II HYBRID 143 N-Connecta,,,Hybride,Automatique,100,372,https://auto-dispo.cic-leasing.fr/leasing-voiture/nissan/juke-ii/hybrid-143-n-connecta-ves00459558?apport=sans
2026-09-15T14:43:18,ves00424821,volkswagen,polo-vi,10-tsi-95-ss-bvm5-life,SANS APPORT VOLKSWAGEN Polo VI 1.0 TSI 95 S&S BVM5 Life,,,Essence,Manuelle,10,373,https://auto-dispo.cic-leasing.fr/leasing-voiture/volkswagen/polo-vi/10-tsi-95-ss-bvm5-life-ves00424821?apport=sans
2026-09-15T14:43:18,ves00446229,renault,clio-5,blue-dci-100-ch-gsr2-evolution,RENAULT Clio 5 Blue dCi 100 ch GSR2 Evolution,occasion,SANS APPORT,Diesel,Manuelle,24242,373,https://auto-dispo.cic-leasing.fr/leasing-voiture/renault/clio-5/blue-dci-100-ch-gsr2-evolution-ves00446229?apport=sans
2026-09-15T14:43:18,ves00458663,dacia,duster-iii,mild-hybrid-140-journey,SANS APPORT DACIA Duster III Mild Hybrid 140 Journey,,,Essence,Manuelle,10,373,https://auto-dispo.cic-leasing.fr/leasing-voiture/dacia/duster-iii/mild-hybrid-140-journey-ves00458663?apport=sans
2026-09-15T14:43:18,ves00439354,citroen,c4,hybride-145-ch-e-dcs6-business,SANS APPORT CITROEN C4,,,Hybride,Automatique,10,374,https://auto-dispo.cic-leasing.fr/leasing-voiture/citroen/c4/hybride-145-ch-e-dcs6-business-ves00439354?apport=sans
2026-09-15T14:43:18,ves00453190,dacia,duster-iii,hybrid-140-journey,SANS APPORT DACIA Duster III Hybrid 140 Journey,,,Hybride,Automatique,10,374,https://auto-dispo.cic-leasing.fr/leasing-voiture/dacia/duster-iii/hybrid-140-journey-ves00453190?apport=sans
2026-09-15T14:43:18,ves00452337,alfa-romeo,junior-electrique,elettrica-156-ch-,ALFA ROMEO Junior,occasion,SANS APPORT,Electrique,Automatique,8235,375,https://auto-dispo.cic-leasing.fr/leasing-voiture/alfa-romeo/junior-electrique/elettrica-156-ch--ves00452337?apport=sans
2026-09-15T14:43:18,ves00455539,mg,ehs-ii,15-hybrid-224-ch-luxury,SANS APPORT MG EHS II 1.5 Hybrid+ 224 ch Luxury,,,Hybride,Automatique,100,375,https://auto-dispo.cic-leasing.fr/leasing-voiture/mg/ehs-ii/15-hybrid-224-ch-luxury-ves00455539?apport=sans
2026-09-15T14:43:18,ves00428608,renault,clio-5,blue-dci-100-ch-gsr2-evolution,SANS APPORT RENAULT Clio 5 Blue dCi 100 ch GSR2 Evolution,,,Diesel,Manuelle,10,375,https://auto-dispo.cic-leasing.fr/leasing-voiture/renault/clio-5/blue-dci-100-ch-gsr2-evolution-ves00428608?apport=sans
2026-09-15T14:43:18,ves00449639,peugeot,308-sw-iii,hybrid-145-e-dcs6-allure,PEUGEOT 308 SW III Hybrid 145 e-DCS6 Allure,occasion,SANS APPORT,Essence,Automatique,1748,375,https://auto-dispo.cic-leasing.fr/leasing-voiture/peugeot/308-sw-iii/hybrid-145-e-dcs6-allure-ves00449639?apport=sans
2026-09-15T14:43:18,ves00458752,alfa-romeo,junior-electrique,elettrica-156-ch-,ALFA ROMEO Junior,occasion,SANS APPORT,Electrique,Automatique,7289,376,https://auto-dispo.cic-leasing.fr/leasing-voiture/alfa-romeo/junior-electrique/elettrica-156-ch--ves00458752?apport=sans
2026-09-15T14:43:18,ves00428615,renault,clio-5,blue-dci-100-ch-gsr2-evolution,SANS APPORT RENAULT Clio 5 Blue dCi 100 ch GSR2 Evolution,,,Diesel,Manuelle,115,376,https://auto-dispo.cic-leasing.fr/leasing-voiture/renault/clio-5/blue-dci-100-ch-gsr2-evolution-ves00428615?apport=sans
2026-09-15T14:43:18,ves00455426,citroen,c5-aircross,hybride-145-e-dcs6-max,CITROEN C5 AIRCROSS,occasion,SANS APPORT,Hybride,Automatique,14143,376,https://auto-dispo.cic-leasing.fr/leasing-voiture/citroen/c5-aircross/hybride-145-e-dcs6-max-ves00455426?apport=sans
2026-09-15T14:43:18,ves00446506,ds,ds3-ii,hybride-145-e-dct6-toile,DS DS3 II,occasion,SANS APPORT,Hybride,Automatique,16695,376,https://auto-dispo.cic-leasing.fr/leasing-voiture/ds/ds3-ii/hybride-145-e-dct6-toile-ves00446506?apport=sans
2026-09-15T14:43:18,ves00462189,peugeot,2008-ii,hybrid-145-e-dcs6-allure,SANS APPORT PEUGEOT 2008 II Hybrid 145 e-DCS6 Allure,,,Hybride,Automatique,10,376,https://auto-dispo.cic-leasing.fr/leasing-voiture/peugeot/2008-ii/hybrid-145-e-dcs6-allure-ves00462189?apport=sans
2026-09-15T14:43:18,ves00452314,peugeot,5008-iii,hybrid-145-ch-e-dcs6-allure,SANS APPORT PEUGEOT 5008 III Hybrid 145 ch e-DCS6 Allure,,,Hybride,Automatique,10,377,https://auto-dispo.cic-leasing.fr/leasing-voiture/peugeot/5008-iii/hybrid-145-ch-e-dcs6-allure-ves00452314?apport=sans
2026-09-15T14:43:18,ves00460573,volkswagen,t-cross,10-tsi-116-start-stop-dsg7-r-line,VOLKSWAGEN T-CROSS 1.0 TSI 116 Start/Stop DSG7 R-Line,occasion,SANS APPORT,Essence,Automatique,23979,377,https://auto-dispo.cic-leasing.fr/leasing-voiture/volkswagen/t-cross/10-tsi-116-start-stop-dsg7-r-line-ves00460573?apport=sans
2026-09-15T14:43:18,ves00445251,nissan,juke-ii,hybrid-143-n-connecta,SANS APPORT NISSAN Juke II HYBRID 143 N-Connecta,,,Hybride,Automatique,100,377,https://auto-dispo.cic-leasing.fr/leasing-voiture/nissan/juke-ii/hybrid-143-n-connecta-ves00445251?apport=sans
2026-09-15T14:43:18,ves00456701,peugeot,3008-iii,hybrid-145-e-dcs6-allure,PEUGEOT 3008 III Hybrid 145 e-DCS6 Allure,occasion,SANS APPORT,Hybride,Automatique,15186,377,https://auto-dispo.cic-leasing.fr/leasing-voiture/peugeot/3008-iii/hybrid-145-e-dcs6-allure-ves00456701?apport=sans
2026-09-15T14:43:18,ves00449754,peugeot,2008-ii,hybrid-136-e-dcs6-gt,PEUGEOT 2008 II Hybrid 136 e-DCS6 GT,occasion,SANS APPORT,Hybride,Automatique,17190,377,https://auto-dispo.cic-leasing.fr/leasing-voiture/peugeot/2008-ii/hybrid-136-e-dcs6-gt-ves00449754?apport=sans
2026-09-15T14:43:18,ves00445249,nissan,juke-ii,hybrid-143-n-connecta,SANS APPORT NISSAN Juke II HYBRID 143 N-Connecta,,,Hybride,Automatique,100,377,https://auto-dispo.cic-leasing.fr/leasing-voiture/nissan/juke-ii/hybrid-143-n-connecta-ves00445249?apport=sans
2026-09-15T14:43:18,ves00462088,renault,clio-vi,e-tech-full-hybrid-160-ch-evolution,SANS APPORT RENAULT CLIO VI E-Tech full hybrid 160 ch Evolution,,,Hybride,Automatique,10,379,https://auto-dispo.cic-leasing.fr/leasing-voiture/renault/clio-vi/e-tech-full-hybrid-160-ch-evolution-ves00462088?apport=sans
2026-09-15T14:43:18,ves00449503,peugeot,5008-iii,hybrid-145-ch-e-dcs6-allure,SANS APPORT PEUGEOT 5008 III Hybrid 145 ch e-DCS6 Allure,,,Hybride,Automatique,10,379,https://auto-dispo.cic-leasing.fr/leasing-voiture/peugeot/5008-iii/hybrid-145-ch-e-dcs6-allure-ves00449503?apport=sans
2026-09-15T14:43:18,ves00450451,peugeot,3008-iii,hybrid-136-e-dcs6-gt,PEUGEOT 3008 III Hybrid 136 e-DCS6 GT,occasion,SANS APPORT,Hybride,Automatique,26511,379,https://auto-dispo.cic-leasing.fr/leasing-voiture/peugeot/3008-iii/hybrid-136-e-dcs6-gt-ves00450451?apport=sans
2026-09-15T14:43:18,ves00455431,citroen,c5-aircross,hybride-145-e-dcs6-max,CITROEN C5 AIRCROSS,occasion,SANS APPORT,Hybride,Automatique,22528,379,https://auto-dispo.cic-leasing.fr/leasing-voiture/citroen/c5-aircross/hybride-145-e-dcs6-max-ves00455431?apport=sans
2026-09-15T14:43:18,ves00449621,peugeot,5008-iii,hybrid-136-e-dcs6-allure,PEUGEOT 5008 III Hybrid 136 e-DCS6 Allure,occasion,SANS APPORT,Hybride,Automatique,2610,379,https://auto-dispo.cic-leasing.fr/leasing-voiture/peugeot/5008-iii/hybrid-136-e-dcs6-allure-ves00449621?apport=sans
2026-09-15T14:43:18,ves00455434,citroen,c5-aircross,hybride-145-e-dcs6-max,CITROEN C5 AIRCROSS,occasion,SANS APPORT,Hybride,Automatique,22808,379,https://auto-dispo.cic-leasing.fr/leasing-voiture/citroen/c5-aircross/hybride-145-e-dcs6-max-ves00455434?apport=sans
2026-09-15T14:43:18,ves00443602,ds,ds3-ii,hybride-145-e-dct6-toile,DS DS3 II,occasion,SANS APPORT,Hybride,Automatique,10667,379,https://auto-dispo.cic-leasing.fr/leasing-voiture/ds/ds3-ii/hybride-145-e-dct6-toile-ves00443602?apport=sans
2026-09-15T14:43:18,ves00445250,nissan,juke-ii,hybrid-143-n-connecta,SANS APPORT NISSAN Juke II HYBRID 143 N-Connecta,,,Hybride,Automatique,100,380,https://auto-dispo.cic-leasing.fr/leasing-voiture/nissan/juke-ii/hybrid-143-n-connecta-ves00445250?apport=sans
2026-09-15T14:43:18,ves00458652,fiat,600e,54-kwh-156-ch-red,FIAT 600E 54 kWh 156 ch RED,occasion,SANS APPORT,Electrique,Automatique,11643,380,https://auto-dispo.cic-leasing.fr/leasing-voiture/fiat/600e/54-kwh-156-ch-red-ves00458652?apport=sans
2026-09-15T14:43:18,ves00455424,citroen,c5-aircross,hybride-145-e-dcs6-max,CITROEN C5 AIRCROSS,occasion,SANS APPORT,Hybride,Automatique,24118,380,https://auto-dispo.cic-leasing.fr/leasing-voiture/citroen/c5-aircross/hybride-145-e-dcs6-max-ves00455424?apport=sans
2026-09-15T14:43:18,ves00455404,citroen,c5-aircross,hybride-145-e-dcs6-max,CITROEN C5 AIRCROSS,occasion,SANS APPORT,Hybride,Automatique,24248,380,https://auto-dispo.cic-leasing.fr/leasing-voiture/citroen/c5-aircross/hybride-145-e-dcs6-max-ves00455404?apport=sans
2026-09-15T14:43:18,ves00455447,citroen,c5-aircross,hybride-145-e-dcs6-max,CITROEN C5 AIRCROSS,occasion,SANS APPORT,Hybride,Automatique,23628,380,https://auto-dispo.cic-leasing.fr/leasing-voiture/citroen/c5-aircross/hybride-145-e-dcs6-max-ves00455447?apport=sans
2026-09-15T14:43:18,ves00455449,citroen,c5-aircross,hybride-145-e-dcs6-max,CITROEN C5 AIRCROSS,occasion,SANS APPORT,Hybride,Automatique,22927,380,https://auto-dispo.cic-leasing.fr/leasing-voiture/citroen/c5-aircross/hybride-145-e-dcs6-max-ves00455449?apport=sans
2026-09-15T14:43:18,ves00455402,citroen,c5-aircross,hybride-145-e-dcs6-max,CITROEN C5 AIRCROSS,occasion,SANS APPORT,Hybride,Automatique,24443,380,https://auto-dispo.cic-leasing.fr/leasing-voiture/citroen/c5-aircross/hybride-145-e-dcs6-max-ves00455402?apport=sans
2026-09-15T14:43:18,ves00454150,peugeot,5008-iii,hybrid-145-ch-e-dcs6-gt,PEUGEOT 5008 III Hybrid 145 ch e-DCS6 GT,occasion,SANS APPORT,Hybride,Automatique,4902,380,https://auto-dispo.cic-leasing.fr/leasing-voiture/peugeot/5008-iii/hybrid-145-ch-e-dcs6-gt-ves00454150?apport=sans
2026-09-15T14:43:18,ves00455429,fiat,600e,54-kwh-156-ch-red,FIAT 600E 54 kWh 156 ch RED,occasion,SANS APPORT,Electrique,Automatique,9193,380,https://auto-dispo.cic-leasing.fr/leasing-voiture/fiat/600e/54-kwh-156-ch-red-ves00455429?apport=sans
2026-09-15T14:43:18,ves00449745,peugeot,2008-ii,hybrid-145-e-dcs6-gt,PEUGEOT 2008 II Hybrid 145 e-DCS6 GT,occasion,SANS APPORT,Hybride,Automatique,20904,381,https://auto-dispo.cic-leasing.fr/leasing-voiture/peugeot/2008-ii/hybrid-145-e-dcs6-gt-ves00449745?apport=sans
2026-09-15T14:43:18,ves00410512,renault,clio-5,blue-dci-100-ch-gsr2-evolution,SANS APPORT RENAULT Clio 5 Blue dCi 100 ch GSR2 Evolution,,,Diesel,Manuelle,10,381,https://auto-dispo.cic-leasing.fr/leasing-voiture/renault/clio-5/blue-dci-100-ch-gsr2-evolution-ves00410512?apport=sans
2026-09-15T14:43:18,ves00449744,peugeot,2008-ii,hybrid-145-e-dcs6-gt,PEUGEOT 2008 II Hybrid 145 e-DCS6 GT,occasion,SANS APPORT,Hybride,Automatique,20159,381,https://auto-dispo.cic-leasing.fr/leasing-voiture/peugeot/2008-ii/hybrid-145-e-dcs6-gt-ves00449744?apport=sans
2026-09-15T14:43:18,ves00427574,citroen,c5-aircross,hybride-145-e-dcs6-max,CITROEN C5 AIRCROSS,occasion,SANS APPORT,Hybride,Automatique,23873,381,https://auto-dispo.cic-leasing.fr/leasing-voiture/citroen/c5-aircross/hybride-145-e-dcs6-max-ves00427574?apport=sans
2026-09-15T14:43:18,ves00449746,peugeot,2008-ii,hybrid-145-e-dcs6-gt,PEUGEOT 2008 II Hybrid 145 e-DCS6 GT,occasion,SANS APPORT,Hybride,Automatique,22379,382,https://auto-dispo.cic-leasing.fr/leasing-voiture/peugeot/2008-ii/hybrid-145-e-dcs6-gt-ves00449746?apport=sans
2026-09-15T14:43:18,ves00447151,citroen,c5-aircross,145-ch-e-dcs6-plus,SANS APPORT CITROEN C5 AIRCROSS 145 ch e-DCS6 Plus,,,Essence,Automatique,10,382,https://auto-dispo.cic-leasing.fr/leasing-voiture/citroen/c5-aircross/145-ch-e-dcs6-plus-ves00447151?apport=sans
2026-09-15T14:43:18,ves00452213,peugeot,5008-iii,hybrid-136-e-dcs6-allure,PEUGEOT 5008 III Hybrid 136 e-DCS6 Allure,occasion,SANS APPORT,Hybride,Automatique,25569,382,https://auto-dispo.cic-leasing.fr/leasing-voiture/peugeot/5008-iii/hybrid-136-e-dcs6-allure-ves00452213?apport=sans
2026-09-15T14:43:18,ves00449749,peugeot,2008-ii,hybrid-145-e-dcs6-gt,PEUGEOT 2008 II Hybrid 145 e-DCS6 GT,occasion,SANS APPORT,Hybride,Automatique,24221,382,https://auto-dispo.cic-leasing.fr/leasing-voiture/peugeot/2008-ii/hybrid-145-e-dcs6-gt-ves00449749?apport=sans
2026-09-15T14:43:18,ves00455423,citroen,c5-aircross,hybride-145-e-dcs6-max,CITROEN C5 AIRCROSS,occasion,SANS APPORT,Hybride,Automatique,15309,382,https://auto-dispo.cic-leasing.fr/leasing-voiture/citroen/c5-aircross/hybride-145-e-dcs6-max-ves00455423?apport=sans
2026-09-15T14:43:18,ves00457147,renault,captur-ii,e-tech-full-hybrid-160-ch-evolution,SANS APPORT RENAULT Captur II E-Tech full hybrid 160 ch Evolution,,,Hybride,Automatique,100,382,https://auto-dispo.cic-leasing.fr/leasing-voiture/renault/captur-ii/e-tech-full-hybrid-160-ch-evolution-ves00457147?apport=sans
2026-09-15T14:43:18,ves00462058,renault,clio-vi,e-tech-full-hybrid-160-ch-evolution,SANS APPORT RENAULT CLIO VI E-Tech full hybrid 160 ch Evolution,,,Hybride,Automatique,10,382,https://auto-dispo.cic-leasing.fr/leasing-voiture/renault/clio-vi/e-tech-full-hybrid-160-ch-evolution-ves00462058?apport=sans
2026-09-15T14:43:18,ves00449748,peugeot,2008-ii,hybrid-145-e-dcs6-gt,PEUGEOT 2008 II Hybrid 145 e-DCS6 GT,occasion,SANS APPORT,Hybride,Automatique,23622,382,https://auto-dispo.cic-leasing.fr/leasing-voiture/peugeot/2008-ii/hybrid-145-e-dcs6-gt-ves00449748?apport=sans
2026-09-15T14:43:18,ves00462688,mg,ehs-ii,15-hybrid-224-ch-luxury,SANS APPORT MG EHS II 1.5 Hybrid+ 224 ch Luxury,,,Hybride,Automatique,10,383,https://auto-dispo.cic-leasing.fr/leasing-voiture/mg/ehs-ii/15-hybrid-224-ch-luxury-ves00462688?apport=sans
2026-09-15T14:43:18,ves00455414,citroen,c5-aircross,hybride-145-e-dcs6-max,CITROEN C5 AIRCROSS,occasion,SANS APPORT,Hybride,Automatique,17544,383,https://auto-dispo.cic-leasing.fr/leasing-voiture/citroen/c5-aircross/hybride-145-e-dcs6-max-ves00455414?apport=sans
2026-09-15T14:43:18,ves00455430,citroen,c5-aircross,hybride-145-e-dcs6-max,CITROEN C5 AIRCROSS,occasion,SANS APPORT,Hybride,Automatique,17433,383,https://auto-dispo.cic-leasing.fr/leasing-voiture/citroen/c5-aircross/hybride-145-e-dcs6-max-ves00455430?apport=sans
2026-09-15T14:43:18,ves00455440,citroen,c5-aircross,hybride-145-e-dcs6-max,CITROEN C5 AIRCROSS,occasion,SANS APPORT,Hybride,Automatique,18057,383,https://auto-dispo.cic-leasing.fr/leasing-voiture/citroen/c5-aircross/hybride-145-e-dcs6-max-ves00455440?apport=sans
2026-09-15T14:43:18,ves00455427,citroen,c5-aircross,hybride-145-e-dcs6-max,CITROEN C5 AIRCROSS,occasion,SANS APPORT,Hybride,Automatique,17507,383,https://auto-dispo.cic-leasing.fr/leasing-voiture/citroen/c5-aircross/hybride-145-e-dcs6-max-ves00455427?apport=sans
2026-09-15T14:43:18,ves00455444,citroen,c5-aircross,hybride-145-e-dcs6-max,CITROEN C5 AIRCROSS,occasion,SANS APPORT,Hybride,Automatique,16008,383,https://auto-dispo.cic-leasing.fr/leasing-voiture/citroen/c5-aircross/hybride-145-e-dcs6-max-ves00455444?apport=sans
2026-09-15T14:43:18,ves00455438,citroen,c5-aircross,hybride-145-e-dcs6-max,CITROEN C5 AIRCROSS,occasion,SANS APPORT,Hybride,Automatique,17992,383,https://auto-dispo.cic-leasing.fr/leasing-voiture/citroen/c5-aircross/hybride-145-e-dcs6-max-ves00455438?apport=sans
2026-09-15T14:43:18,ves00455422,citroen,c5-aircross,hybride-145-e-dcs6-max,CITROEN C5 AIRCROSS,occasion,SANS APPORT,Hybride,Automatique,16800,383,https://auto-dispo.cic-leasing.fr/leasing-voiture/citroen/c5-aircross/hybride-145-e-dcs6-max-ves00455422?apport=sans
2026-09-15T14:43:18,ves00455411,citroen,c5-aircross,hybride-145-e-dcs6-max,CITROEN C5 AIRCROSS,occasion,SANS APPORT,Hybride,Automatique,19292,384,https://auto-dispo.cic-leasing.fr/leasing-voiture/citroen/c5-aircross/hybride-145-e-dcs6-max-ves00455411?apport=sans
2026-09-15T14:43:18,ves00443600,ds,ds3-ii,hybride-145-e-dct6-toile,DS DS3 II,occasion,SANS APPORT,Hybride,Automatique,23978,384,https://auto-dispo.cic-leasing.fr/leasing-voiture/ds/ds3-ii/hybride-145-e-dct6-toile-ves00443600?apport=sans
2026-09-15T14:43:18,ves00455418,citroen,c5-aircross,hybride-145-e-dcs6-max,CITROEN C5 AIRCROSS,occasion,SANS APPORT,Hybride,Automatique,19369,384,https://auto-dispo.cic-leasing.fr/leasing-voiture/citroen/c5-aircross/hybride-145-e-dcs6-max-ves00455418?apport=sans
2026-09-15T14:43:18,ves00437922,peugeot,208-ii,hybrid-145-ch-e-dcs6-gt,SANS APPORT PEUGEOT 208 II Hybrid 145 ch e-DCS6 GT,,,Hybride,Automatique,100,384,https://auto-dispo.cic-leasing.fr/leasing-voiture/peugeot/208-ii/hybrid-145-ch-e-dcs6-gt-ves00437922?apport=sans
2026-09-15T14:43:18,ves00458214,peugeot,308-sw-iii,hybrid-136-e-dcs6-gt,PEUGEOT 308 SW III Hybrid 136 e-DCS6 GT,occasion,SANS APPORT,Hybride,Automatique,18074,385,https://auto-dispo.cic-leasing.fr/leasing-voiture/peugeot/308-sw-iii/hybrid-136-e-dcs6-gt-ves00458214?apport=sans
2026-09-15T14:43:18,ves00455403,citroen,c5-aircross,hybride-145-e-dcs6-max,CITROEN C5 AIRCROSS,occasion,SANS APPORT,Hybride,Automatique,25161,385,https://auto-dispo.cic-leasing.fr/leasing-voiture/citroen/c5-aircross/hybride-145-e-dcs6-max-ves00455403?apport=sans
2026-09-15T14:43:18,ves00434792,ds,ds4-ii,bluehdi-130-eat8-etoile-cuir-nappa,DS DS4 II BlueHDi 130 EAT8 Etoile - Cuir Nappa,occasion,SANS APPORT,Diesel,Automatique,20884,386,https://auto-dispo.cic-leasing.fr/leasing-voiture/ds/ds4-ii/bluehdi-130-eat8-etoile-cuir-nappa-ves00434792?apport=sans
2026-09-15T14:43:18,ves00456256,dacia,duster-iii,hybrid-155-extreme,SANS APPORT DACIA Duster III Hybrid 155 Extreme,,,Hybride,Automatique,10,386,https://auto-dispo.cic-leasing.fr/leasing-voiture/dacia/duster-iii/hybrid-155-extreme-ves00456256?apport=sans
2026-09-15T14:43:18,ves00457997,dacia,duster-iii,hybrid-155-journey,SANS APPORT DACIA Duster III Hybrid 155 Journey,,,Hybride,Automatique,10,386,https://auto-dispo.cic-leasing.fr/leasing-voiture/dacia/duster-iii/hybrid-155-journey-ves00457997?apport=sans
2026-09-15T14:43:18,ves00456962,renault,symbioz,e-tech-full-hybrid-145-iconic,RENAULT Symbioz E-Tech full hybrid 145 Iconic,occasion,SANS APPORT,Hybride,Automatique,28458,387,https://auto-dispo.cic-leasing.fr/leasing-voiture/renault/symbioz/e-tech-full-hybrid-145-iconic-ves00456962?apport=sans
2026-09-15T14:43:18,ves00427104,peugeot,2008-ii,hybrid-145-e-dcs6-allure,PEUGEOT 2008 II Hybrid 145 e-DCS6 Allure,occasion,SANS APPORT,Hybride,Automatique,10295,387,https://auto-dispo.cic-leasing.fr/leasing-voiture/peugeot/2008-ii/hybrid-145-e-dcs6-allure-ves00427104?apport=sans
2026-09-15T14:43:18,ves00449733,ds,ds4-ii,bluehdi-130-eat8-etoile-cuir-nappa,DS DS4 II BlueHDi 130 EAT8 Etoile - Cuir Nappa,occasion,SANS APPORT,Diesel,Automatique,6404,388,https://auto-dispo.cic-leasing.fr/leasing-voiture/ds/ds4-ii/bluehdi-130-eat8-etoile-cuir-nappa-ves00449733?apport=sans
2026-09-15T14:43:18,ves00439545,peugeot,3008-iii,hybrid-145-e-dcs6-allure,SANS APPORT PEUGEOT 3008 III Hybrid 145 e-DCS6 Allure,,,Hybride,Automatique,10,388,https://auto-dispo.cic-leasing.fr/leasing-voiture/peugeot/3008-iii/hybrid-145-e-dcs6-allure-ves00439545?apport=sans
2026-09-15T14:43:18,ves00452785,peugeot,308-iii,bluehdi-130ch-ss-eat8-style,SANS APPORT PEUGEOT 308 III BlueHDi 130ch S&S EAT8 Style,,,Diesel,Automatique,10,389,https://auto-dispo.cic-leasing.fr/leasing-voiture/peugeot/308-iii/bluehdi-130ch-ss-eat8-style-ves00452785?apport=sans
2026-09-15T14:43:18,ves00455471,peugeot,5008-iii,hybrid-145-ch-e-dcs6-allure,PEUGEOT 5008 III Hybrid 145 ch e-DCS6 Allure,occasion,SANS APPORT,Hybride,Automatique,4798,389,https://auto-dispo.cic-leasing.fr/leasing-voiture/peugeot/5008-iii/hybrid-145-ch-e-dcs6-allure-ves00455471?apport=sans
2026-09-15T14:43:18,ves00455351,toyota,yaris-cross,130h-2wd-design,SANS APPORT TOYOTA Yaris Cross 130h 2WD Design,,,Hybride,Automatique,100,389,https://auto-dispo.cic-leasing.fr/leasing-voiture/toyota/yaris-cross/130h-2wd-design-ves00455351?apport=sans
2026-09-15T14:43:18,ves00451935,jeep,compass-ii,15-turbo-t4-130-ch-bvr7-e-hybrid-summit,JEEP Compass II 1.5 Turbo T4 130 ch BVR7 e-Hybrid Summit,occasion,SANS APPORT,Essence,Automatique,21417,389,https://auto-dispo.cic-leasing.fr/leasing-voiture/jeep/compass-ii/15-turbo-t4-130-ch-bvr7-e-hybrid-summit-ves00451935?apport=sans
2026-09-15T14:43:18,ves00434797,ds,ds4-ii,bluehdi-130-eat8-etoile-cuir-nappa,DS DS4 II BlueHDi 130 EAT8 Etoile - Cuir Nappa,occasion,SANS APPORT,Diesel,Automatique,22668,389,https://auto-dispo.cic-leasing.fr/leasing-voiture/ds/ds4-ii/bluehdi-130-eat8-etoile-cuir-nappa-ves00434797?apport=sans
2026-09-15T14:43:18,ves00458669,peugeot,308-sw-iii,hybrid-145-e-dcs6-gt,PEUGEOT 308 SW III Hybrid 145 e-DCS6 GT,occasion,SANS APPORT,Hybride,Automatique,11976,389,https://auto-dispo.cic-leasing.fr/leasing-voiture/peugeot/308-sw-iii/hybrid-145-e-dcs6-gt-ves00458669?apport=sans
2026-09-15T14:43:18,ves00439161,citroen,c3-aircross-ii,hybride-145-ch-aut-max,SANS APPORT CITROEN C3 Aircross II,,,Hybride,Automatique,10,390,https://auto-dispo.cic-leasing.fr/leasing-voiture/citroen/c3-aircross-ii/hybride-145-ch-aut-max-ves00439161?apport=sans
2026-09-15T14:43:18,ves00461204,jeep,avenger,12-turbo-t3-110-ch-e-hybrid-bvr6-summit,SANS APPORT JEEP Avenger 1.2 Turbo T3 110 ch e-Hybrid BVR6 Summit,,,Essence,Automatique,100,390,https://auto-dispo.cic-leasing.fr/leasing-voiture/jeep/avenger/12-turbo-t3-110-ch-e-hybrid-bvr6-summit-ves00461204?apport=sans
2026-09-15T14:43:18,ves00456088,renault,symbioz,e-tech-full-hybrid-160-ch-techno,SANS APPORT RENAULT Symbioz E-Tech full hybrid 160 ch Techno,,,Hybride,Automatique,10,390,https://auto-dispo.cic-leasing.fr/leasing-voiture/renault/symbioz/e-tech-full-hybrid-160-ch-techno-ves00456088?apport=sans
2026-09-15T14:43:18,ves00418338,citroen,c4,hybride-145-ch-e-dcs6-max,SANS APPORT CITROEN C4,,,Hybride,Automatique,100,391,https://auto-dispo.cic-leasing.fr/leasing-voiture/citroen/c4/hybride-145-ch-e-dcs6-max-ves00418338?apport=sans
2026-09-15T14:43:18,ves00442479,peugeot,3008-iii,hybrid-145-e-dcs6-gt,PEUGEOT 3008 III Hybrid 145 e-DCS6 GT,occasion,SANS APPORT,Hybride,Automatique,12630,392,https://auto-dispo.cic-leasing.fr/leasing-voiture/peugeot/3008-iii/hybrid-145-e-dcs6-gt-ves00442479?apport=sans
2026-09-15T14:43:18,ves00442481,peugeot,3008-iii,hybrid-145-e-dcs6-gt,PEUGEOT 3008 III Hybrid 145 e-DCS6 GT,occasion,SANS APPORT,Hybride,Automatique,12803,392,https://auto-dispo.cic-leasing.fr/leasing-voiture/peugeot/3008-iii/hybrid-145-e-dcs6-gt-ves00442481?apport=sans
2026-09-15T14:43:18,ves00454146,peugeot,5008-iii,hybrid-145-ch-e-dcs6-gt,PEUGEOT 5008 III Hybrid 145 ch e-DCS6 GT,occasion,SANS APPORT,Hybride,Automatique,6415,393,https://auto-dispo.cic-leasing.fr/leasing-voiture/peugeot/5008-iii/hybrid-145-ch-e-dcs6-gt-ves00454146?apport=sans
2026-09-15T14:43:18,ves00458641,dacia,duster-iii,hybrid-140-extreme,SANS APPORT DACIA Duster III Hybrid 140 Extreme,,,Hybride,Automatique,10,393,https://auto-dispo.cic-leasing.fr/leasing-voiture/dacia/duster-iii/hybrid-140-extreme-ves00458641?apport=sans
2026-09-15T14:43:18,ves00452584,citroen,c5-aircross,145-ch-e-dcs6-plus,SANS APPORT CITROEN C5 AIRCROSS 145 ch e-DCS6 Plus,,,Essence,Automatique,10,393,https://auto-dispo.cic-leasing.fr/leasing-voiture/citroen/c5-aircross/145-ch-e-dcs6-plus-ves00452584?apport=sans
2026-09-15T14:43:18,ves00459932,citroen,c5-aircross,145-ch-e-dcs6-max,SANS APPORT CITROEN C5 AIRCROSS 145 ch e-DCS6 Max,,,Essence,Automatique,10,393,https://auto-dispo.cic-leasing.fr/leasing-voiture/citroen/c5-aircross/145-ch-e-dcs6-max-ves00459932?apport=sans
2026-09-15T14:43:18,ves00452601,dacia,duster-iii,mild-hybrid-130-4x4-journey,SANS APPORT DACIA Duster III Mild Hybrid 130 4x4 Journey,,,Hybride,Manuelle,10,394,https://auto-dispo.cic-leasing.fr/leasing-voiture/dacia/duster-iii/mild-hybrid-130-4x4-journey-ves00452601?apport=sans
2026-09-15T14:43:18,ves00447403,peugeot,5008-iii,hybrid-145-ch-e-dcs6-allure,SANS APPORT PEUGEOT 5008 III Hybrid 145 ch e-DCS6 Allure,,,Hybride,Automatique,10,394,https://auto-dispo.cic-leasing.fr/leasing-voiture/peugeot/5008-iii/hybrid-145-ch-e-dcs6-allure-ves00447403?apport=sans
2026-09-15T14:43:18,ves00449731,ds,ds4-ii,bluehdi-130-eat8-etoile-cuir-nappa,DS DS4 II BlueHDi 130 EAT8 Etoile - Cuir Nappa,occasion,SANS APPORT,Diesel,Automatique,5192,394,https://auto-dispo.cic-leasing.fr/leasing-voiture/ds/ds4-ii/bluehdi-130-eat8-etoile-cuir-nappa-ves00449731?apport=sans
2026-09-15T14:43:18,ves00449623,peugeot,5008-iii,hybrid-136-e-dcs6-allure,PEUGEOT 5008 III Hybrid 136 e-DCS6 Allure,occasion,SANS APPORT,Hybride,Automatique,2887,394,https://auto-dispo.cic-leasing.fr/leasing-voiture/peugeot/5008-iii/hybrid-136-e-dcs6-allure-ves00449623?apport=sans
2026-09-15T14:43:18,ves00396064,nissan,qashqai-iii,mild-hybrid-158-ch-xtronic-n-connecta,SANS APPORT NISSAN QASHQAI III Mild Hybrid 158 ch Xtronic N-Connecta,,,Essence,Automatique,100,394,https://auto-dispo.cic-leasing.fr/leasing-voiture/nissan/qashqai-iii/mild-hybrid-158-ch-xtronic-n-connecta-ves00396064?apport=sans
2026-09-15T14:43:18,ves00460708,dacia,duster-iii,hybrid-155-journey,SANS APPORT DACIA Duster III Hybrid 155 Journey,,,Hybride,Automatique,10,395,https://auto-dispo.cic-leasing.fr/leasing-voiture/dacia/duster-iii/hybrid-155-journey-ves00460708?apport=sans
2026-09-15T14:43:18,ves00456070,renault,symbioz,e-tech-full-hybrid-160-ch-techno,SANS APPORT RENAULT Symbioz E-Tech full hybrid 160 ch Techno,,,Hybride,Automatique,10,395,https://auto-dispo.cic-leasing.fr/leasing-voiture/renault/symbioz/e-tech-full-hybrid-160-ch-techno-ves00456070?apport=sans
2026-09-15T14:43:18,ves00461535,peugeot,308-sw-iii,phev-180-e-eat8-allure,SANS APPORT PEUGEOT 308 SW III PHEV 180 e-EAT8 Allure,,,Hybride rechargeable,Automatique,10,395,https://auto-dispo.cic-leasing.fr/leasing-voiture/peugeot/308-sw-iii/phev-180-e-eat8-allure-ves00461535?apport=sans
2026-09-15T14:43:18,ves00456785,peugeot,3008-iii,hybrid-145-e-dcs6-allure,SANS APPORT PEUGEOT 3008 III Hybrid 145 e-DCS6 Allure,,,Hybride,Automatique,10,395,https://auto-dispo.cic-leasing.fr/leasing-voiture/peugeot/3008-iii/hybrid-145-e-dcs6-allure-ves00456785?apport=sans
2026-09-15T14:43:18,ves00459933,citroen,c5-aircross,145-ch-e-dcs6-max,SANS APPORT CITROEN C5 AIRCROSS 145 ch e-DCS6 Max,,,Essence,Automatique,10,396,https://auto-dispo.cic-leasing.fr/leasing-voiture/citroen/c5-aircross/145-ch-e-dcs6-max-ves00459933?apport=sans
2026-09-15T14:43:18,ves00452699,hyundai,tucson-iv,16-t-gdi-239-hybrid-bva6-intuitive,SANS APPORT HYUNDAI Tucson IV 1.6 T-GDI 239 Hybrid BVA6 Intuitive,,,Hybride,Automatique,10,396,https://auto-dispo.cic-leasing.fr/leasing-voiture/hyundai/tucson-iv/16-t-gdi-239-hybrid-bva6-intuitive-ves00452699?apport=sans
2026-09-15T14:43:18,ves00454115,peugeot,5008-iii,hybrid-145-ch-e-dcs6-gt,PEUGEOT 5008 III Hybrid 145 ch e-DCS6 GT,occasion,SANS APPORT,Hybride,Automatique,5366,396,https://auto-dispo.cic-leasing.fr/leasing-voiture/peugeot/5008-iii/hybrid-145-ch-e-dcs6-gt-ves00454115?apport=sans
2026-09-15T14:43:18,ves00461060,toyota,yaris-cross,116h-2wd-design,TOYOTA Yaris Cross 116h 2WD Design,occasion,SANS APPORT,Hybride,Automatique,29114,396,https://auto-dispo.cic-leasing.fr/leasing-voiture/toyota/yaris-cross/116h-2wd-design-ves00461060?apport=sans
2026-09-15T14:43:18,ves00462852,volkswagen,golf-viii,20-tdi-116-bvm6-life-plus,VOLKSWAGEN Golf VIII 2.0 TDI 116 BVM6 Life Plus,occasion,SANS APPORT,Diesel,Manuelle,19798,396,https://auto-dispo.cic-leasing.fr/leasing-voiture/volkswagen/golf-viii/20-tdi-116-bvm6-life-plus-ves00462852?apport=sans
2026-09-15T14:43:18,ves00461203,ds,ds4-ii,hybride-e-tense-225-eat8-rivoli,DS DS4 II,occasion,SANS APPORT,Hybride,Automatique,7181,397,https://auto-dispo.cic-leasing.fr/leasing-voiture/ds/ds4-ii/hybride-e-tense-225-eat8-rivoli-ves00461203?apport=sans
2026-09-15T14:43:18,ves00458402,dacia,duster-iii,hybrid-155-journey,SANS APPORT DACIA Duster III Hybrid 155 Journey,,,Hybride,Automatique,10,397,https://auto-dispo.cic-leasing.fr/leasing-voiture/dacia/duster-iii/hybrid-155-journey-ves00458402?apport=sans
2026-09-15T14:43:18,ves00425144,peugeot,2008-ii,hybrid-145-e-dcs6-gt,SANS APPORT PEUGEOT 2008 II Hybrid 145 e-DCS6 GT,,,Hybride,Automatique,10,397,https://auto-dispo.cic-leasing.fr/leasing-voiture/peugeot/2008-ii/hybrid-145-e-dcs6-gt-ves00425144?apport=sans
2026-09-15T14:43:18,ves00456756,dacia,bigster,155-expression,SANS APPORT DACIA Bigster 155 Expression,,,Hybride,Automatique,100,397,https://auto-dispo.cic-leasing.fr/leasing-voiture/dacia/bigster/155-expression-ves00456756?apport=sans
2026-09-15T14:43:18,ves00451936,jeep,compass-ii,15-turbo-t4-130-ch-bvr7-e-hybrid-summit,JEEP Compass II 1.5 Turbo T4 130 ch BVR7 e-Hybrid Summit,occasion,SANS APPORT,Essence,Automatique,20045,397,https://auto-dispo.cic-leasing.fr/leasing-voiture/jeep/compass-ii/15-turbo-t4-130-ch-bvr7-e-hybrid-summit-ves00451936?apport=sans
2026-09-15T14:43:18,ves00462061,renault,captur-ii,e-tech-full-hybrid-160-ch-evolution,SANS APPORT RENAULT Captur II E-Tech full hybrid 160 ch Evolution,,,Hybride,Automatique,10,397,https://auto-dispo.cic-leasing.fr/leasing-voiture/renault/captur-ii/e-tech-full-hybrid-160-ch-evolution-ves00462061?apport=sans
2026-09-15T14:43:18,ves00442405,peugeot,2008-ii,hybrid-145-e-dcs6-allure,PEUGEOT 2008 II Hybrid 145 e-DCS6 Allure,occasion,SANS APPORT,Hybride,Automatique,17123,398,https://auto-dispo.cic-leasing.fr/leasing-voiture/peugeot/2008-ii/hybrid-145-e-dcs6-allure-ves00442405?apport=sans
2026-09-15T14:43:18,ves00459829,citroen,c5-aircross,145-ch-e-dcs6-max,SANS APPORT CITROEN C5 AIRCROSS 145 ch e-DCS6 Max,,,Essence,Automatique,10,398,https://auto-dispo.cic-leasing.fr/leasing-voiture/citroen/c5-aircross/145-ch-e-dcs6-max-ves00459829?apport=sans
2026-09-15T14:43:18,ves00447617,peugeot,5008-iii,hybrid-145-ch-e-dcs6-allure,SANS APPORT PEUGEOT 5008 III Hybrid 145 ch e-DCS6 Allure,,,Hybride,Automatique,10,399,https://auto-dispo.cic-leasing.fr/leasing-voiture/peugeot/5008-iii/hybrid-145-ch-e-dcs6-allure-ves00447617?apport=sans
2026-09-15T14:43:18,ves00449640,peugeot,308-sw-iii,hybrid-145-e-dcs6-allure,PEUGEOT 308 SW III Hybrid 145 e-DCS6 Allure,occasion,SANS APPORT,Essence,Automatique,874,399,https://auto-dispo.cic-leasing.fr/leasing-voiture/peugeot/308-sw-iii/hybrid-145-e-dcs6-allure-ves00449640?apport=sans
2026-09-15T14:43:18,ves00439156,citroen,c3-aircross-ii,hybride-145-ch-aut-max,SANS APPORT CITROEN C3 Aircross II,,,Hybride,Automatique,10,399,https://auto-dispo.cic-leasing.fr/leasing-voiture/citroen/c3-aircross-ii/hybride-145-ch-aut-max-ves00439156?apport=sans
2026-09-15T14:43:18,ves00425466,opel,grandland,12-turbo-hybrid-145-ch-e-dct6-edition,SANS APPORT OPEL GRANDLAND 1.2 Turbo Hybrid 145 ch e-DCT6 Edition,,,Essence,Automatique,10,399,https://auto-dispo.cic-leasing.fr/leasing-voiture/opel/grandland/12-turbo-hybrid-145-ch-e-dct6-edition-ves00425466?apport=sans
2026-09-15T14:43:18,ves00425132,peugeot,2008-ii,hybrid-145-e-dcs6-gt,SANS APPORT PEUGEOT 2008 II Hybrid 145 e-DCS6 GT,,,Hybride,Automatique,10,399,https://auto-dispo.cic-leasing.fr/leasing-voiture/peugeot/2008-ii/hybrid-145-e-dcs6-gt-ves00425132?apport=sans
2026-09-15T14:43:18,ves00458361,peugeot,3008-iii,hybrid-145-e-dcs6-gt,PEUGEOT 3008 III Hybrid 145 e-DCS6 GT,occasion,SANS APPORT,Hybride,Automatique,24540,399,https://auto-dispo.cic-leasing.fr/leasing-voiture/peugeot/3008-iii/hybrid-145-e-dcs6-gt-ves00458361?apport=sans
2026-09-15T14:43:18,ves00453612,volkswagen,t-cross,10-tsi-116-start-stop-dsg7-r-line-edition,SANS APPORT VOLKSWAGEN T-CROSS 1.0 TSI 116 Start/Stop DSG7 R-Line Edition,,,Essence,Automatique,10,399,https://auto-dispo.cic-leasing.fr/leasing-voiture/volkswagen/t-cross/10-tsi-116-start-stop-dsg7-r-line-edition-ves00453612?apport=sans
2026-09-15T14:43:18,ves00456815,renault,captur-ii,e-tech-full-hybrid-160-ch-evolution,SANS APPORT RENAULT Captur II E-Tech full hybrid 160 ch Evolution,,,Hybride,Automatique,10,399,https://auto-dispo.cic-leasing.fr/leasing-voiture/renault/captur-ii/e-tech-full-hybrid-160-ch-evolution-ves00456815?apport=sans
2026-09-15T14:43:18,ves00457241,peugeot,5008-iii,hybrid-145-ch-e-dcs6-gt,PEUGEOT 5008 III Hybrid 145 ch e-DCS6 GT,occasion,SANS APPORT,Hybride,Automatique,19790,399,https://auto-dispo.cic-leasing.fr/leasing-voiture/peugeot/5008-iii/hybrid-145-ch-e-dcs6-gt-ves00457241?apport=sans
2026-09-15T14:43:18,ves00442477,peugeot,3008-iii,hybrid-145-e-dcs6-gt,PEUGEOT 3008 III Hybrid 145 e-DCS6 GT,occasion,SANS APPORT,Hybride,Automatique,18456,400,https://auto-dispo.cic-leasing.fr/leasing-voiture/peugeot/3008-iii/hybrid-145-e-dcs6-gt-ves00442477?apport=sans
2026-09-15T14:43:18,ves00460539,peugeot,2008-ii,hybrid-145-e-dcs6-gt,SANS APPORT PEUGEOT 2008 II Hybrid 145 e-DCS6 GT,,,Hybride,Automatique,10,400,https://auto-dispo.cic-leasing.fr/leasing-voiture/peugeot/2008-ii/hybrid-145-e-dcs6-gt-ves00460539?apport=sans
2026-09-15T14:43:18,ves00460308,toyota,yaris-cross,130h-2wd-design,SANS APPORT TOYOTA Yaris Cross 130h 2WD Design,,,Hybride,Automatique,10,400,https://auto-dispo.cic-leasing.fr/leasing-voiture/toyota/yaris-cross/130h-2wd-design-ves00460308?apport=sans
2026-09-15T14:43:18,ves00456586,peugeot,2008-ii,hybrid-145-e-dcs6-gt,SANS APPORT PEUGEOT 2008 II Hybrid 145 e-DCS6 GT,,,Hybride,Automatique,10,400,https://auto-dispo.cic-leasing.fr/leasing-voiture/peugeot/2008-ii/hybrid-145-e-dcs6-gt-ves00456586?apport=sans
2026-09-15T14:43:18,ves00460663,dacia,duster-iii,hybrid-g-150-4x4-expression,SANS APPORT DACIA Duster III Hybrid-G 150 4x4 Expression,,,Essence,Automatique,100,400,https://auto-dispo.cic-leasing.fr/leasing-voiture/dacia/duster-iii/hybrid-g-150-4x4-expression-ves00460663?apport=sans
2026-09-15T14:43:18,ves00453243,peugeot,3008-iii,hybrid-145-e-dcs6-allure,SANS APPORT PEUGEOT 3008 III Hybrid 145 e-DCS6 Allure,,,Hybride,Automatique,10,401,https://auto-dispo.cic-leasing.fr/leasing-voiture/peugeot/3008-iii/hybrid-145-e-dcs6-allure-ves00453243?apport=sans
2026-09-15T14:43:18,ves00460526,volkswagen,golf-viii,20-tdi-116-bvm6-life-plus,VOLKSWAGEN Golf VIII 2.0 TDI 116 BVM6 Life Plus,occasion,SANS APPORT,Diesel,Manuelle,22200,401,https://auto-dispo.cic-leasing.fr/leasing-voiture/volkswagen/golf-viii/20-tdi-116-bvm6-life-plus-ves00460526?apport=sans
2026-09-15T14:43:18,ves00458810,dacia,duster-iii,hybrid-155-extreme,SANS APPORT DACIA Duster III Hybrid 155 Extreme,,,Hybride,Automatique,100,401,https://auto-dispo.cic-leasing.fr/leasing-voiture/dacia/duster-iii/hybrid-155-extreme-ves00458810?apport=sans
2026-09-15T14:43:18,ves00457391,peugeot,5008-iii,hybrid-145-ch-e-dcs6-gt,PEUGEOT 5008 III Hybrid 145 ch e-DCS6 GT,occasion,SANS APPORT,Hybride,Automatique,19810,401,https://auto-dispo.cic-leasing.fr/leasing-voiture/peugeot/5008-iii/hybrid-145-ch-e-dcs6-gt-ves00457391?apport=sans
2026-09-15T14:43:18,ves00455401,dacia,duster-iii,hybrid-155-journey,SANS APPORT DACIA Duster III Hybrid 155 Journey,,,Hybride,Automatique,10,402,https://auto-dispo.cic-leasing.fr/leasing-voiture/dacia/duster-iii/hybrid-155-journey-ves00455401?apport=sans
2026-09-15T14:43:18,ves00455646,citroen,c5-aircross,145-ch-e-dcs6-max,SANS APPORT CITROEN C5 AIRCROSS 145 ch e-DCS6 Max,,,Essence,Automatique,10,402,https://auto-dispo.cic-leasing.fr/leasing-voiture/citroen/c5-aircross/145-ch-e-dcs6-max-ves00455646?apport=sans
2026-09-15T14:43:18,ves00459018,peugeot,5008-iii,hybrid-145-ch-e-dcs6-gt,SANS APPORT PEUGEOT 5008 III Hybrid 145 ch e-DCS6 GT,,,Hybride,Automatique,10,402,https://auto-dispo.cic-leasing.fr/leasing-voiture/peugeot/5008-iii/hybrid-145-ch-e-dcs6-gt-ves00459018?apport=sans
2026-09-15T14:43:18,ves00445552,toyota,yaris-cross,130h-2wd-design,SANS APPORT TOYOTA Yaris Cross 130h 2WD Design,,,Hybride,Automatique,10,403,https://auto-dispo.cic-leasing.fr/leasing-voiture/toyota/yaris-cross/130h-2wd-design-ves00445552?apport=sans
2026-09-15T14:43:18,ves00448873,peugeot,308-iii,bluehdi-130ch-ss-eat8-allure,SANS APPORT PEUGEOT 308 III BlueHDi 130ch S&S EAT8 Allure,,,Diesel,Automatique,10,403,https://auto-dispo.cic-leasing.fr/leasing-voiture/peugeot/308-iii/bluehdi-130ch-ss-eat8-allure-ves00448873?apport=sans
2026-09-15T14:43:18,ves00456777,peugeot,3008-iii,hybrid-145-e-dcs6-allure,SANS APPORT PEUGEOT 3008 III Hybrid 145 e-DCS6 Allure,,,Hybride,Automatique,10,404,https://auto-dispo.cic-leasing.fr/leasing-voiture/peugeot/3008-iii/hybrid-145-e-dcs6-allure-ves00456777?apport=sans
2026-09-15T14:43:18,ves00445181,peugeot,208-ii,hybrid-145-ch-e-dcs6-gt,SANS APPORT PEUGEOT 208 II Hybrid 145 ch e-DCS6 GT,,,Hybride,Automatique,10,404,https://auto-dispo.cic-leasing.fr/leasing-voiture/peugeot/208-ii/hybrid-145-ch-e-dcs6-gt-ves00445181?apport=sans
2026-09-15T14:43:18,ves00442488,peugeot,3008-iii,hybrid-145-e-dcs6-gt,PEUGEOT 3008 III Hybrid 145 e-DCS6 GT,occasion,SANS APPORT,Hybride,Automatique,20770,404,https://auto-dispo.cic-leasing.fr/leasing-voiture/peugeot/3008-iii/hybrid-145-e-dcs6-gt-ves00442488?apport=sans
2026-09-15T14:43:18,ves00459034,dacia,duster-iii,hybrid-155-journey,SANS APPORT DACIA Duster III Hybrid 155 Journey,,,Hybride,Automatique,10,404,https://auto-dispo.cic-leasing.fr/leasing-voiture/dacia/duster-iii/hybrid-155-journey-ves00459034?apport=sans
2026-09-15T14:43:18,ves00462586,peugeot,3008-iii,hybrid-145-e-dcs6-gt,PEUGEOT 3008 III Hybrid 145 e-DCS6 GT,occasion,SANS APPORT,Hybride,Automatique,15501,404,https://auto-dispo.cic-leasing.fr/leasing-voiture/peugeot/3008-iii/hybrid-145-e-dcs6-gt-ves00462586?apport=sans
2026-09-15T14:43:18,ves00459082,dacia,duster-iii,hybrid-155-expression,SANS APPORT DACIA Duster III Hybrid 155 Expression,,,Hybride,Automatique,10,404,https://auto-dispo.cic-leasing.fr/leasing-voiture/dacia/duster-iii/hybrid-155-expression-ves00459082?apport=sans
2026-09-15T14:43:18,ves00462204,peugeot,408,phev-225-e-eat8-gt,PEUGEOT 408 PHEV 225 e-EAT8 GT,occasion,SANS APPORT,Hybride rechargeable,Automatique,23225,404,https://auto-dispo.cic-leasing.fr/leasing-voiture/peugeot/408/phev-225-e-eat8-gt-ves00462204?apport=sans
2026-09-15T14:43:18,ves00462316,peugeot,3008-iii,hybrid-145-e-dcs6-gt,PEUGEOT 3008 III Hybrid 145 e-DCS6 GT,occasion,SANS APPORT,Hybride,Automatique,11707,405,https://auto-dispo.cic-leasing.fr/leasing-voiture/peugeot/3008-iii/hybrid-145-e-dcs6-gt-ves00462316?apport=sans
2026-09-15T14:43:18,ves00445553,toyota,yaris-cross,130h-2wd-design,SANS APPORT TOYOTA Yaris Cross 130h 2WD Design,,,Hybride,Automatique,10,405,https://auto-dispo.cic-leasing.fr/leasing-voiture/toyota/yaris-cross/130h-2wd-design-ves00445553?apport=sans
2026-09-15T14:43:18,ves00425108,peugeot,2008-ii,hybrid-145-e-dcs6-gt,SANS APPORT PEUGEOT 2008 II Hybrid 145 e-DCS6 GT,,,Hybride,Automatique,10,405,https://auto-dispo.cic-leasing.fr/leasing-voiture/peugeot/2008-ii/hybrid-145-e-dcs6-gt-ves00425108?apport=sans
2026-09-15T14:43:18,ves00425112,peugeot,2008-ii,hybrid-145-e-dcs6-gt,SANS APPORT PEUGEOT 2008 II Hybrid 145 e-DCS6 GT,,,Hybride,Automatique,10,405,https://auto-dispo.cic-leasing.fr/leasing-voiture/peugeot/2008-ii/hybrid-145-e-dcs6-gt-ves00425112?apport=sans
2026-09-15T14:43:18,ves00443320,peugeot,3008-iii,hybrid-145-e-dcs6-gt,PEUGEOT 3008 III Hybrid 145 e-DCS6 GT,occasion,SANS APPORT,Hybride,Automatique,25910,405,https://auto-dispo.cic-leasing.fr/leasing-voiture/peugeot/3008-iii/hybrid-145-e-dcs6-gt-ves00443320?apport=sans
2026-09-15T14:43:18,ves00438771,dacia,bigster,155-expression,SANS APPORT DACIA Bigster 155 Expression,,,Hybride,Automatique,10,406,https://auto-dispo.cic-leasing.fr/leasing-voiture/dacia/bigster/155-expression-ves00438771?apport=sans
2026-09-15T14:43:18,ves00451230,peugeot,3008-iii,hybrid-145-e-dcs6-allure,SANS APPORT PEUGEOT 3008 III Hybrid 145 e-DCS6 Allure,,,Hybride,Automatique,10,406,https://auto-dispo.cic-leasing.fr/leasing-voiture/peugeot/3008-iii/hybrid-145-e-dcs6-allure-ves00451230?apport=sans
2026-09-15T14:43:18,ves00458809,dacia,duster-iii,hybrid-155-extreme,SANS APPORT DACIA Duster III Hybrid 155 Extreme,,,Hybride,Automatique,100,407,https://auto-dispo.cic-leasing.fr/leasing-voiture/dacia/duster-iii/hybrid-155-extreme-ves00458809?apport=sans
2026-09-15T14:43:18,ves00461882,peugeot,3008-iii,hybrid-145-e-dcs6-gt,PEUGEOT 3008 III Hybrid 145 e-DCS6 GT,occasion,SANS APPORT,Hybride,Automatique,14282,407,https://auto-dispo.cic-leasing.fr/leasing-voiture/peugeot/3008-iii/hybrid-145-e-dcs6-gt-ves00461882?apport=sans
2026-09-15T14:43:18,ves00462072,mg,zs-iii,15-l-hybrid-197-ch-luxury,SANS APPORT MG ZS III 1.5 L Hybrid+ 197 ch Luxury,,,Hybride,Automatique,10,407,https://auto-dispo.cic-leasing.fr/leasing-voiture/mg/zs-iii/15-l-hybrid-197-ch-luxury-ves00462072?apport=sans
2026-09-15T14:43:18,ves00425105,peugeot,2008-ii,hybrid-145-e-dcs6-gt,SANS APPORT PEUGEOT 2008 II Hybrid 145 e-DCS6 GT,,,Hybride,Automatique,10,408,https://auto-dispo.cic-leasing.fr/leasing-voiture/peugeot/2008-ii/hybrid-145-e-dcs6-gt-ves00425105?apport=sans
2026-09-15T14:43:18,ves00451521,renault,captur-ii,e-tech-full-hybrid-160-ch-techno,SANS APPORT RENAULT Captur II E-Tech full hybrid 160 ch Techno,,,Hybride,Automatique,10,408,https://auto-dispo.cic-leasing.fr/leasing-voiture/renault/captur-ii/e-tech-full-hybrid-160-ch-techno-ves00451521?apport=sans
2026-09-15T14:43:18,ves00425461,opel,grandland,12-turbo-hybrid-145-ch-e-dct6-edition,SANS APPORT OPEL GRANDLAND 1.2 Turbo Hybrid 145 ch e-DCT6 Edition,,,Essence,Automatique,10,408,https://auto-dispo.cic-leasing.fr/leasing-voiture/opel/grandland/12-turbo-hybrid-145-ch-e-dct6-edition-ves00425461?apport=sans
2026-09-15T14:43:18,ves00456273,peugeot,2008-ii,hybrid-145-e-dcs6-gt,SANS APPORT PEUGEOT 2008 II Hybrid 145 e-DCS6 GT,,,Hybride,Automatique,10,408,https://auto-dispo.cic-leasing.fr/leasing-voiture/peugeot/2008-ii/hybrid-145-e-dcs6-gt-ves00456273?apport=sans
2026-09-15T14:43:18,ves00455648,citroen,c5-aircross,145-ch-e-dcs6-max,SANS APPORT CITROEN C5 AIRCROSS 145 ch e-DCS6 Max,,,Essence,Automatique,10,408,https://auto-dispo.cic-leasing.fr/leasing-voiture/citroen/c5-aircross/145-ch-e-dcs6-max-ves00455648?apport=sans
2026-09-15T14:43:18,ves00443592,peugeot,308-sw-iii,hybrid-145-e-dcs6-gt,PEUGEOT 308 SW III Hybrid 145 e-DCS6 GT,occasion,SANS APPORT,Hybride,Automatique,19190,408,https://auto-dispo.cic-leasing.fr/leasing-voiture/peugeot/308-sw-iii/hybrid-145-e-dcs6-gt-ves00443592?apport=sans
2026-09-15T14:43:18,ves00440652,peugeot,5008-iii,hybrid-145-ch-e-dcs6-allure,PEUGEOT 5008 III Hybrid 145 ch e-DCS6 Allure,occasion,SANS APPORT,Hybride,Automatique,29545,408,https://auto-dispo.cic-leasing.fr/leasing-voiture/peugeot/5008-iii/hybrid-145-ch-e-dcs6-allure-ves00440652?apport=sans
2026-09-15T14:43:18,ves00451522,renault,captur-ii,e-tech-full-hybrid-160-ch-techno,SANS APPORT RENAULT Captur II E-Tech full hybrid 160 ch Techno,,,Hybride,Automatique,10,408,https://auto-dispo.cic-leasing.fr/leasing-voiture/renault/captur-ii/e-tech-full-hybrid-160-ch-techno-ves00451522?apport=sans
2026-09-15T14:43:18,ves00457166,renault,symbioz,e-tech-full-hybrid-160-ch-techno,SANS APPORT RENAULT Symbioz E-Tech full hybrid 160 ch Techno,,,Hybride,Automatique,100,408,https://auto-dispo.cic-leasing.fr/leasing-voiture/renault/symbioz/e-tech-full-hybrid-160-ch-techno-ves00457166?apport=sans
2026-09-15T14:43:18,ves00453131,renault,captur-ii,e-tech-full-hybrid-160-ch-techno,SANS APPORT RENAULT Captur II E-Tech full hybrid 160 ch Techno,,,Hybride,Automatique,10,409,https://auto-dispo.cic-leasing.fr/leasing-voiture/renault/captur-ii/e-tech-full-hybrid-160-ch-techno-ves00453131?apport=sans
2026-09-15T14:43:18,ves00447185,peugeot,5008-iii,hybrid-145-ch-e-dcs6-gt,PEUGEOT 5008 III Hybrid 145 ch e-DCS6 GT,occasion,SANS APPORT,Hybride,Automatique,16851,409,https://auto-dispo.cic-leasing.fr/leasing-voiture/peugeot/5008-iii/hybrid-145-ch-e-dcs6-gt-ves00447185?apport=sans
2026-09-15T14:43:18,ves00461107,peugeot,5008-iii,hybrid-145-ch-e-dcs6-allure,PEUGEOT 5008 III Hybrid 145 ch e-DCS6 Allure,occasion,SANS APPORT,Hybride,Automatique,13800,409,https://auto-dispo.cic-leasing.fr/leasing-voiture/peugeot/5008-iii/hybrid-145-ch-e-dcs6-allure-ves00461107?apport=sans
2026-09-15T14:43:18,ves00454298,byd,atto-2,15-dm-i-boost,SANS APPORT BYD ATTO 2 1.5 DM-i Boost,,,Hybride rechargeable,Automatique,100,409,https://auto-dispo.cic-leasing.fr/leasing-voiture/byd/atto-2/15-dm-i-boost-ves00454298?apport=sans
2026-09-15T14:43:18,ves00450488,peugeot,2008-ii,hybrid-145-e-dcs6-gt,SANS APPORT PEUGEOT 2008 II Hybrid 145 e-DCS6 GT,,,Hybride,Automatique,10,410,https://auto-dispo.cic-leasing.fr/leasing-voiture/peugeot/2008-ii/hybrid-145-e-dcs6-gt-ves00450488?apport=sans
2026-09-15T14:43:18,ves00410898,opel,combo-life-iv,taille-m-bluehdi-100-ch-ss-bvm6-elegance,SANS APPORT OPEL Combo Life IV Taille M BlueHDI 100 ch S&S BVM6 Elegance,,,Diesel,Manuelle,10,410,https://auto-dispo.cic-leasing.fr/leasing-voiture/opel/combo-life-iv/taille-m-bluehdi-100-ch-ss-bvm6-elegance-ves00410898?apport=sans
2026-09-15T14:43:18,ves00456705,peugeot,5008-iii,hybrid-145-ch-e-dcs6-gt,PEUGEOT 5008 III Hybrid 145 ch e-DCS6 GT,occasion,SANS APPORT,Hybride,Automatique,21413,410,https://auto-dispo.cic-leasing.fr/leasing-voiture/peugeot/5008-iii/hybrid-145-ch-e-dcs6-gt-ves00456705?apport=sans
2026-09-15T14:43:18,ves00446466,ds,ds3-ii,hybride-145-e-dct6-toile,DS DS3 II,occasion,SANS APPORT,Hybride,Automatique,19300,410,https://auto-dispo.cic-leasing.fr/leasing-voiture/ds/ds3-ii/hybride-145-e-dct6-toile-ves00446466?apport=sans
2026-09-15T14:43:18,ves00456585,peugeot,2008-ii,hybrid-145-e-dcs6-gt,SANS APPORT PEUGEOT 2008 II Hybrid 145 e-DCS6 GT,,,Hybride,Automatique,10,411,https://auto-dispo.cic-leasing.fr/leasing-voiture/peugeot/2008-ii/hybrid-145-e-dcs6-gt-ves00456585?apport=sans
2026-09-15T14:43:18,ves00453751,volkswagen,t-roc,15-tsi-evo2-150-start-stop-dsg7-life-plus,VOLKSWAGEN T-Roc 1.5 TSI EVO2 150 Start/Stop DSG7 Life Plus,occasion,SANS APPORT,Essence,Automatique,10523,411,https://auto-dispo.cic-leasing.fr/leasing-voiture/volkswagen/t-roc/15-tsi-evo2-150-start-stop-dsg7-life-plus-ves00453751?apport=sans
2026-09-15T14:43:18,ves00457260,peugeot,308-sw-iii,hybrid-145-e-dcs6-gt,PEUGEOT 308 SW III Hybrid 145 e-DCS6 GT,occasion,SANS APPORT,Hybride,Automatique,18088,411,https://auto-dispo.cic-leasing.fr/leasing-voiture/peugeot/308-sw-iii/hybrid-145-e-dcs6-gt-ves00457260?apport=sans
2026-09-15T14:43:18,ves00457421,dacia,duster-iii,hybrid-155-journey,DACIA Duster III Hybrid 155 Journey,occasion,SANS APPORT,Hybride,Automatique,597,411,https://auto-dispo.cic-leasing.fr/leasing-voiture/dacia/duster-iii/hybrid-155-journey-ves00457421?apport=sans
2026-09-15T14:43:18,ves00444293,nissan,juke-ii,hybrid-143-n-connecta,SANS APPORT NISSAN Juke II HYBRID 143 N-Connecta,,,Hybride,Automatique,100,411,https://auto-dispo.cic-leasing.fr/leasing-voiture/nissan/juke-ii/hybrid-143-n-connecta-ves00444293?apport=sans
2026-09-15T14:43:18,ves00458644,peugeot,308-sw-iii,hybrid-145-e-dcs6-gt,PEUGEOT 308 SW III Hybrid 145 e-DCS6 GT,occasion,SANS APPORT,Hybride,Automatique,18613,411,https://auto-dispo.cic-leasing.fr/leasing-voiture/peugeot/308-sw-iii/hybrid-145-e-dcs6-gt-ves00458644?apport=sans
2026-09-15T14:43:18,ves00445146,renault,symbioz,e-tech-full-hybrid-145-techno,SANS APPORT RENAULT Symbioz E-Tech full hybrid 145 Techno,,,Hybride,Automatique,10,412,https://auto-dispo.cic-leasing.fr/leasing-voiture/renault/symbioz/e-tech-full-hybrid-145-techno-ves00445146?apport=sans
2026-09-15T14:43:18,ves00432734,ds,ds3-ii,hybride-145-e-dct6-toile,DS DS3 II,occasion,SANS APPORT,Hybride,Automatique,10135,412,https://auto-dispo.cic-leasing.fr/leasing-voiture/ds/ds3-ii/hybride-145-e-dct6-toile-ves00432734?apport=sans
2026-09-15T14:43:18,ves00453733,volkswagen,t-roc,15-tsi-evo2-150-start-stop-dsg7-life-plus,VOLKSWAGEN T-Roc 1.5 TSI EVO2 150 Start/Stop DSG7 Life Plus,occasion,SANS APPORT,Essence,Automatique,13436,412,https://auto-dispo.cic-leasing.fr/leasing-voiture/volkswagen/t-roc/15-tsi-evo2-150-start-stop-dsg7-life-plus-ves00453733?apport=sans
2026-09-15T14:43:18,ves00460243,peugeot,5008-iii,hybrid-145-ch-e-dcs6-gt,PEUGEOT 5008 III Hybrid 145 ch e-DCS6 GT,occasion,SANS APPORT,Hybride,Automatique,3273,412,https://auto-dispo.cic-leasing.fr/leasing-voiture/peugeot/5008-iii/hybrid-145-ch-e-dcs6-gt-ves00460243?apport=sans
2026-09-15T14:43:18,ves00457274,peugeot,308-sw-iii,hybrid-145-e-dcs6-gt,PEUGEOT 308 SW III Hybrid 145 e-DCS6 GT,occasion,SANS APPORT,Hybride,Automatique,26100,412,https://auto-dispo.cic-leasing.fr/leasing-voiture/peugeot/308-sw-iii/hybrid-145-e-dcs6-gt-ves00457274?apport=sans
2026-09-15T14:43:18,ves00458631,peugeot,308-sw-iii,hybrid-145-e-dcs6-gt,PEUGEOT 308 SW III Hybrid 145 e-DCS6 GT,occasion,SANS APPORT,Hybride,Automatique,26743,412,https://auto-dispo.cic-leasing.fr/leasing-voiture/peugeot/308-sw-iii/hybrid-145-e-dcs6-gt-ves00458631?apport=sans
2026-09-15T14:43:18,ves00460242,peugeot,5008-iii,hybrid-145-ch-e-dcs6-gt,PEUGEOT 5008 III Hybrid 145 ch e-DCS6 GT,occasion,SANS APPORT,Hybride,Automatique,3995,413,https://auto-dispo.cic-leasing.fr/leasing-voiture/peugeot/5008-iii/hybrid-145-ch-e-dcs6-gt-ves00460242?apport=sans
2026-09-15T14:43:18,ves00457270,peugeot,308-sw-iii,hybrid-145-e-dcs6-gt,PEUGEOT 308 SW III Hybrid 145 e-DCS6 GT,occasion,SANS APPORT,Hybride,Automatique,20435,413,https://auto-dispo.cic-leasing.fr/leasing-voiture/peugeot/308-sw-iii/hybrid-145-e-dcs6-gt-ves00457270?apport=sans
2026-09-15T14:43:18,ves00459858,peugeot,5008-iii,hybrid-145-ch-e-dcs6-gt,SANS APPORT PEUGEOT 5008 III Hybrid 145 ch e-DCS6 GT,,,Hybride,Automatique,10,413,https://auto-dispo.cic-leasing.fr/leasing-voiture/peugeot/5008-iii/hybrid-145-ch-e-dcs6-gt-ves00459858?apport=sans
2026-09-15T14:43:18,ves00458625,peugeot,308-sw-iii,hybrid-145-e-dcs6-gt,PEUGEOT 308 SW III Hybrid 145 e-DCS6 GT,occasion,SANS APPORT,Hybride,Automatique,26360,413,https://auto-dispo.cic-leasing.fr/leasing-voiture/peugeot/308-sw-iii/hybrid-145-e-dcs6-gt-ves00458625?apport=sans
2026-09-15T14:43:18,ves00410604,renault,clio-5,blue-dci-100-ch-gsr2-evolution,SANS APPORT RENAULT Clio 5 Blue dCi 100 ch GSR2 Evolution,,,Diesel,Manuelle,10,413,https://auto-dispo.cic-leasing.fr/leasing-voiture/renault/clio-5/blue-dci-100-ch-gsr2-evolution-ves00410604?apport=sans
2026-09-15T14:43:18,ves00456290,peugeot,2008-ii,hybrid-145-e-dcs6-gt,SANS APPORT PEUGEOT 2008 II Hybrid 145 e-DCS6 GT,,,Hybride,Automatique,10,413,https://auto-dispo.cic-leasing.fr/leasing-voiture/peugeot/2008-ii/hybrid-145-e-dcs6-gt-ves00456290?apport=sans
2026-09-15T14:43:18,ves00460240,citroen,c5-aircross,145-ch-e-dcs6-max,SANS APPORT CITROEN C5 AIRCROSS 145 ch e-DCS6 Max,,,Essence,Automatique,10,414,https://auto-dispo.cic-leasing.fr/leasing-voiture/citroen/c5-aircross/145-ch-e-dcs6-max-ves00460240?apport=sans
2026-09-15T14:43:18,ves00461065,toyota,c-hr-ii,hybride-140-graphic,SANS APPORT TOYOTA C-HR II,,,Hybride,Automatique,10,414,https://auto-dispo.cic-leasing.fr/leasing-voiture/toyota/c-hr-ii/hybride-140-graphic-ves00461065?apport=sans
2026-09-15T14:43:18,ves00457275,peugeot,308-sw-iii,hybrid-145-e-dcs6-gt,PEUGEOT 308 SW III Hybrid 145 e-DCS6 GT,occasion,SANS APPORT,Hybride,Automatique,10912,414,https://auto-dispo.cic-leasing.fr/leasing-voiture/peugeot/308-sw-iii/hybrid-145-e-dcs6-gt-ves00457275?apport=sans
2026-09-15T14:43:18,ves00462153,peugeot,5008-iii,hybrid-145-ch-e-dcs6-gt,PEUGEOT 5008 III Hybrid 145 ch e-DCS6 GT,occasion,SANS APPORT,Hybride,Automatique,27485,415,https://auto-dispo.cic-leasing.fr/leasing-voiture/peugeot/5008-iii/hybrid-145-ch-e-dcs6-gt-ves00462153?apport=sans
2026-09-15T14:43:18,ves00447420,nissan,juke-ii,hybrid-143-n-connecta,SANS APPORT NISSAN Juke II HYBRID 143 N-Connecta,,,Hybride,Automatique,100,415,https://auto-dispo.cic-leasing.fr/leasing-voiture/nissan/juke-ii/hybrid-143-n-connecta-ves00447420?apport=sans
2026-09-15T14:43:18,ves00456210,jeep,avenger,12-turbo-t3-145-ch-bvr6-4xe-the-north-face,SANS APPORT JEEP Avenger 1.2 Turbo T3 145 ch BVR6 4xe The North Face,,,Hybride,Automatique,10,415,https://auto-dispo.cic-leasing.fr/leasing-voiture/jeep/avenger/12-turbo-t3-145-ch-bvr6-4xe-the-north-face-ves00456210?apport=sans
2026-09-15T14:43:18,ves00462712,peugeot,5008-iii,hybrid-145-ch-e-dcs6-gt,SANS APPORT PEUGEOT 5008 III Hybrid 145 ch e-DCS6 GT,,,Hybride,Automatique,10,415,https://auto-dispo.cic-leasing.fr/leasing-voiture/peugeot/5008-iii/hybrid-145-ch-e-dcs6-gt-ves00462712?apport=sans
2026-09-15T14:43:18,ves00457262,peugeot,308-sw-iii,hybrid-145-e-dcs6-gt,PEUGEOT 308 SW III Hybrid 145 e-DCS6 GT,occasion,SANS APPORT,Hybride,Automatique,13485,416,https://auto-dispo.cic-leasing.fr/leasing-voiture/peugeot/308-sw-iii/hybrid-145-e-dcs6-gt-ves00457262?apport=sans
2026-09-15T14:43:18,ves00457276,peugeot,308-sw-iii,hybrid-145-e-dcs6-gt,PEUGEOT 308 SW III Hybrid 145 e-DCS6 GT,occasion,SANS APPORT,Hybride,Automatique,13482,416,https://auto-dispo.cic-leasing.fr/leasing-voiture/peugeot/308-sw-iii/hybrid-145-e-dcs6-gt-ves00457276?apport=sans
2026-09-15T14:43:18,ves00457272,peugeot,308-sw-iii,hybrid-145-e-dcs6-gt,PEUGEOT 308 SW III Hybrid 145 e-DCS6 GT,occasion,SANS APPORT,Hybride,Automatique,12529,416,https://auto-dispo.cic-leasing.fr/leasing-voiture/peugeot/308-sw-iii/hybrid-145-e-dcs6-gt-ves00457272?apport=sans
2026-09-15T14:43:18,ves00458798,citroen,c5-aircross,145-ch-e-dcs6-max,SANS APPORT CITROEN C5 AIRCROSS 145 ch e-DCS6 Max,,,Essence,Automatique,10,416,https://auto-dispo.cic-leasing.fr/leasing-voiture/citroen/c5-aircross/145-ch-e-dcs6-max-ves00458798?apport=sans
2026-09-15T14:43:18,ves00452376,peugeot,2008-ii,hybrid-145-e-dcs6-gt,SANS APPORT PEUGEOT 2008 II Hybrid 145 e-DCS6 GT,,,Hybride,Automatique,10,416,https://auto-dispo.cic-leasing.fr/leasing-voiture/peugeot/2008-ii/hybrid-145-e-dcs6-gt-ves00452376?apport=sans
2026-09-15T14:43:18,ves00457273,peugeot,308-sw-iii,hybrid-145-e-dcs6-gt,PEUGEOT 308 SW III Hybrid 145 e-DCS6 GT,occasion,SANS APPORT,Hybride,Automatique,14260,416,https://auto-dispo.cic-leasing.fr/leasing-voiture/peugeot/308-sw-iii/hybrid-145-e-dcs6-gt-ves00457273?apport=sans
2026-09-15T14:43:18,ves00455628,citroen,c5-aircross,145-ch-e-dcs6-max,SANS APPORT CITROEN C5 AIRCROSS 145 ch e-DCS6 Max,,,Essence,Automatique,10,416,https://auto-dispo.cic-leasing.fr/leasing-voiture/citroen/c5-aircross/145-ch-e-dcs6-max-ves00455628?apport=sans
2026-09-15T14:43:18,ves00457266,peugeot,308-sw-iii,hybrid-145-e-dcs6-gt,PEUGEOT 308 SW III Hybrid 145 e-DCS6 GT,occasion,SANS APPORT,Hybride,Automatique,20671,416,https://auto-dispo.cic-leasing.fr/leasing-voiture/peugeot/308-sw-iii/hybrid-145-e-dcs6-gt-ves00457266?apport=sans
2026-09-15T14:43:18,ves00444232,nissan,juke-ii,hybrid-143-n-connecta,SANS APPORT NISSAN Juke II HYBRID 143 N-Connecta,,,Hybride,Automatique,100,416,https://auto-dispo.cic-leasing.fr/leasing-voiture/nissan/juke-ii/hybrid-143-n-connecta-ves00444232?apport=sans
2026-09-15T14:43:18,ves00427811,peugeot,3008-iii,hybrid-145-e-dcs6-gt,SANS APPORT PEUGEOT 3008 III Hybrid 145 e-DCS6 GT,,,Hybride,Automatique,10,417,https://auto-dispo.cic-leasing.fr/leasing-voiture/peugeot/3008-iii/hybrid-145-e-dcs6-gt-ves00427811?apport=sans
2026-09-15T14:43:18,ves00444858,renault,symbioz,mild-hybrid-140-ch-techno,SANS APPORT RENAULT Symbioz mild hybrid 140 ch Techno,,,Hybride,Manuelle,10,418,https://auto-dispo.cic-leasing.fr/leasing-voiture/renault/symbioz/mild-hybrid-140-ch-techno-ves00444858?apport=sans
2026-09-15T14:43:18,ves00440657,citroen,c5-aircross,145-ch-e-dcs6-max,SANS APPORT CITROEN C5 AIRCROSS 145 ch e-DCS6 Max,,,Essence,Automatique,10,418,https://auto-dispo.cic-leasing.fr/leasing-voiture/citroen/c5-aircross/145-ch-e-dcs6-max-ves00440657?apport=sans
2026-09-15T14:43:18,ves00452396,peugeot,2008-ii,hybrid-145-e-dcs6-gt,SANS APPORT PEUGEOT 2008 II Hybrid 145 e-DCS6 GT,,,Hybride,Automatique,10,418,https://auto-dispo.cic-leasing.fr/leasing-voiture/peugeot/2008-ii/hybrid-145-e-dcs6-gt-ves00452396?apport=sans
2026-09-15T14:43:18,ves00451637,audi,audi-a1-sportback,30-tfsi-116-ch-s-tronic-7-design,SANS APPORT AUDI Audi A1 SportBack 30 TFSI 116 ch S tronic 7 Design,,,Essence,Automatique,10,419,https://auto-dispo.cic-leasing.fr/leasing-voiture/audi/audi-a1-sportback/30-tfsi-116-ch-s-tronic-7-design-ves00451637?apport=sans
2026-09-15T14:43:18,ves00456272,peugeot,2008-ii,hybrid-145-e-dcs6-gt-exclusive,SANS APPORT PEUGEOT 2008 II Hybrid 145 e-DCS6 GT Exclusive,,,Hybride,Automatique,10,419,https://auto-dispo.cic-leasing.fr/leasing-voiture/peugeot/2008-ii/hybrid-145-e-dcs6-gt-exclusive-ves00456272?apport=sans
2026-09-15T14:43:18,ves00451596,volkswagen,t-roc,15-tsi-evo2-150-start-stop-dsg7-life-plus,VOLKSWAGEN T-Roc 1.5 TSI EVO2 150 Start/Stop DSG7 Life Plus,occasion,SANS APPORT,Essence,Automatique,16459,419,https://auto-dispo.cic-leasing.fr/leasing-voiture/volkswagen/t-roc/15-tsi-evo2-150-start-stop-dsg7-life-plus-ves00451596?apport=sans
2026-09-15T14:43:18,ves00459195,dacia,bigster,155-extreme,SANS APPORT DACIA Bigster 155 Extreme,,,Hybride,Automatique,10,419,https://auto-dispo.cic-leasing.fr/leasing-voiture/dacia/bigster/155-extreme-ves00459195?apport=sans
2026-09-15T14:43:18,ves00459059,toyota,yaris-cross,130h-2wd-design,SANS APPORT TOYOTA Yaris Cross 130h 2WD Design,,,Hybride,Automatique,10,419,https://auto-dispo.cic-leasing.fr/leasing-voiture/toyota/yaris-cross/130h-2wd-design-ves00459059?apport=sans
2026-09-15T14:43:18,ves00454452,renault,symbioz,e-tech-full-hybrid-160-ch-techno,SANS APPORT RENAULT Symbioz E-Tech full hybrid 160 ch Techno,,,Hybride,Automatique,10,420,https://auto-dispo.cic-leasing.fr/leasing-voiture/renault/symbioz/e-tech-full-hybrid-160-ch-techno-ves00454452?apport=sans
2026-09-15T14:43:18,ves00457440,peugeot,2008-ii,hybrid-145-e-dcs6-gt,SANS APPORT PEUGEOT 2008 II Hybrid 145 e-DCS6 GT,,,Hybride,Automatique,10,420,https://auto-dispo.cic-leasing.fr/leasing-voiture/peugeot/2008-ii/hybrid-145-e-dcs6-gt-ves00457440?apport=sans
2026-09-15T14:43:18,ves00451638,audi,audi-a1-sportback,30-tfsi-116-ch-s-tronic-7-design,SANS APPORT AUDI Audi A1 SportBack 30 TFSI 116 ch S tronic 7 Design,,,Essence,Automatique,10,421,https://auto-dispo.cic-leasing.fr/leasing-voiture/audi/audi-a1-sportback/30-tfsi-116-ch-s-tronic-7-design-ves00451638?apport=sans
2026-09-15T14:43:18,ves00461068,toyota,c-hr-ii,hybride-140-graphic,SANS APPORT TOYOTA C-HR II,,,Hybride,Automatique,10,421,https://auto-dispo.cic-leasing.fr/leasing-voiture/toyota/c-hr-ii/hybride-140-graphic-ves00461068?apport=sans
2026-09-15T14:43:18,ves00457265,peugeot,308-sw-iii,hybrid-145-e-dcs6-gt,PEUGEOT 308 SW III Hybrid 145 e-DCS6 GT,occasion,SANS APPORT,Hybride,Automatique,15373,421,https://auto-dispo.cic-leasing.fr/leasing-voiture/peugeot/308-sw-iii/hybrid-145-e-dcs6-gt-ves00457265?apport=sans
2026-09-15T14:43:18,ves00458621,peugeot,308-sw-iii,hybrid-145-e-dcs6-gt,PEUGEOT 308 SW III Hybrid 145 e-DCS6 GT,occasion,SANS APPORT,Hybride,Automatique,15429,421,https://auto-dispo.cic-leasing.fr/leasing-voiture/peugeot/308-sw-iii/hybrid-145-e-dcs6-gt-ves00458621?apport=sans
2026-09-15T14:43:18,ves00456308,peugeot,2008-ii,hybrid-145-e-dcs6-gt-exclusive,SANS APPORT PEUGEOT 2008 II Hybrid 145 e-DCS6 GT Exclusive,,,Hybride,Automatique,10,421,https://auto-dispo.cic-leasing.fr/leasing-voiture/peugeot/2008-ii/hybrid-145-e-dcs6-gt-exclusive-ves00456308?apport=sans
2026-09-15T14:43:18,ves00459036,dacia,duster-iii,hybrid-155-extreme,SANS APPORT DACIA Duster III Hybrid 155 Extreme,,,Hybride,Automatique,10,421,https://auto-dispo.cic-leasing.fr/leasing-voiture/dacia/duster-iii/hybrid-155-extreme-ves00459036?apport=sans
2026-09-15T14:43:18,ves00460513,kia,sportage,hybride-239-ch-bva6-active,SANS APPORT KIA SPORTAGE,,,Hybride,Automatique,100,421,https://auto-dispo.cic-leasing.fr/leasing-voiture/kia/sportage/hybride-239-ch-bva6-active-ves00460513?apport=sans
2026-09-15T14:43:18,ves00457264,peugeot,308-sw-iii,hybrid-145-e-dcs6-gt,PEUGEOT 308 SW III Hybrid 145 e-DCS6 GT,occasion,SANS APPORT,Hybride,Automatique,15936,421,https://auto-dispo.cic-leasing.fr/leasing-voiture/peugeot/308-sw-iii/hybrid-145-e-dcs6-gt-ves00457264?apport=sans
2026-09-15T14:43:18,ves00459085,dacia,duster-iii,hybrid-155-journey,SANS APPORT DACIA Duster III Hybrid 155 Journey,,,Hybride,Automatique,10,421,https://auto-dispo.cic-leasing.fr/leasing-voiture/dacia/duster-iii/hybrid-155-journey-ves00459085?apport=sans
2026-09-15T14:43:18,ves00450246,citroen,c5-aircross,145-ch-e-dcs6-plus,SANS APPORT CITROEN C5 AIRCROSS 145 ch e-DCS6 Plus,,,Essence,Automatique,10,421,https://auto-dispo.cic-leasing.fr/leasing-voiture/citroen/c5-aircross/145-ch-e-dcs6-plus-ves00450246?apport=sans
2026-09-15T14:43:18,ves00460631,toyota,yaris-cross,130h-2wd-design,SANS APPORT TOYOTA Yaris Cross 130h 2WD Design,,,Hybride,Automatique,10,422,https://auto-dispo.cic-leasing.fr/leasing-voiture/toyota/yaris-cross/130h-2wd-design-ves00460631?apport=sans
2026-09-15T14:43:18,ves00462064,renault,captur-ii,e-tech-full-hybrid-160-ch-evolution,SANS APPORT RENAULT Captur II E-Tech full hybrid 160 ch Evolution,,,Hybride,Automatique,10,422,https://auto-dispo.cic-leasing.fr/leasing-voiture/renault/captur-ii/e-tech-full-hybrid-160-ch-evolution-ves00462064?apport=sans
2026-09-15T14:43:18,ves00460222,hyundai,kona-ii-hybrid,hybrid-138-n-line-ultime-edition,SANS APPORT HYUNDAI Kona II Hybrid Hybrid 138 N Line Ultime Edition,,,Hybride,Automatique,10,422,https://auto-dispo.cic-leasing.fr/leasing-voiture/hyundai/kona-ii-hybrid/hybrid-138-n-line-ultime-edition-ves00460222?apport=sans
2026-09-15T14:43:18,ves00435650,toyota,yaris-cross,130h-2wd-design,SANS APPORT TOYOTA Yaris Cross 130h 2WD Design,,,Hybride,Automatique,10,423,https://auto-dispo.cic-leasing.fr/leasing-voiture/toyota/yaris-cross/130h-2wd-design-ves00435650?apport=sans
2026-09-15T14:43:18,ves00447028,peugeot,308-iii,bluehdi-130ch-ss-eat8-style,SANS APPORT PEUGEOT 308 III BlueHDi 130ch S&S EAT8 Style,,,Diesel,Automatique,10,423,https://auto-dispo.cic-leasing.fr/leasing-voiture/peugeot/308-iii/bluehdi-130ch-ss-eat8-style-ves00447028?apport=sans
2026-09-15T14:43:18,ves00458892,dacia,duster-iii,hybrid-155-extreme,SANS APPORT DACIA Duster III Hybrid 155 Extreme,,,Hybride,Automatique,10,423,https://auto-dispo.cic-leasing.fr/leasing-voiture/dacia/duster-iii/hybrid-155-extreme-ves00458892?apport=sans
2026-09-15T14:43:18,ves00435647,toyota,yaris-cross,130h-2wd-design,SANS APPORT TOYOTA Yaris Cross 130h 2WD Design,,,Hybride,Automatique,10,423,https://auto-dispo.cic-leasing.fr/leasing-voiture/toyota/yaris-cross/130h-2wd-design-ves00435647?apport=sans
2026-09-15T14:43:18,ves00458899,dacia,duster-iii,hybrid-155-journey,SANS APPORT DACIA Duster III Hybrid 155 Journey,,,Hybride,Automatique,10,424,https://auto-dispo.cic-leasing.fr/leasing-voiture/dacia/duster-iii/hybrid-155-journey-ves00458899?apport=sans
2026-09-15T14:43:18,ves00448602,nissan,juke-ii,hybrid-143-n-connecta,SANS APPORT NISSAN Juke II HYBRID 143 N-Connecta,,,Hybride,Automatique,100,424,https://auto-dispo.cic-leasing.fr/leasing-voiture/nissan/juke-ii/hybrid-143-n-connecta-ves00448602?apport=sans
2026-09-15T14:43:18,ves00461066,toyota,c-hr-ii,hybride-140-graphic,SANS APPORT TOYOTA C-HR II,,,Hybride,Automatique,10,424,https://auto-dispo.cic-leasing.fr/leasing-voiture/toyota/c-hr-ii/hybride-140-graphic-ves00461066?apport=sans
2026-09-15T14:43:18,ves00462454,ds,ds4-ii,hybride-e-tense-225-eat8-rivoli,DS DS4 II,occasion,SANS APPORT,Hybride,Automatique,11303,424,https://auto-dispo.cic-leasing.fr/leasing-voiture/ds/ds4-ii/hybride-e-tense-225-eat8-rivoli-ves00462454?apport=sans
2026-09-15T14:43:18,ves00435370,peugeot,5008-iii,hybrid-145-ch-e-dcs6-allure,PEUGEOT 5008 III Hybrid 145 ch e-DCS6 Allure,occasion,SANS APPORT,Hybride,Automatique,29300,424,https://auto-dispo.cic-leasing.fr/leasing-voiture/peugeot/5008-iii/hybrid-145-ch-e-dcs6-allure-ves00435370?apport=sans
2026-09-15T14:43:18,ves00453634,peugeot,3008-iii,hybrid-145-e-dcs6-gt,SANS APPORT PEUGEOT 3008 III Hybrid 145 e-DCS6 GT,,,Hybride,Automatique,10,424,https://auto-dispo.cic-leasing.fr/leasing-voiture/peugeot/3008-iii/hybrid-145-e-dcs6-gt-ves00453634?apport=sans
2026-09-15T14:43:18,ves00460145,audi,a3-sportback-iv,tfsi-mild-hybrid-150-s-tronic-7-design,SANS APPORT AUDI A3 Sportback IV TFSI Mild Hybrid 150 S tronic 7 Design,,,Essence,Automatique,10,426,https://auto-dispo.cic-leasing.fr/leasing-voiture/audi/a3-sportback-iv/tfsi-mild-hybrid-150-s-tronic-7-design-ves00460145?apport=sans
2026-09-15T14:43:18,ves00453734,volkswagen,t-roc,15-tsi-evo2-150-start-stop-dsg7-life-plus,VOLKSWAGEN T-Roc 1.5 TSI EVO2 150 Start/Stop DSG7 Life Plus,occasion,SANS APPORT,Essence,Automatique,24695,427,https://auto-dispo.cic-leasing.fr/leasing-voiture/volkswagen/t-roc/15-tsi-evo2-150-start-stop-dsg7-life-plus-ves00453734?apport=sans
2026-09-15T14:43:18,ves00450011,peugeot,3008-iii,hybrid-145-e-dcs6-gt,SANS APPORT PEUGEOT 3008 III Hybrid 145 e-DCS6 GT,,,Hybride,Automatique,10,427,https://auto-dispo.cic-leasing.fr/leasing-voiture/peugeot/3008-iii/hybrid-145-e-dcs6-gt-ves00450011?apport=sans
2026-09-15T14:43:18,ves00450243,citroen,c5-aircross,145-ch-e-dcs6-plus,SANS APPORT CITROEN C5 AIRCROSS 145 ch e-DCS6 Plus,,,Essence,Automatique,10,427,https://auto-dispo.cic-leasing.fr/leasing-voiture/citroen/c5-aircross/145-ch-e-dcs6-plus-ves00450243?apport=sans
2026-09-15T14:43:18,ves00458891,renault,captur-ii,e-tech-full-hybrid-160-ch-techno,SANS APPORT RENAULT Captur II E-Tech full hybrid 160 ch Techno,,,Hybride,Automatique,10,427,https://auto-dispo.cic-leasing.fr/leasing-voiture/renault/captur-ii/e-tech-full-hybrid-160-ch-techno-ves00458891?apport=sans
2026-09-15T14:43:18,ves00451446,dacia,duster-iii,hybrid-g-150-4x4-expression,SANS APPORT DACIA Duster III Hybrid-G 150 4x4 Expression,,,Essence,Automatique,10,428,https://auto-dispo.cic-leasing.fr/leasing-voiture/dacia/duster-iii/hybrid-g-150-4x4-expression-ves00451446?apport=sans
2026-09-15T14:43:18,ves00440566,volkswagen,t-roc,15-tsi-evo2-150-start-stop-dsg7-life-plus,SANS APPORT VOLKSWAGEN T-Roc 1.5 TSI EVO2 150 Start/Stop DSG7 Life Plus,,,Essence,Automatique,10,428,https://auto-dispo.cic-leasing.fr/leasing-voiture/volkswagen/t-roc/15-tsi-evo2-150-start-stop-dsg7-life-plus-ves00440566?apport=sans
2026-09-15T14:43:18,ves00456446,renault,captur-ii,e-tech-full-hybrid-160-ch-esprit-alpine,SANS APPORT RENAULT Captur II E-Tech full hybrid 160 ch esprit Alpine,,,Hybride,Automatique,10,428,https://auto-dispo.cic-leasing.fr/leasing-voiture/renault/captur-ii/e-tech-full-hybrid-160-ch-esprit-alpine-ves00456446?apport=sans
2026-09-15T14:43:18,ves00451246,mg,ehs-ii,15t-phev-272-ch-luxury,MG EHS II 1.5T PHEV 272 ch Luxury,occasion,SANS APPORT,Hybride rechargeable,Automatique,17761,428,https://auto-dispo.cic-leasing.fr/leasing-voiture/mg/ehs-ii/15t-phev-272-ch-luxury-ves00451246?apport=sans
2026-09-15T14:43:18,ves00411567,peugeot,5008-iii,hybrid-145-ch-e-dcs6-allure,SANS APPORT PEUGEOT 5008 III Hybrid 145 ch e-DCS6 Allure,,,Hybride,Automatique,10,428,https://auto-dispo.cic-leasing.fr/leasing-voiture/peugeot/5008-iii/hybrid-145-ch-e-dcs6-allure-ves00411567?apport=sans
2026-09-15T14:43:18,ves00451447,dacia,duster-iii,hybrid-g-150-4x4-expression,SANS APPORT DACIA Duster III Hybrid-G 150 4x4 Expression,,,Essence,Automatique,10,429,https://auto-dispo.cic-leasing.fr/leasing-voiture/dacia/duster-iii/hybrid-g-150-4x4-expression-ves00451447?apport=sans
2026-09-15T14:43:18,ves00460333,hyundai,kona-ii-hybrid,hybrid-138-n-line-ultime-edition,SANS APPORT HYUNDAI Kona II Hybrid Hybrid 138 N Line Ultime Edition,,,Hybride,Automatique,10,429,https://auto-dispo.cic-leasing.fr/leasing-voiture/hyundai/kona-ii-hybrid/hybrid-138-n-line-ultime-edition-ves00460333?apport=sans
2026-09-15T14:43:18,ves00459045,toyota,yaris-cross,130h-2wd-design,SANS APPORT TOYOTA Yaris Cross 130h 2WD Design,,,Hybride,Automatique,10,429,https://auto-dispo.cic-leasing.fr/leasing-voiture/toyota/yaris-cross/130h-2wd-design-ves00459045?apport=sans
2026-09-15T14:43:18,ves00456830,renault,captur-ii,e-tech-full-hybrid-160-ch-techno,SANS APPORT RENAULT Captur II E-Tech full hybrid 160 ch Techno,,,Hybride,Automatique,10,429,https://auto-dispo.cic-leasing.fr/leasing-voiture/renault/captur-ii/e-tech-full-hybrid-160-ch-techno-ves00456830?apport=sans
2026-09-15T14:43:18,ves00445868,peugeot,3008-iii,hybrid-145-e-dcs6-gt,SANS APPORT PEUGEOT 3008 III Hybrid 145 e-DCS6 GT,,,Hybride,Automatique,10,429,https://auto-dispo.cic-leasing.fr/leasing-voiture/peugeot/3008-iii/hybrid-145-e-dcs6-gt-ves00445868?apport=sans
2026-09-15T14:43:18,ves00439871,peugeot,5008-iii,hybrid-145-ch-e-dcs6-gt,SANS APPORT PEUGEOT 5008 III Hybrid 145 ch e-DCS6 GT,,,Hybride,Automatique,10,429,https://auto-dispo.cic-leasing.fr/leasing-voiture/peugeot/5008-iii/hybrid-145-ch-e-dcs6-gt-ves00439871?apport=sans
2026-09-15T14:43:18,ves00452857,toyota,corolla-hybride-touring-sport-xii,140ch-design,SANS APPORT TOYOTA Corolla,,,Hybride,Automatique,10,430,https://auto-dispo.cic-leasing.fr/leasing-voiture/toyota/corolla-hybride-touring-sport-xii/140ch-design-ves00452857?apport=sans
2026-09-15T14:43:18,ves00453808,renault,captur-ii,e-tech-full-hybrid-160-ch-esprit-alpine,SANS APPORT RENAULT Captur II E-Tech full hybrid 160 ch esprit Alpine,,,Hybride,Automatique,10,430,https://auto-dispo.cic-leasing.fr/leasing-voiture/renault/captur-ii/e-tech-full-hybrid-160-ch-esprit-alpine-ves00453808?apport=sans
2026-09-15T14:43:18,ves00432569,audi,audi-a1-sportback,30-tfsi-116-ch-s-tronic-7-s-line,SANS APPORT AUDI Audi A1 SportBack 30 TFSI 116 ch S tronic 7 S Line,,,Essence,Automatique,10,430,https://auto-dispo.cic-leasing.fr/leasing-voiture/audi/audi-a1-sportback/30-tfsi-116-ch-s-tronic-7-s-line-ves00432569?apport=sans
2026-09-15T14:43:18,ves00411800,peugeot,5008-iii,hybrid-145-ch-e-dcs6-allure,SANS APPORT PEUGEOT 5008 III Hybrid 145 ch e-DCS6 Allure,,,Hybride,Automatique,10,430,https://auto-dispo.cic-leasing.fr/leasing-voiture/peugeot/5008-iii/hybrid-145-ch-e-dcs6-allure-ves00411800?apport=sans
2026-09-15T14:43:18,ves00456723,dacia,bigster,mild-hybrid-g-140-expression,SANS APPORT DACIA Bigster Mild Hybrid-G 140 Expression,,,Essence,Manuelle,10,431,https://auto-dispo.cic-leasing.fr/leasing-voiture/dacia/bigster/mild-hybrid-g-140-expression-ves00456723?apport=sans
2026-09-15T14:43:18,ves00453802,renault,captur-ii,e-tech-full-hybrid-160-ch-esprit-alpine,SANS APPORT RENAULT Captur II E-Tech full hybrid 160 ch esprit Alpine,,,Hybride,Automatique,10,431,https://auto-dispo.cic-leasing.fr/leasing-voiture/renault/captur-ii/e-tech-full-hybrid-160-ch-esprit-alpine-ves00453802?apport=sans
2026-09-15T14:43:18,ves00452115,dacia,bigster,mild-hybrid-g-140-expression,SANS APPORT DACIA Bigster Mild Hybrid-G 140 Expression,,,Essence,Manuelle,10,431,https://auto-dispo.cic-leasing.fr/leasing-voiture/dacia/bigster/mild-hybrid-g-140-expression-ves00452115?apport=sans
2026-09-15T14:43:18,ves00447040,peugeot,308-sw-iii,sw-bluehdi-130ch-ss-eat8-style,SANS APPORT PEUGEOT 308 SW III SW BlueHDi 130ch S&S EAT8 Style,,,Diesel,Automatique,10,431,https://auto-dispo.cic-leasing.fr/leasing-voiture/peugeot/308-sw-iii/sw-bluehdi-130ch-ss-eat8-style-ves00447040?apport=sans
2026-09-15T14:43:18,ves00455556,peugeot,308-sw-iii,sw-bluehdi-130ch-ss-eat8-allure,SANS APPORT PEUGEOT 308 SW III SW BlueHDi 130ch S&S EAT8 Allure,,,Diesel,Automatique,10,432,https://auto-dispo.cic-leasing.fr/leasing-voiture/peugeot/308-sw-iii/sw-bluehdi-130ch-ss-eat8-allure-ves00455556?apport=sans
2026-09-15T14:43:18,ves00445143,renault,symbioz,e-tech-full-hybrid-160-ch-esprit-alpine,SANS APPORT RENAULT Symbioz E-Tech full hybrid 160 ch Esprit Alpine,,,Hybride,Automatique,10,432,https://auto-dispo.cic-leasing.fr/leasing-voiture/renault/symbioz/e-tech-full-hybrid-160-ch-esprit-alpine-ves00445143?apport=sans
2026-09-15T14:43:18,ves00427750,peugeot,3008-iii,hybrid-145-e-dcs6-gt,SANS APPORT PEUGEOT 3008 III Hybrid 145 e-DCS6 GT,,,Hybride,Automatique,10,432,https://auto-dispo.cic-leasing.fr/leasing-voiture/peugeot/3008-iii/hybrid-145-e-dcs6-gt-ves00427750?apport=sans
2026-09-15T14:43:18,ves00459864,peugeot,5008-iii,hybrid-145-ch-e-dcs6-gt-exclusive,SANS APPORT PEUGEOT 5008 III Hybrid 145 ch e-DCS6 GT Exclusive,,,Essence,Automatique,10,432,https://auto-dispo.cic-leasing.fr/leasing-voiture/peugeot/5008-iii/hybrid-145-ch-e-dcs6-gt-exclusive-ves00459864?apport=sans
2026-09-15T14:43:18,ves00427872,peugeot,3008-iii,hybrid-145-e-dcs6-gt,SANS APPORT PEUGEOT 3008 III Hybrid 145 e-DCS6 GT,,,Hybride,Automatique,10,433,https://auto-dispo.cic-leasing.fr/leasing-voiture/peugeot/3008-iii/hybrid-145-e-dcs6-gt-ves00427872?apport=sans
2026-09-15T14:43:18,ves00456448,renault,captur-ii,e-tech-full-hybrid-160-ch-esprit-alpine,SANS APPORT RENAULT Captur II E-Tech full hybrid 160 ch esprit Alpine,,,Hybride,Automatique,10,433,https://auto-dispo.cic-leasing.fr/leasing-voiture/renault/captur-ii/e-tech-full-hybrid-160-ch-esprit-alpine-ves00456448?apport=sans
2026-09-15T14:43:18,ves00418333,peugeot,2008-ii,hybrid-145-e-dcs6-gt,SANS APPORT PEUGEOT 2008 II Hybrid 145 e-DCS6 GT,,,Hybride,Automatique,100,433,https://auto-dispo.cic-leasing.fr/leasing-voiture/peugeot/2008-ii/hybrid-145-e-dcs6-gt-ves00418333?apport=sans
2026-09-15T14:43:18,ves00456725,dacia,bigster,mild-hybrid-g-140-expression,SANS APPORT DACIA Bigster Mild Hybrid-G 140 Expression,,,Essence,Manuelle,10,433,https://auto-dispo.cic-leasing.fr/leasing-voiture/dacia/bigster/mild-hybrid-g-140-expression-ves00456725?apport=sans
2026-09-15T14:43:18,ves00451251,mg,ehs-ii,15t-phev-272-ch-luxury,MG EHS II 1.5T PHEV 272 ch Luxury,occasion,SANS APPORT,Hybride rechargeable,Automatique,19449,433,https://auto-dispo.cic-leasing.fr/leasing-voiture/mg/ehs-ii/15t-phev-272-ch-luxury-ves00451251?apport=sans
2026-09-15T14:43:18,ves00454907,renault,austral,full-hybrid-e-tech-200-ch-techno,SANS APPORT RENAULT Austral full hybrid E-Tech 200 ch Techno,,,Hybride,Automatique,10,433,https://auto-dispo.cic-leasing.fr/leasing-voiture/renault/austral/full-hybrid-e-tech-200-ch-techno-ves00454907?apport=sans
2026-09-15T14:43:18,ves00447059,peugeot,308-sw-iii,sw-bluehdi-130ch-ss-eat8-style,SANS APPORT PEUGEOT 308 SW III SW BlueHDi 130ch S&S EAT8 Style,,,Diesel,Automatique,10,433,https://auto-dispo.cic-leasing.fr/leasing-voiture/peugeot/308-sw-iii/sw-bluehdi-130ch-ss-eat8-style-ves00447059?apport=sans
2026-09-15T14:43:18,ves00448050,peugeot,5008-iii,hybrid-145-ch-e-dcs6-gt,SANS APPORT PEUGEOT 5008 III Hybrid 145 ch e-DCS6 GT,,,Hybride,Automatique,10,433,https://auto-dispo.cic-leasing.fr/leasing-voiture/peugeot/5008-iii/hybrid-145-ch-e-dcs6-gt-ves00448050?apport=sans
2026-09-15T14:43:18,ves00411614,peugeot,5008-iii,hybrid-145-ch-e-dcs6-allure,SANS APPORT PEUGEOT 5008 III Hybrid 145 ch e-DCS6 Allure,,,Hybride,Automatique,10,434,https://auto-dispo.cic-leasing.fr/leasing-voiture/peugeot/5008-iii/hybrid-145-ch-e-dcs6-allure-ves00411614?apport=sans
2026-09-15T14:43:18,ves00447883,volkswagen,t-roc,15-tsi-evo2-150-start-stop-dsg7-r-line,VOLKSWAGEN T-Roc 1.5 TSI EVO2 150 Start/Stop DSG7 R-Line,occasion,SANS APPORT,Essence,Automatique,12136,434,https://auto-dispo.cic-leasing.fr/leasing-voiture/volkswagen/t-roc/15-tsi-evo2-150-start-stop-dsg7-r-line-ves00447883?apport=sans
2026-09-15T14:43:18,ves00438967,volkswagen,t-roc,15-tsi-evo2-150-start-stop-dsg7-r-line,VOLKSWAGEN T-Roc 1.5 TSI EVO2 150 Start/Stop DSG7 R-Line,occasion,SANS APPORT,Essence,Automatique,13220,434,https://auto-dispo.cic-leasing.fr/leasing-voiture/volkswagen/t-roc/15-tsi-evo2-150-start-stop-dsg7-r-line-ves00438967?apport=sans
2026-09-15T14:43:18,ves00448690,ds,n-4,hybride-145-e-dct6-etoile-alcantara,SANS APPORT DS N 4,,,Hybride,Automatique,10,434,https://auto-dispo.cic-leasing.fr/leasing-voiture/ds/n-4/hybride-145-e-dct6-etoile-alcantara-ves00448690?apport=sans
2026-09-15T14:43:18,ves00456450,renault,captur-ii,e-tech-full-hybrid-160-ch-esprit-alpine,SANS APPORT RENAULT Captur II E-Tech full hybrid 160 ch esprit Alpine,,,Hybride,Automatique,10,435,https://auto-dispo.cic-leasing.fr/leasing-voiture/renault/captur-ii/e-tech-full-hybrid-160-ch-esprit-alpine-ves00456450?apport=sans
2026-09-15T14:43:18,ves00451249,mg,ehs-ii,15t-phev-272-ch-luxury,MG EHS II 1.5T PHEV 272 ch Luxury,occasion,SANS APPORT,Hybride rechargeable,Automatique,21461,435,https://auto-dispo.cic-leasing.fr/leasing-voiture/mg/ehs-ii/15t-phev-272-ch-luxury-ves00451249?apport=sans
2026-09-15T14:43:18,ves00444103,volkswagen,taigo,10-tsi-116-dsg7-r-line-edition,SANS APPORT VOLKSWAGEN Taigo 1.0 TSI 116 DSG7 R-Line Edition,,,Essence,Automatique,10,435,https://auto-dispo.cic-leasing.fr/leasing-voiture/volkswagen/taigo/10-tsi-116-dsg7-r-line-edition-ves00444103?apport=sans
2026-09-15T14:43:18,ves00460255,peugeot,5008-iii,hybrid-145-ch-e-dcs6-gt,SANS APPORT PEUGEOT 5008 III Hybrid 145 ch e-DCS6 GT,,,Hybride,Automatique,10,435,https://auto-dispo.cic-leasing.fr/leasing-voiture/peugeot/5008-iii/hybrid-145-ch-e-dcs6-gt-ves00460255?apport=sans
2026-09-15T14:43:18,ves00455738,mazda,mazda3,25l-e-skyactiv-g-m-hybrid-140-ch-bvm6-homura,MAZDA MAZDA3 2.5L e-SKYACTIV-G M Hybrid 140 ch BVM6 Homura,occasion,SANS APPORT,Essence,Manuelle,29214,435,https://auto-dispo.cic-leasing.fr/leasing-voiture/mazda/mazda3/25l-e-skyactiv-g-m-hybrid-140-ch-bvm6-homura-ves00455738?apport=sans
2026-09-15T14:43:18,ves00431036,volkswagen,t-cross,10-tsi-116-start-stop-dsg7-r-line,SANS APPORT VOLKSWAGEN T-CROSS 1.0 TSI 116 Start/Stop DSG7 R-Line,,,Essence,Automatique,10,435,https://auto-dispo.cic-leasing.fr/leasing-voiture/volkswagen/t-cross/10-tsi-116-start-stop-dsg7-r-line-ves00431036?apport=sans
2026-09-15T14:43:18,ves00437977,volkswagen,t-roc,15-tsi-evo-150-start-stop-dsg7-life-plus,SANS APPORT VOLKSWAGEN T-Roc 1.5 TSI EVO 150 Start/Stop DSG7 Life Plus,,,Essence,Automatique,10,435,https://auto-dispo.cic-leasing.fr/leasing-voiture/volkswagen/t-roc/15-tsi-evo-150-start-stop-dsg7-life-plus-ves00437977?apport=sans
2026-09-15T14:43:18,ves00410511,peugeot,5008-iii,hybrid-145-ch-e-dcs6-allure,SANS APPORT PEUGEOT 5008 III Hybrid 145 ch e-DCS6 Allure,,,Hybride,Automatique,10,435,https://auto-dispo.cic-leasing.fr/leasing-voiture/peugeot/5008-iii/hybrid-145-ch-e-dcs6-allure-ves00410511?apport=sans
2026-09-15T14:43:18,ves00456442,renault,captur-ii,e-tech-full-hybrid-160-ch-esprit-alpine,SANS APPORT RENAULT Captur II E-Tech full hybrid 160 ch esprit Alpine,,,Hybride,Automatique,10,435,https://auto-dispo.cic-leasing.fr/leasing-voiture/renault/captur-ii/e-tech-full-hybrid-160-ch-esprit-alpine-ves00456442?apport=sans
2026-09-15T14:43:18,ves00427102,peugeot,3008-iii,hybrid-145-e-dcs6-allure,PEUGEOT 3008 III Hybrid 145 e-DCS6 Allure,occasion,SANS APPORT,Hybride,Automatique,26105,436,https://auto-dispo.cic-leasing.fr/leasing-voiture/peugeot/3008-iii/hybrid-145-e-dcs6-allure-ves00427102?apport=sans
2026-09-15T14:43:18,ves00452147,dacia,bigster,mild-hybrid-g-140-extreme,SANS APPORT DACIA Bigster Mild Hybrid-G 140 Extreme,,,Essence,Manuelle,10,437,https://auto-dispo.cic-leasing.fr/leasing-voiture/dacia/bigster/mild-hybrid-g-140-extreme-ves00452147?apport=sans
2026-09-15T14:43:18,ves00438163,volkswagen,t-roc,15-tsi-evo-150-start-stop-dsg7-life-plus,SANS APPORT VOLKSWAGEN T-Roc 1.5 TSI EVO 150 Start/Stop DSG7 Life Plus,,,Essence,Automatique,10,437,https://auto-dispo.cic-leasing.fr/leasing-voiture/volkswagen/t-roc/15-tsi-evo-150-start-stop-dsg7-life-plus-ves00438163?apport=sans
2026-09-15T14:43:18,ves00456444,renault,captur-ii,e-tech-full-hybrid-160-ch-esprit-alpine,SANS APPORT RENAULT Captur II E-Tech full hybrid 160 ch esprit Alpine,,,Hybride,Automatique,10,437,https://auto-dispo.cic-leasing.fr/leasing-voiture/renault/captur-ii/e-tech-full-hybrid-160-ch-esprit-alpine-ves00456444?apport=sans
2026-09-15T14:43:18,ves00462076,peugeot,e-3008-iii,210-ch-73-kwh-allure,PEUGEOT e-3008 III 210 ch 73 kWh Allure,occasion,SANS APPORT,Electrique,Automatique,13512,437,https://auto-dispo.cic-leasing.fr/leasing-voiture/peugeot/e-3008-iii/210-ch-73-kwh-allure-ves00462076?apport=sans
2026-09-15T14:43:18,ves00459897,volkswagen,tiguan-iii,15-etsi-131ch-dsg7-life-plus,VOLKSWAGEN Tiguan III 1.5 eTSI 131ch DSG7 Life Plus,occasion,SANS APPORT,Essence,Automatique,15864,437,https://auto-dispo.cic-leasing.fr/leasing-voiture/volkswagen/tiguan-iii/15-etsi-131ch-dsg7-life-plus-ves00459897?apport=sans
2026-09-15T14:43:18,ves00447318,renault,symbioz,e-tech-full-hybrid-160-ch-esprit-alpine,SANS APPORT RENAULT Symbioz E-Tech full hybrid 160 ch Esprit Alpine,,,Hybride,Automatique,10,437,https://auto-dispo.cic-leasing.fr/leasing-voiture/renault/symbioz/e-tech-full-hybrid-160-ch-esprit-alpine-ves00447318?apport=sans
2026-09-15T14:43:18,ves00410558,peugeot,3008-iii,hybrid-145-e-dcs6-allure,SANS APPORT PEUGEOT 3008 III Hybrid 145 e-DCS6 Allure,,,Hybride,Automatique,10,438,https://auto-dispo.cic-leasing.fr/leasing-voiture/peugeot/3008-iii/hybrid-145-e-dcs6-allure-ves00410558?apport=sans
2026-09-15T14:43:18,ves00437943,volkswagen,t-roc,15-tsi-evo2-150-start-stop-dsg7-life-plus,SANS APPORT VOLKSWAGEN T-Roc 1.5 TSI EVO2 150 Start/Stop DSG7 Life Plus,,,Essence,Automatique,10,438,https://auto-dispo.cic-leasing.fr/leasing-voiture/volkswagen/t-roc/15-tsi-evo2-150-start-stop-dsg7-life-plus-ves00437943?apport=sans
2026-09-15T14:43:18,ves00452877,peugeot,308-sw-iii,sw-bluehdi-130ch-ss-eat8-allure,SANS APPORT PEUGEOT 308 SW III SW BlueHDi 130ch S&S EAT8 Allure,,,Diesel,Automatique,10,438,https://auto-dispo.cic-leasing.fr/leasing-voiture/peugeot/308-sw-iii/sw-bluehdi-130ch-ss-eat8-allure-ves00452877?apport=sans
2026-09-15T14:43:18,ves00439635,volkswagen,taigo,10-tsi-116-dsg7-r-line-edition,SANS APPORT VOLKSWAGEN Taigo 1.0 TSI 116 DSG7 R-Line Edition,,,Essence,Automatique,10,439,https://auto-dispo.cic-leasing.fr/leasing-voiture/volkswagen/taigo/10-tsi-116-dsg7-r-line-edition-ves00439635?apport=sans
2026-09-15T14:43:18,ves00453616,peugeot,3008-iii,hybrid-145-e-dcs6-gt,SANS APPORT PEUGEOT 3008 III Hybrid 145 e-DCS6 GT,,,Hybride,Automatique,10,439,https://auto-dispo.cic-leasing.fr/leasing-voiture/peugeot/3008-iii/hybrid-145-e-dcs6-gt-ves00453616?apport=sans
2026-09-15T14:43:18,ves00438184,peugeot,3008-iii,hybrid-145-e-dcs6-allure,SANS APPORT PEUGEOT 3008 III Hybrid 145 e-DCS6 Allure,,,Hybride,Automatique,100,439,https://auto-dispo.cic-leasing.fr/leasing-voiture/peugeot/3008-iii/hybrid-145-e-dcs6-allure-ves00438184?apport=sans
2026-09-15T14:43:18,ves00451245,mg,ehs-ii,15t-phev-272-ch-luxury,MG EHS II 1.5T PHEV 272 ch Luxury,occasion,SANS APPORT,Hybride rechargeable,Automatique,20938,439,https://auto-dispo.cic-leasing.fr/leasing-voiture/mg/ehs-ii/15t-phev-272-ch-luxury-ves00451245?apport=sans
2026-09-15T14:43:18,ves00452856,peugeot,308-iii,bluehdi-130ch-ss-eat8-allure,SANS APPORT PEUGEOT 308 III BlueHDi 130ch S&S EAT8 Allure,,,Diesel,Automatique,10,439,https://auto-dispo.cic-leasing.fr/leasing-voiture/peugeot/308-iii/bluehdi-130ch-ss-eat8-allure-ves00452856?apport=sans
2026-09-15T14:43:18,ves00440553,volkswagen,t-roc,15-tsi-evo2-150-start-stop-dsg7-r-line,VOLKSWAGEN T-Roc 1.5 TSI EVO2 150 Start/Stop DSG7 R-Line,occasion,SANS APPORT,Essence,Automatique,17847,439,https://auto-dispo.cic-leasing.fr/leasing-voiture/volkswagen/t-roc/15-tsi-evo2-150-start-stop-dsg7-r-line-ves00440553?apport=sans
2026-09-15T14:43:18,ves00462336,byd,atto-2,15-dm-i-boost,SANS APPORT BYD ATTO 2 1.5 DM-i Boost,,,Hybride rechargeable,Automatique,10,440,https://auto-dispo.cic-leasing.fr/leasing-voiture/byd/atto-2/15-dm-i-boost-ves00462336?apport=sans
2026-09-15T14:43:18,ves00416157,volkswagen,t-roc,15-tsi-evo2-150-start-stop-dsg7-r-line,VOLKSWAGEN T-Roc 1.5 TSI EVO2 150 Start/Stop DSG7 R-Line,occasion,SANS APPORT,Essence,Automatique,16713,440,https://auto-dispo.cic-leasing.fr/leasing-voiture/volkswagen/t-roc/15-tsi-evo2-150-start-stop-dsg7-r-line-ves00416157?apport=sans
2026-09-15T14:43:18,ves00414987,peugeot,5008-iii,hybrid-145-ch-e-dcs6-allure,SANS APPORT PEUGEOT 5008 III Hybrid 145 ch e-DCS6 Allure,,,Hybride,Automatique,10,440,https://auto-dispo.cic-leasing.fr/leasing-voiture/peugeot/5008-iii/hybrid-145-ch-e-dcs6-allure-ves00414987?apport=sans
2026-09-15T14:43:18,ves00460540,peugeot,5008-iii,hybrid-145-ch-e-dcs6-gt,SANS APPORT PEUGEOT 5008 III Hybrid 145 ch e-DCS6 GT,,,Hybride,Automatique,10,440,https://auto-dispo.cic-leasing.fr/leasing-voiture/peugeot/5008-iii/hybrid-145-ch-e-dcs6-gt-ves00460540?apport=sans
2026-09-15T14:43:18,ves00449191,hyundai,tucson-iii,16-t-gdi-230-htrac-hybrid-bva6-creative,SANS APPORT HYUNDAI Tucson III 1.6 T-GDI 230 HTRAC Hybrid BVA6 Creative,,,Hybride,Automatique,10,440,https://auto-dispo.cic-leasing.fr/leasing-voiture/hyundai/tucson-iii/16-t-gdi-230-htrac-hybrid-bva6-creative-ves00449191?apport=sans
2026-09-15T14:43:18,ves00458888,renault,captur-ii,e-tech-full-hybrid-160-ch-esprit-alpine,SANS APPORT RENAULT Captur II E-Tech full hybrid 160 ch esprit Alpine,,,Hybride,Automatique,10,440,https://auto-dispo.cic-leasing.fr/leasing-voiture/renault/captur-ii/e-tech-full-hybrid-160-ch-esprit-alpine-ves00458888?apport=sans
2026-09-15T14:43:18,ves00413350,peugeot,5008-iii,hybrid-145-ch-e-dcs6-allure,SANS APPORT PEUGEOT 5008 III Hybrid 145 ch e-DCS6 Allure,,,Hybride,Automatique,10,440,https://auto-dispo.cic-leasing.fr/leasing-voiture/peugeot/5008-iii/hybrid-145-ch-e-dcs6-allure-ves00413350?apport=sans
2026-09-15T14:43:18,ves00448285,renault,symbioz,e-tech-full-hybrid-160-ch-esprit-alpine,SANS APPORT RENAULT Symbioz E-Tech full hybrid 160 ch Esprit Alpine,,,Hybride,Automatique,10,440,https://auto-dispo.cic-leasing.fr/leasing-voiture/renault/symbioz/e-tech-full-hybrid-160-ch-esprit-alpine-ves00448285?apport=sans
2026-09-15T14:43:18,ves00452861,peugeot,308-iii,bluehdi-130ch-ss-eat8-allure,SANS APPORT PEUGEOT 308 III BlueHDi 130ch S&S EAT8 Allure,,,Diesel,Automatique,10,441,https://auto-dispo.cic-leasing.fr/leasing-voiture/peugeot/308-iii/bluehdi-130ch-ss-eat8-allure-ves00452861?apport=sans
2026-09-15T14:43:18,ves00439027,volkswagen,t-roc,15-tsi-evo2-150-start-stop-dsg7-r-line,VOLKSWAGEN T-Roc 1.5 TSI EVO2 150 Start/Stop DSG7 R-Line,occasion,SANS APPORT,Essence,Automatique,16845,441,https://auto-dispo.cic-leasing.fr/leasing-voiture/volkswagen/t-roc/15-tsi-evo2-150-start-stop-dsg7-r-line-ves00439027?apport=sans
2026-09-15T14:43:18,ves00460178,ds,n-4,hybride-145-e-dct6-etoile-alcantara,SANS APPORT DS N 4,,,Hybride,Automatique,10,441,https://auto-dispo.cic-leasing.fr/leasing-voiture/ds/n-4/hybride-145-e-dct6-etoile-alcantara-ves00460178?apport=sans
2026-09-15T14:43:18,ves00439038,volkswagen,t-roc,15-tsi-evo2-150-start-stop-dsg7-r-line,VOLKSWAGEN T-Roc 1.5 TSI EVO2 150 Start/Stop DSG7 R-Line,occasion,SANS APPORT,Essence,Automatique,16395,442,https://auto-dispo.cic-leasing.fr/leasing-voiture/volkswagen/t-roc/15-tsi-evo2-150-start-stop-dsg7-r-line-ves00439038?apport=sans
2026-09-15T14:43:18,ves00414952,peugeot,5008-iii,hybrid-145-ch-e-dcs6-allure,SANS APPORT PEUGEOT 5008 III Hybrid 145 ch e-DCS6 Allure,,,Hybride,Automatique,10,442,https://auto-dispo.cic-leasing.fr/leasing-voiture/peugeot/5008-iii/hybrid-145-ch-e-dcs6-allure-ves00414952?apport=sans
2026-09-15T14:43:18,ves00446497,hyundai,kona-ii-hybrid,hybrid-138-n-line-ultime-edition,SANS APPORT HYUNDAI Kona II Hybrid Hybrid 138 N Line Ultime Edition,,,Hybride,Automatique,10,442,https://auto-dispo.cic-leasing.fr/leasing-voiture/hyundai/kona-ii-hybrid/hybrid-138-n-line-ultime-edition-ves00446497?apport=sans
2026-09-15T14:43:18,ves00410344,ds,ds4-ii,bluehdi-130-eat8-pallas,SANS APPORT DS DS4 II BlueHDi 130 EAT8 Pallas,,,Diesel,Automatique,10,442,https://auto-dispo.cic-leasing.fr/leasing-voiture/ds/ds4-ii/bluehdi-130-eat8-pallas-ves00410344?apport=sans
2026-09-15T14:43:18,ves00451247,mg,ehs-ii,15t-phev-272-ch-luxury,MG EHS II 1.5T PHEV 272 ch Luxury,occasion,SANS APPORT,Hybride rechargeable,Automatique,24120,443,https://auto-dispo.cic-leasing.fr/leasing-voiture/mg/ehs-ii/15t-phev-272-ch-luxury-ves00451247?apport=sans
2026-09-15T14:43:18,ves00454236,renault,austral,full-hybrid-e-tech-200-ch-techno,SANS APPORT RENAULT Austral full hybrid E-Tech 200 ch Techno,,,Hybride,Automatique,10,443,https://auto-dispo.cic-leasing.fr/leasing-voiture/renault/austral/full-hybrid-e-tech-200-ch-techno-ves00454236?apport=sans
2026-09-15T14:43:18,ves00455989,peugeot,5008-iii,hybrid-145-ch-e-dcs6-gt,SANS APPORT PEUGEOT 5008 III Hybrid 145 ch e-DCS6 GT,,,Hybride,Automatique,10,443,https://auto-dispo.cic-leasing.fr/leasing-voiture/peugeot/5008-iii/hybrid-145-ch-e-dcs6-gt-ves00455989?apport=sans
2026-09-15T14:43:18,ves00450274,ds,n-4,hybride-145-e-dct6-etoile-alcantara,SANS APPORT DS N 4,,,Hybride,Automatique,10,443,https://auto-dispo.cic-leasing.fr/leasing-voiture/ds/n-4/hybride-145-e-dct6-etoile-alcantara-ves00450274?apport=sans
2026-09-15T14:43:18,ves00439045,volkswagen,t-roc,15-tsi-evo2-150-start-stop-dsg7-r-line,VOLKSWAGEN T-Roc 1.5 TSI EVO2 150 Start/Stop DSG7 R-Line,occasion,SANS APPORT,Essence,Automatique,11319,443,https://auto-dispo.cic-leasing.fr/leasing-voiture/volkswagen/t-roc/15-tsi-evo2-150-start-stop-dsg7-r-line-ves00439045?apport=sans
2026-09-15T14:43:18,ves00439633,volkswagen,taigo,10-tsi-116-dsg7-r-line-edition,SANS APPORT VOLKSWAGEN Taigo 1.0 TSI 116 DSG7 R-Line Edition,,,Essence,Automatique,10,443,https://auto-dispo.cic-leasing.fr/leasing-voiture/volkswagen/taigo/10-tsi-116-dsg7-r-line-edition-ves00439633?apport=sans
2026-09-15T14:43:18,ves00409569,hyundai,tucson-iv,16-t-gdi-215-hybrid-bva6-creative,SANS APPORT HYUNDAI Tucson IV 1.6 T-GDI 215 Hybrid BVA6 Creative,,,Hybride,Automatique,10,443,https://auto-dispo.cic-leasing.fr/leasing-voiture/hyundai/tucson-iv/16-t-gdi-215-hybrid-bva6-creative-ves00409569?apport=sans
2026-09-15T14:43:18,ves00450697,renault,rafale,e-tech-full-hybrid-200-ch-techno,RENAULT Rafale E-Tech full hybrid 200 ch Techno,occasion,SANS APPORT,Hybride,Automatique,25791,443,https://auto-dispo.cic-leasing.fr/leasing-voiture/renault/rafale/e-tech-full-hybrid-200-ch-techno-ves00450697?apport=sans
2026-09-15T14:43:18,ves00452118,dacia,bigster,155-expression,SANS APPORT DACIA Bigster 155 Expression,,,Hybride,Automatique,10,443,https://auto-dispo.cic-leasing.fr/leasing-voiture/dacia/bigster/155-expression-ves00452118?apport=sans
2026-09-15T14:43:18,ves00410551,peugeot,3008-iii,hybrid-145-e-dcs6-allure,SANS APPORT PEUGEOT 3008 III Hybrid 145 e-DCS6 Allure,,,Hybride,Automatique,10,443,https://auto-dispo.cic-leasing.fr/leasing-voiture/peugeot/3008-iii/hybrid-145-e-dcs6-allure-ves00410551?apport=sans
2026-09-15T14:43:18,ves00454906,renault,austral,full-hybrid-e-tech-200-ch-techno,SANS APPORT RENAULT Austral full hybrid E-Tech 200 ch Techno,,,Hybride,Automatique,10,444,https://auto-dispo.cic-leasing.fr/leasing-voiture/renault/austral/full-hybrid-e-tech-200-ch-techno-ves00454906?apport=sans
2026-09-15T14:43:18,ves00450282,ds,n-4,hybride-145-e-dct6-etoile-alcantara,SANS APPORT DS N 4,,,Hybride,Automatique,10,444,https://auto-dispo.cic-leasing.fr/leasing-voiture/ds/n-4/hybride-145-e-dct6-etoile-alcantara-ves00450282?apport=sans
2026-09-15T14:43:18,ves00446537,hyundai,kona-ii-hybrid,hybrid-138-n-line-ultime-edition,SANS APPORT HYUNDAI Kona II Hybrid Hybrid 138 N Line Ultime Edition,,,Hybride,Automatique,10,444,https://auto-dispo.cic-leasing.fr/leasing-voiture/hyundai/kona-ii-hybrid/hybrid-138-n-line-ultime-edition-ves00446537?apport=sans
2026-09-15T14:43:18,ves00426179,peugeot,5008-iii,hybrid-145-ch-e-dcs6-gt,SANS APPORT PEUGEOT 5008 III Hybrid 145 ch e-DCS6 GT,,,Hybride,Automatique,10,444,https://auto-dispo.cic-leasing.fr/leasing-voiture/peugeot/5008-iii/hybrid-145-ch-e-dcs6-gt-ves00426179?apport=sans
2026-09-15T14:43:18,ves00451338,mg,ehs-ii,15t-phev-272-ch-luxury,SANS APPORT MG EHS II 1.5T PHEV 272 ch Luxury,,,Hybride rechargeable,Automatique,10,444,https://auto-dispo.cic-leasing.fr/leasing-voiture/mg/ehs-ii/15t-phev-272-ch-luxury-ves00451338?apport=sans
2026-09-15T14:43:18,ves00439647,volkswagen,taigo,10-tsi-116-dsg7-r-line-edition,SANS APPORT VOLKSWAGEN Taigo 1.0 TSI 116 DSG7 R-Line Edition,,,Essence,Automatique,10,445,https://auto-dispo.cic-leasing.fr/leasing-voiture/volkswagen/taigo/10-tsi-116-dsg7-r-line-edition-ves00439647?apport=sans
2026-09-15T14:43:18,ves00449918,peugeot,3008-iii,hybrid-145-e-dcs6-gt,SANS APPORT PEUGEOT 3008 III Hybrid 145 e-DCS6 GT,,,Hybride,Automatique,10,445,https://auto-dispo.cic-leasing.fr/leasing-voiture/peugeot/3008-iii/hybrid-145-e-dcs6-gt-ves00449918?apport=sans
2026-09-15T14:43:18,ves00452867,peugeot,308-sw-iii,sw-bluehdi-130ch-ss-eat8-allure,SANS APPORT PEUGEOT 308 SW III SW BlueHDi 130ch S&S EAT8 Allure,,,Diesel,Automatique,10,445,https://auto-dispo.cic-leasing.fr/leasing-voiture/peugeot/308-sw-iii/sw-bluehdi-130ch-ss-eat8-allure-ves00452867?apport=sans
2026-09-15T14:43:18,ves00457066,peugeot,308-sw-iii,15-bluehdi-130ch-ss-allure-eat8,SANS APPORT PEUGEOT 308 SW III 1.5 BlueHDi 130ch S&S Allure EAT8,,,Diesel,Automatique,10,445,https://auto-dispo.cic-leasing.fr/leasing-voiture/peugeot/308-sw-iii/15-bluehdi-130ch-ss-allure-eat8-ves00457066?apport=sans
2026-09-15T14:43:18,ves00447258,renault,symbioz,e-tech-full-hybrid-160-ch-esprit-alpine,SANS APPORT RENAULT Symbioz E-Tech full hybrid 160 ch Esprit Alpine,,,Hybride,Automatique,10,445,https://auto-dispo.cic-leasing.fr/leasing-voiture/renault/symbioz/e-tech-full-hybrid-160-ch-esprit-alpine-ves00447258?apport=sans
2026-09-15T14:43:18,ves00447253,renault,symbioz,e-tech-full-hybrid-160-ch-esprit-alpine,SANS APPORT RENAULT Symbioz E-Tech full hybrid 160 ch Esprit Alpine,,,Hybride,Automatique,120,446,https://auto-dispo.cic-leasing.fr/leasing-voiture/renault/symbioz/e-tech-full-hybrid-160-ch-esprit-alpine-ves00447253?apport=sans
2026-09-15T14:43:18,ves00456002,peugeot,5008-iii,hybrid-145-ch-e-dcs6-gt,SANS APPORT PEUGEOT 5008 III Hybrid 145 ch e-DCS6 GT,,,Hybride,Automatique,10,446,https://auto-dispo.cic-leasing.fr/leasing-voiture/peugeot/5008-iii/hybrid-145-ch-e-dcs6-gt-ves00456002?apport=sans
2026-09-15T14:43:18,ves00460491,peugeot,3008-iii,hybrid-145-e-dcs6-gt,SANS APPORT PEUGEOT 3008 III Hybrid 145 e-DCS6 GT,,,Hybride,Automatique,10,446,https://auto-dispo.cic-leasing.fr/leasing-voiture/peugeot/3008-iii/hybrid-145-e-dcs6-gt-ves00460491?apport=sans
2026-09-15T14:43:18,ves00454913,renault,austral,full-hybrid-e-tech-200-ch-techno,SANS APPORT RENAULT Austral full hybrid E-Tech 200 ch Techno,,,Hybride,Automatique,10,446,https://auto-dispo.cic-leasing.fr/leasing-voiture/renault/austral/full-hybrid-e-tech-200-ch-techno-ves00454913?apport=sans
2026-09-15T14:43:18,ves00462248,hyundai,tucson-iv,16-t-gdi-239-hybrid-bva6-n-line-executive,SANS APPORT HYUNDAI Tucson IV 1.6 T-GDI 239 Hybrid BVA6 N Line Executive,,,Hybride,Automatique,100,447,https://auto-dispo.cic-leasing.fr/leasing-voiture/hyundai/tucson-iv/16-t-gdi-239-hybrid-bva6-n-line-executive-ves00462248?apport=sans
2026-09-15T14:43:18,ves00445068,peugeot,3008-iii,hybrid-145-e-dcs6-gt,SANS APPORT PEUGEOT 3008 III Hybrid 145 e-DCS6 GT,,,Hybride,Automatique,10,448,https://auto-dispo.cic-leasing.fr/leasing-voiture/peugeot/3008-iii/hybrid-145-e-dcs6-gt-ves00445068?apport=sans
2026-09-15T14:43:18,ves00457951,volkswagen,t-roc,20-tdi-150-start-stop-dsg7-life-plus,VOLKSWAGEN T-Roc 2.0 TDI 150 Start/Stop DSG7 Life Plus,occasion,SANS APPORT,Diesel,Automatique,22773,448,https://auto-dispo.cic-leasing.fr/leasing-voiture/volkswagen/t-roc/20-tdi-150-start-stop-dsg7-life-plus-ves00457951?apport=sans
2026-09-15T14:43:18,ves00450262,ds,n-4,hybride-145-e-dct6-etoile-alcantara,SANS APPORT DS N 4,,,Hybride,Automatique,10,448,https://auto-dispo.cic-leasing.fr/leasing-voiture/ds/n-4/hybride-145-e-dct6-etoile-alcantara-ves00450262?apport=sans
2026-09-15T14:43:18,ves00454248,ds,n-4,hybride-145-e-dct6-etoile-alcantara,SANS APPORT DS N 4,,,Hybride,Automatique,106,449,https://auto-dispo.cic-leasing.fr/leasing-voiture/ds/n-4/hybride-145-e-dct6-etoile-alcantara-ves00454248?apport=sans
2026-09-15T14:43:18,ves00455624,renault,austral,full-hybrid-e-tech-200-ch-techno,SANS APPORT RENAULT Austral full hybrid E-Tech 200 ch Techno,,,Hybride,Automatique,10,449,https://auto-dispo.cic-leasing.fr/leasing-voiture/renault/austral/full-hybrid-e-tech-200-ch-techno-ves00455624?apport=sans
2026-09-15T14:43:18,ves00451799,ds,n-4,hybride-145-e-dct6-etoile-alcantara,SANS APPORT DS N 4,,,Hybride,Automatique,10,449,https://auto-dispo.cic-leasing.fr/leasing-voiture/ds/n-4/hybride-145-e-dct6-etoile-alcantara-ves00451799?apport=sans
2026-09-15T14:43:18,ves00456398,peugeot,308-iii,hybrid-145-e-dcs6-gt-exclusive,SANS APPORT PEUGEOT 308 III Hybrid 145 e-DCS6 GT Exclusive,,,Essence,Automatique,100,449,https://auto-dispo.cic-leasing.fr/leasing-voiture/peugeot/308-iii/hybrid-145-e-dcs6-gt-exclusive-ves00456398?apport=sans
2026-09-15T14:43:18,ves00454904,renault,austral,full-hybrid-e-tech-200-ch-techno,SANS APPORT RENAULT Austral full hybrid E-Tech 200 ch Techno,,,Hybride,Automatique,10,449,https://auto-dispo.cic-leasing.fr/leasing-voiture/renault/austral/full-hybrid-e-tech-200-ch-techno-ves00454904?apport=sans
2026-09-15T14:43:18,ves00449172,hyundai,tucson-iii,16-t-gdi-230-htrac-hybrid-bva6-creative,SANS APPORT HYUNDAI Tucson III 1.6 T-GDI 230 HTRAC Hybrid BVA6 Creative,,,Hybride,Automatique,10,449,https://auto-dispo.cic-leasing.fr/leasing-voiture/hyundai/tucson-iii/16-t-gdi-230-htrac-hybrid-bva6-creative-ves00449172?apport=sans
2026-09-15T14:43:18,ves00449177,hyundai,tucson-iv,16-t-gdi-239-hybrid-bva6-creative,SANS APPORT HYUNDAI Tucson IV 1.6 T-GDI 239 Hybrid BVA6 Creative,,,Hybride,Automatique,10,449,https://auto-dispo.cic-leasing.fr/leasing-voiture/hyundai/tucson-iv/16-t-gdi-239-hybrid-bva6-creative-ves00449177?apport=sans
2026-09-15T14:43:18,ves00444166,peugeot,3008-iii,hybrid-145-e-dcs6-gt,SANS APPORT PEUGEOT 3008 III Hybrid 145 e-DCS6 GT,,,Hybride,Automatique,10,450,https://auto-dispo.cic-leasing.fr/leasing-voiture/peugeot/3008-iii/hybrid-145-e-dcs6-gt-ves00444166?apport=sans
2026-09-15T14:43:18,ves00439645,volkswagen,t-cross,10-tsi-116-start-stop-dsg7-r-line-edition,SANS APPORT VOLKSWAGEN T-CROSS 1.0 TSI 116 Start/Stop DSG7 R-Line Edition,,,Essence,Automatique,10,450,https://auto-dispo.cic-leasing.fr/leasing-voiture/volkswagen/t-cross/10-tsi-116-start-stop-dsg7-r-line-edition-ves00439645?apport=sans
2026-09-15T14:43:18,ves00449810,citroen,c5-aircross,12-hybride-136ch-max-boite-automatique,SANS APPORT CITROEN C5 AIRCROSS 1.2,,,Hybride,Automatique,10,450,https://auto-dispo.cic-leasing.fr/leasing-voiture/citroen/c5-aircross/12-hybride-136ch-max-boite-automatique-ves00449810?apport=sans
2026-09-15T14:43:18,ves00449784,citroen,c5-aircross,145-ch-e-dcs6-max,SANS APPORT CITROEN C5 AIRCROSS 145 ch e-DCS6 Max,,,Essence,Automatique,10,450,https://auto-dispo.cic-leasing.fr/leasing-voiture/citroen/c5-aircross/145-ch-e-dcs6-max-ves00449784?apport=sans
2026-09-15T14:43:18,ves00457953,volkswagen,t-roc,15-etsi-evo2-hybrid-150-ch-dsg7-r-line,SANS APPORT VOLKSWAGEN T-ROC 1.5 eTSI EVO2 Hybrid 150 ch DSG7 R-Line,,,Essence,Automatique,10,450,https://auto-dispo.cic-leasing.fr/leasing-voiture/volkswagen/t-roc/15-etsi-evo2-hybrid-150-ch-dsg7-r-line-ves00457953?apport=sans
2026-09-15T14:43:18,ves00454385,hyundai,tucson-iv,16-t-gdi-239-hybrid-bva6-n-line-executive,SANS APPORT HYUNDAI Tucson IV 1.6 T-GDI 239 Hybrid BVA6 N Line Executive,,,Hybride,Automatique,10,450,https://auto-dispo.cic-leasing.fr/leasing-voiture/hyundai/tucson-iv/16-t-gdi-239-hybrid-bva6-n-line-executive-ves00454385?apport=sans
2026-09-15T14:43:18,ves00455891,volkswagen,t-roc,15-etsi-evo2-hybrid-150-ch-dsg7-r-line,SANS APPORT VOLKSWAGEN T-ROC 1.5 eTSI EVO2 Hybrid 150 ch DSG7 R-Line,,,Essence,Automatique,100,450,https://auto-dispo.cic-leasing.fr/leasing-voiture/volkswagen/t-roc/15-etsi-evo2-hybrid-150-ch-dsg7-r-line-ves00455891?apport=sans
2026-09-15T14:43:18,ves00458622,peugeot,3008-iii,hybrid-145-e-dcs6-gt,SANS APPORT PEUGEOT 3008 III Hybrid 145 e-DCS6 GT,,,Hybride,Automatique,10,451,https://auto-dispo.cic-leasing.fr/leasing-voiture/peugeot/3008-iii/hybrid-145-e-dcs6-gt-ves00458622?apport=sans
2026-09-15T14:43:18,ves00418327,peugeot,3008-iii,hybrid-145-e-dcs6-allure,SANS APPORT PEUGEOT 3008 III Hybrid 145 e-DCS6 Allure,,,Hybride,Automatique,100,451,https://auto-dispo.cic-leasing.fr/leasing-voiture/peugeot/3008-iii/hybrid-145-e-dcs6-allure-ves00418327?apport=sans
2026-09-15T14:43:18,ves00442925,citroen,c5-aircross,145-ch-e-dcs6-plus,SANS APPORT CITROEN C5 AIRCROSS 145 ch e-DCS6 Plus,,,Essence,Automatique,10,451,https://auto-dispo.cic-leasing.fr/leasing-voiture/citroen/c5-aircross/145-ch-e-dcs6-plus-ves00442925?apport=sans
2026-09-15T14:43:18,ves00451341,mg,ehs-ii,15t-phev-272-ch-luxury,SANS APPORT MG EHS II 1.5T PHEV 272 ch Luxury,,,Hybride rechargeable,Automatique,10,452,https://auto-dispo.cic-leasing.fr/leasing-voiture/mg/ehs-ii/15t-phev-272-ch-luxury-ves00451341?apport=sans
2026-09-15T14:43:18,ves00396087,ds,ds4-ii,hybride-136-e-dct6-pallas,SANS APPORT DS DS4 II,,,Hybride,Automatique,100,452,https://auto-dispo.cic-leasing.fr/leasing-voiture/ds/ds4-ii/hybride-136-e-dct6-pallas-ves00396087?apport=sans
2026-09-15T14:43:18,ves00436077,peugeot,5008-iii,hybrid-145-ch-e-dcs6-gt,PEUGEOT 5008 III Hybrid 145 ch e-DCS6 GT,occasion,SANS APPORT,Hybride,Automatique,28927,452,https://auto-dispo.cic-leasing.fr/leasing-voiture/peugeot/5008-iii/hybrid-145-ch-e-dcs6-gt-ves00436077?apport=sans
2026-09-15T14:43:18,ves00403159,peugeot,3008-ii,hybrid-136-e-dcs6-gt,SANS APPORT PEUGEOT 3008 II Hybrid 136 e-DCS6 GT,,,Hybride,Automatique,100,452,https://auto-dispo.cic-leasing.fr/leasing-voiture/peugeot/3008-ii/hybrid-136-e-dcs6-gt-ves00403159?apport=sans
2026-09-15T14:43:18,ves00415102,volkswagen,t-cross,10-tsi-116-start-stop-dsg7-r-line-edition,SANS APPORT VOLKSWAGEN T-CROSS 1.0 TSI 116 Start/Stop DSG7 R-Line Edition,,,Essence,Automatique,10,453,https://auto-dispo.cic-leasing.fr/leasing-voiture/volkswagen/t-cross/10-tsi-116-start-stop-dsg7-r-line-edition-ves00415102?apport=sans
2026-09-15T14:43:18,ves00451797,ds,n-4,hybride-145-e-dct6-etoile-alcantara,SANS APPORT DS N 4,,,Hybride,Automatique,10,453,https://auto-dispo.cic-leasing.fr/leasing-voiture/ds/n-4/hybride-145-e-dct6-etoile-alcantara-ves00451797?apport=sans
2026-09-15T14:43:18,ves00455933,toyota,corolla-hybride-touring-sport-xii,178ch-design,SANS APPORT TOYOTA Corolla,,,Hybride,Automatique,10,453,https://auto-dispo.cic-leasing.fr/leasing-voiture/toyota/corolla-hybride-touring-sport-xii/178ch-design-ves00455933?apport=sans
2026-09-15T14:43:18,ves00452881,peugeot,308-sw-iii,sw-bluehdi-130ch-ss-eat8-allure,SANS APPORT PEUGEOT 308 SW III SW BlueHDi 130ch S&S EAT8 Allure,,,Diesel,Automatique,10,454,https://auto-dispo.cic-leasing.fr/leasing-voiture/peugeot/308-sw-iii/sw-bluehdi-130ch-ss-eat8-allure-ves00452881?apport=sans
2026-09-15T14:43:18,ves00456722,dacia,bigster,155-expression,SANS APPORT DACIA Bigster 155 Expression,,,Hybride,Automatique,10,454,https://auto-dispo.cic-leasing.fr/leasing-voiture/dacia/bigster/155-expression-ves00456722?apport=sans
2026-09-15T14:43:18,ves00413339,ds,ds4-ii,bluehdi-130-eat8-pallas,SANS APPORT DS DS4 II BlueHDi 130 EAT8 Pallas,,,Diesel,Automatique,10,454,https://auto-dispo.cic-leasing.fr/leasing-voiture/ds/ds4-ii/bluehdi-130-eat8-pallas-ves00413339?apport=sans
2026-09-15T14:43:18,ves00414947,volkswagen,t-cross,10-tsi-116-start-stop-dsg7-r-line-edition,SANS APPORT VOLKSWAGEN T-CROSS 1.0 TSI 116 Start/Stop DSG7 R-Line Edition,,,Essence,Automatique,10,454,https://auto-dispo.cic-leasing.fr/leasing-voiture/volkswagen/t-cross/10-tsi-116-start-stop-dsg7-r-line-edition-ves00414947?apport=sans
2026-09-15T14:43:18,ves00412895,peugeot,3008-iii,hybrid-145-e-dcs6-gt,SANS APPORT PEUGEOT 3008 III Hybrid 145 e-DCS6 GT,,,Hybride,Automatique,10,454,https://auto-dispo.cic-leasing.fr/leasing-voiture/peugeot/3008-iii/hybrid-145-e-dcs6-gt-ves00412895?apport=sans
2026-09-15T14:43:18,ves00457425,alfa-romeo,junior,12-ibrida-145-ch-e-dct6-sport-speciale,SANS APPORT ALFA ROMEO Junior 1.2 Ibrida 145 ch e-DCT6 Sport Speciale,,,Essence,Automatique,100,455,https://auto-dispo.cic-leasing.fr/leasing-voiture/alfa-romeo/junior/12-ibrida-145-ch-e-dct6-sport-speciale-ves00457425?apport=sans
2026-09-15T14:43:18,ves00459595,renault,rafale,e-tech-full-hybrid-200-ch-esprit-alpine,SANS APPORT RENAULT Rafale E-Tech full hybrid 200 ch esprit Alpine,,,Hybride,Automatique,100,456,https://auto-dispo.cic-leasing.fr/leasing-voiture/renault/rafale/e-tech-full-hybrid-200-ch-esprit-alpine-ves00459595?apport=sans
2026-09-15T14:43:18,ves00462208,peugeot,308-iii,54-kwh-156ch-gt,PEUGEOT 308 III 54 kWh 156ch GT,occasion,SANS APPORT,Electrique,Automatique,13310,456,https://auto-dispo.cic-leasing.fr/leasing-voiture/peugeot/308-iii/54-kwh-156ch-gt-ves00462208?apport=sans
2026-09-15T14:43:18,ves00436054,peugeot,5008-iii,hybrid-145-ch-e-dcs6-gt,PEUGEOT 5008 III Hybrid 145 ch e-DCS6 GT,occasion,SANS APPORT,Hybride,Automatique,26076,456,https://auto-dispo.cic-leasing.fr/leasing-voiture/peugeot/5008-iii/hybrid-145-ch-e-dcs6-gt-ves00436054?apport=sans
2026-09-15T14:43:18,ves00462656,volkswagen,golf-viii,15-etsi-evo2-116-dsg7-r-line-edition,SANS APPORT VOLKSWAGEN Golf VIII 1.5 eTSI EVO2 116 DSG7 R-Line Edition,,,Essence,Automatique,10,457,https://auto-dispo.cic-leasing.fr/leasing-voiture/volkswagen/golf-viii/15-etsi-evo2-116-dsg7-r-line-edition-ves00462656?apport=sans
2026-09-15T14:43:18,ves00458885,mg,ehs-ii,15t-phev-272-ch-comfort,SANS APPORT MG EHS II 1.5T PHEV 272 ch Comfort,,,Hybride rechargeable,Automatique,10,458,https://auto-dispo.cic-leasing.fr/leasing-voiture/mg/ehs-ii/15t-phev-272-ch-comfort-ves00458885?apport=sans
2026-09-15T14:43:18,ves00436070,peugeot,5008-iii,hybrid-145-ch-e-dcs6-gt,PEUGEOT 5008 III Hybrid 145 ch e-DCS6 GT,occasion,SANS APPORT,Hybride,Automatique,27097,458,https://auto-dispo.cic-leasing.fr/leasing-voiture/peugeot/5008-iii/hybrid-145-ch-e-dcs6-gt-ves00436070?apport=sans
2026-09-15T14:43:18,ves00435378,peugeot,5008-iii,hybrid-145-ch-e-dcs6-gt,SANS APPORT PEUGEOT 5008 III Hybrid 145 ch e-DCS6 GT,,,Hybride,Automatique,10,458,https://auto-dispo.cic-leasing.fr/leasing-voiture/peugeot/5008-iii/hybrid-145-ch-e-dcs6-gt-ves00435378?apport=sans
2026-09-15T14:43:18,ves00456553,renault,captur-ii,e-tech-full-hybrid-160-ch-esprit-alpine,SANS APPORT RENAULT Captur II E-Tech full hybrid 160 ch esprit Alpine,,,Hybride,Automatique,10,458,https://auto-dispo.cic-leasing.fr/leasing-voiture/renault/captur-ii/e-tech-full-hybrid-160-ch-esprit-alpine-ves00456553?apport=sans
2026-09-15T14:43:18,ves00435416,peugeot,5008-iii,hybrid-145-ch-e-dcs6-gt,SANS APPORT PEUGEOT 5008 III Hybrid 145 ch e-DCS6 GT,,,Hybride,Automatique,228,458,https://auto-dispo.cic-leasing.fr/leasing-voiture/peugeot/5008-iii/hybrid-145-ch-e-dcs6-gt-ves00435416?apport=sans
2026-09-15T14:43:18,ves00436019,peugeot,5008-iii,hybrid-145-ch-e-dcs6-gt,PEUGEOT 5008 III Hybrid 145 ch e-DCS6 GT,occasion,SANS APPORT,Hybride,Automatique,27730,458,https://auto-dispo.cic-leasing.fr/leasing-voiture/peugeot/5008-iii/hybrid-145-ch-e-dcs6-gt-ves00436019?apport=sans
2026-09-15T14:43:18,ves00456406,renault,captur-ii,e-tech-full-hybrid-160-ch-esprit-alpine,SANS APPORT RENAULT Captur II E-Tech full hybrid 160 ch esprit Alpine,,,Hybride,Automatique,10,459,https://auto-dispo.cic-leasing.fr/leasing-voiture/renault/captur-ii/e-tech-full-hybrid-160-ch-esprit-alpine-ves00456406?apport=sans
2026-09-15T14:43:18,ves00459594,renault,rafale,e-tech-full-hybrid-200-ch-esprit-alpine,SANS APPORT RENAULT Rafale E-Tech full hybrid 200 ch esprit Alpine,,,Hybride,Automatique,10,459,https://auto-dispo.cic-leasing.fr/leasing-voiture/renault/rafale/e-tech-full-hybrid-200-ch-esprit-alpine-ves00459594?apport=sans
2026-09-15T14:43:18,ves00461687,nissan,qashqai-iii,hybrid-e-power-gen3-205-ch-n-connecta,SANS APPORT NISSAN QASHQAI III Hybrid e-Power Gen3 205 ch N-Connecta,,,Hybride,Automatique,100,459,https://auto-dispo.cic-leasing.fr/leasing-voiture/nissan/qashqai-iii/hybrid-e-power-gen3-205-ch-n-connecta-ves00461687?apport=sans
2026-09-15T14:43:18,ves00455328,byd,seal-u,15l-dm-i-218-ch-phev-boost,SANS APPORT BYD SEAL U 1.5l DM-i 218 ch PHEV Boost,,,Hybride rechargeable,Automatique,100,459,https://auto-dispo.cic-leasing.fr/leasing-voiture/byd/seal-u/15l-dm-i-218-ch-phev-boost-ves00455328?apport=sans
2026-09-15T14:43:18,ves00460312,volkswagen,t-roc,20-tdi-150-start-stop-dsg7-life-plus,VOLKSWAGEN T-Roc 2.0 TDI 150 Start/Stop DSG7 Life Plus,occasion,SANS APPORT,Diesel,Automatique,15000,459,https://auto-dispo.cic-leasing.fr/leasing-voiture/volkswagen/t-roc/20-tdi-150-start-stop-dsg7-life-plus-ves00460312?apport=sans
2026-09-15T14:43:18,ves00457263,volkswagen,golf-viii,15-etsi-evo2-116-dsg7-r-line-edition,SANS APPORT VOLKSWAGEN Golf VIII 1.5 eTSI EVO2 116 DSG7 R-Line Edition,,,Essence,Automatique,10,459,https://auto-dispo.cic-leasing.fr/leasing-voiture/volkswagen/golf-viii/15-etsi-evo2-116-dsg7-r-line-edition-ves00457263?apport=sans
2026-09-15T14:43:18,ves00458549,peugeot,3008-iii,hybrid-145-e-dcs6-gt-exclusive,SANS APPORT PEUGEOT 3008 III Hybrid 145 e-DCS6 GT Exclusive,,,Essence,Automatique,10,459,https://auto-dispo.cic-leasing.fr/leasing-voiture/peugeot/3008-iii/hybrid-145-e-dcs6-gt-exclusive-ves00458549?apport=sans
2026-09-15T14:43:18,ves00461680,nissan,qashqai-iii,hybrid-e-power-gen3-205-ch-n-connecta,SANS APPORT NISSAN QASHQAI III Hybrid e-Power Gen3 205 ch N-Connecta,,,Hybride,Automatique,100,459,https://auto-dispo.cic-leasing.fr/leasing-voiture/nissan/qashqai-iii/hybrid-e-power-gen3-205-ch-n-connecta-ves00461680?apport=sans
2026-09-15T14:43:18,ves00449117,peugeot,3008-iii,hybrid-145-e-dcs6-gt,SANS APPORT PEUGEOT 3008 III Hybrid 145 e-DCS6 GT,,,Hybride,Automatique,10,461,https://auto-dispo.cic-leasing.fr/leasing-voiture/peugeot/3008-iii/hybrid-145-e-dcs6-gt-ves00449117?apport=sans
2026-09-15T14:43:18,ves00452854,volkswagen,tiguan-iii,15-etsi-131ch-dsg7-life,SANS APPORT VOLKSWAGEN Tiguan III 1.5 eTSI 131ch DSG7 Life,,,Essence,Automatique,10,461,https://auto-dispo.cic-leasing.fr/leasing-voiture/volkswagen/tiguan-iii/15-etsi-131ch-dsg7-life-ves00452854?apport=sans
2026-09-15T14:43:18,ves00436049,peugeot,5008-iii,hybrid-145-ch-e-dcs6-gt,SANS APPORT PEUGEOT 5008 III Hybrid 145 ch e-DCS6 GT,,,Hybride,Automatique,10,461,https://auto-dispo.cic-leasing.fr/leasing-voiture/peugeot/5008-iii/hybrid-145-ch-e-dcs6-gt-ves00436049?apport=sans
2026-09-15T14:43:18,ves00447142,hyundai,tucson-iv,16-t-gdi-239-hybrid-bva6-n-line-creative,SANS APPORT HYUNDAI Tucson IV 1.6 T-GDI 239 Hybrid BVA6 N Line Creative,,,Hybride,Automatique,10,461,https://auto-dispo.cic-leasing.fr/leasing-voiture/hyundai/tucson-iv/16-t-gdi-239-hybrid-bva6-n-line-creative-ves00447142?apport=sans
2026-09-15T14:43:18,ves00457954,volkswagen,t-roc,15-etsi-evo2-hybrid-150-ch-dsg7-r-line,SANS APPORT VOLKSWAGEN T-ROC 1.5 eTSI EVO2 Hybrid 150 ch DSG7 R-Line,,,Essence,Automatique,10,462,https://auto-dispo.cic-leasing.fr/leasing-voiture/volkswagen/t-roc/15-etsi-evo2-hybrid-150-ch-dsg7-r-line-ves00457954?apport=sans
2026-09-15T14:43:18,ves00459695,renault,rafale,e-tech-full-hybrid-200-ch-esprit-alpine,SANS APPORT RENAULT Rafale E-Tech full hybrid 200 ch esprit Alpine,,,Hybride,Automatique,100,462,https://auto-dispo.cic-leasing.fr/leasing-voiture/renault/rafale/e-tech-full-hybrid-200-ch-esprit-alpine-ves00459695?apport=sans
2026-09-15T14:43:18,ves00459603,renault,rafale,e-tech-full-hybrid-200-ch-esprit-alpine,SANS APPORT RENAULT Rafale E-Tech full hybrid 200 ch esprit Alpine,,,Hybride,Automatique,100,462,https://auto-dispo.cic-leasing.fr/leasing-voiture/renault/rafale/e-tech-full-hybrid-200-ch-esprit-alpine-ves00459603?apport=sans
2026-09-15T14:43:18,ves00400777,renault,captur-ii,e-tech-full-hybrid-145-ch-esprit-alpine,SANS APPORT RENAULT Captur II E-Tech full hybrid 145 ch esprit Alpine,,,Hybride,Automatique,100,463,https://auto-dispo.cic-leasing.fr/leasing-voiture/renault/captur-ii/e-tech-full-hybrid-145-ch-esprit-alpine-ves00400777?apport=sans
2026-09-15T14:43:18,ves00425293,renault,symbioz,e-tech-full-hybrid-160-ch-techno,SANS APPORT RENAULT Symbioz E-Tech full hybrid 160 ch Techno,,,Hybride,Automatique,10,463,https://auto-dispo.cic-leasing.fr/leasing-voiture/renault/symbioz/e-tech-full-hybrid-160-ch-techno-ves00425293?apport=sans
2026-09-15T14:43:18,ves00463140,volkswagen,t-roc,15-etsi-evo2-hybrid-150-ch-dsg7-r-line,SANS APPORT VOLKSWAGEN T-ROC 1.5 eTSI EVO2 Hybrid 150 ch DSG7 R-Line,,,Essence,Automatique,10,463,https://auto-dispo.cic-leasing.fr/leasing-voiture/volkswagen/t-roc/15-etsi-evo2-hybrid-150-ch-dsg7-r-line-ves00463140?apport=sans
2026-09-15T14:43:18,ves00396088,ds,ds4-ii,hybride-136-e-dct6-pallas,SANS APPORT DS DS4 II,,,Hybride,Automatique,100,464,https://auto-dispo.cic-leasing.fr/leasing-voiture/ds/ds4-ii/hybride-136-e-dct6-pallas-ves00396088?apport=sans
2026-09-15T14:43:18,ves00449118,peugeot,3008-iii,hybrid-145-e-dcs6-gt,SANS APPORT PEUGEOT 3008 III Hybrid 145 e-DCS6 GT,,,Hybride,Automatique,10,464,https://auto-dispo.cic-leasing.fr/leasing-voiture/peugeot/3008-iii/hybrid-145-e-dcs6-gt-ves00449118?apport=sans
2026-09-15T14:43:18,ves00431044,peugeot,5008-iii,hybrid-145-ch-e-dcs6-gt,SANS APPORT PEUGEOT 5008 III Hybrid 145 ch e-DCS6 GT,,,Hybride,Automatique,10,465,https://auto-dispo.cic-leasing.fr/leasing-voiture/peugeot/5008-iii/hybrid-145-ch-e-dcs6-gt-ves00431044?apport=sans
2026-09-15T14:43:18,ves00462066,volkswagen,golf-viii,15-etsi-evo2-116-dsg7-r-line-edition,SANS APPORT VOLKSWAGEN Golf VIII 1.5 eTSI EVO2 116 DSG7 R-Line Edition,,,Essence,Automatique,10,465,https://auto-dispo.cic-leasing.fr/leasing-voiture/volkswagen/golf-viii/15-etsi-evo2-116-dsg7-r-line-edition-ves00462066?apport=sans
2026-09-15T14:43:18,ves00443846,peugeot,3008-iii,hybrid-145-e-dcs6-gt,SANS APPORT PEUGEOT 3008 III Hybrid 145 e-DCS6 GT,,,Hybride,Automatique,10,466,https://auto-dispo.cic-leasing.fr/leasing-voiture/peugeot/3008-iii/hybrid-145-e-dcs6-gt-ves00443846?apport=sans
2026-09-15T14:43:18,ves00463127,volkswagen,t-roc,15-etsi-evo2-hybrid-150-ch-dsg7-r-line,SANS APPORT VOLKSWAGEN T-ROC 1.5 eTSI EVO2 Hybrid 150 ch DSG7 R-Line,,,Essence,Automatique,10,467,https://auto-dispo.cic-leasing.fr/leasing-voiture/volkswagen/t-roc/15-etsi-evo2-hybrid-150-ch-dsg7-r-line-ves00463127?apport=sans
2026-09-15T14:43:18,ves00410716,peugeot,5008-iii,hybrid-145-ch-e-dcs6-gt,SANS APPORT PEUGEOT 5008 III Hybrid 145 ch e-DCS6 GT,,,Hybride,Automatique,10,468,https://auto-dispo.cic-leasing.fr/leasing-voiture/peugeot/5008-iii/hybrid-145-ch-e-dcs6-gt-ves00410716?apport=sans
2026-09-15T14:43:18,ves00457067,peugeot,3008-iii,hybrid-145-e-dcs6-gt,SANS APPORT PEUGEOT 3008 III Hybrid 145 e-DCS6 GT,,,Hybride,Automatique,10,468,https://auto-dispo.cic-leasing.fr/leasing-voiture/peugeot/3008-iii/hybrid-145-e-dcs6-gt-ves00457067?apport=sans
2026-09-15T14:43:18,ves00451136,volkswagen,t-roc,15-etsi-evo2-hybrid-150-ch-dsg7-r-line,SANS APPORT VOLKSWAGEN T-ROC 1.5 eTSI EVO2 Hybrid 150 ch DSG7 R-Line,,,Essence,Automatique,10,468,https://auto-dispo.cic-leasing.fr/leasing-voiture/volkswagen/t-roc/15-etsi-evo2-hybrid-150-ch-dsg7-r-line-ves00451136?apport=sans
2026-09-15T14:43:18,ves00458626,cupra,formentor,15-etsi-hybrid-150-ch-dsg7-v,SANS APPORT CUPRA Formentor 1.5 eTSI Hybrid 150 ch DSG7 V,,,Hybride,Automatique,100,468,https://auto-dispo.cic-leasing.fr/leasing-voiture/cupra/formentor/15-etsi-hybrid-150-ch-dsg7-v-ves00458626?apport=sans
2026-09-15T14:43:18,ves00459137,byd,seal-u,15l-dm-i-218-ch-phev-comfort,SANS APPORT BYD SEAL U 1.5l DM-i 218 ch PHEV Comfort,,,Hybride rechargeable,Automatique,100,468,https://auto-dispo.cic-leasing.fr/leasing-voiture/byd/seal-u/15l-dm-i-218-ch-phev-comfort-ves00459137?apport=sans
2026-09-15T14:43:18,ves00450514,volkswagen,tiguan-iii,15-etsi-131ch-dsg7-life,SANS APPORT VOLKSWAGEN Tiguan III 1.5 eTSI 131ch DSG7 Life,,,Essence,Automatique,10,469,https://auto-dispo.cic-leasing.fr/leasing-voiture/volkswagen/tiguan-iii/15-etsi-131ch-dsg7-life-ves00450514?apport=sans
2026-09-15T14:43:18,ves00449121,peugeot,3008-iii,hybrid-145-e-dcs6-gt,SANS APPORT PEUGEOT 3008 III Hybrid 145 e-DCS6 GT,,,Hybride,Automatique,10,469,https://auto-dispo.cic-leasing.fr/leasing-voiture/peugeot/3008-iii/hybrid-145-e-dcs6-gt-ves00449121?apport=sans
2026-09-15T14:43:18,ves00456103,peugeot,3008-iii,hybrid-145-e-dcs6-gt,SANS APPORT PEUGEOT 3008 III Hybrid 145 e-DCS6 GT,,,Hybride,Automatique,10,469,https://auto-dispo.cic-leasing.fr/leasing-voiture/peugeot/3008-iii/hybrid-145-e-dcs6-gt-ves00456103?apport=sans
2026-09-15T14:43:18,ves00450922,volkswagen,tiguan-iii,15-etsi-131ch-dsg7-life,SANS APPORT VOLKSWAGEN Tiguan III 1.5 eTSI 131ch DSG7 Life,,,Essence,Automatique,10,470,https://auto-dispo.cic-leasing.fr/leasing-voiture/volkswagen/tiguan-iii/15-etsi-131ch-dsg7-life-ves00450922?apport=sans
2026-09-15T14:43:18,ves00457593,mg,ehs-ii,15-hybrid-224-ch-luxury,SANS APPORT MG EHS II 1.5 Hybrid+ 224 ch Luxury,,,Hybride,Automatique,10,470,https://auto-dispo.cic-leasing.fr/leasing-voiture/mg/ehs-ii/15-hybrid-224-ch-luxury-ves00457593?apport=sans
2026-09-15T14:43:18,ves00448012,toyota,corolla-hybride-touring-sport-xii,140ch-design,SANS APPORT TOYOTA Corolla,,,Hybride,Automatique,10,470,https://auto-dispo.cic-leasing.fr/leasing-voiture/toyota/corolla-hybride-touring-sport-xii/140ch-design-ves00448012?apport=sans
2026-09-15T14:43:18,ves00459700,volkswagen,tiguan-iii,20-tdi-150ch-dsg7-life,VOLKSWAGEN Tiguan III 2.0 TDI 150ch DSG7 Life,occasion,SANS APPORT,Diesel,Automatique,17810,470,https://auto-dispo.cic-leasing.fr/leasing-voiture/volkswagen/tiguan-iii/20-tdi-150ch-dsg7-life-ves00459700?apport=sans
2026-09-15T14:43:18,ves00458920,mg,ehs-ii,15t-phev-272-ch-luxury,SANS APPORT MG EHS II 1.5T PHEV 272 ch Luxury,,,Hybride rechargeable,Automatique,10,471,https://auto-dispo.cic-leasing.fr/leasing-voiture/mg/ehs-ii/15t-phev-272-ch-luxury-ves00458920?apport=sans
2026-09-15T14:43:18,ves00459130,byd,seal-u,15l-dm-i-218-ch-phev-comfort,SANS APPORT BYD SEAL U 1.5l DM-i 218 ch PHEV Comfort,,,Hybride rechargeable,Automatique,100,471,https://auto-dispo.cic-leasing.fr/leasing-voiture/byd/seal-u/15l-dm-i-218-ch-phev-comfort-ves00459130?apport=sans
2026-09-15T14:43:18,ves00456100,peugeot,3008-iii,hybrid-145-e-dcs6-gt,SANS APPORT PEUGEOT 3008 III Hybrid 145 e-DCS6 GT,,,Hybride,Automatique,10,471,https://auto-dispo.cic-leasing.fr/leasing-voiture/peugeot/3008-iii/hybrid-145-e-dcs6-gt-ves00456100?apport=sans
2026-09-15T14:43:18,ves00410666,renault,austral,full-hybrid-e-tech-200-ch-techno,SANS APPORT RENAULT Austral full hybrid E-Tech 200 ch Techno,,,Hybride,Automatique,213,471,https://auto-dispo.cic-leasing.fr/leasing-voiture/renault/austral/full-hybrid-e-tech-200-ch-techno-ves00410666?apport=sans
2026-09-15T14:43:18,ves00459184,volkswagen,t-roc,20-tdi-150-start-stop-dsg7-life-plus,VOLKSWAGEN T-Roc 2.0 TDI 150 Start/Stop DSG7 Life Plus,occasion,SANS APPORT,Diesel,Automatique,12650,472,https://auto-dispo.cic-leasing.fr/leasing-voiture/volkswagen/t-roc/20-tdi-150-start-stop-dsg7-life-plus-ves00459184?apport=sans
2026-09-15T14:43:18,ves00413342,renault,austral,full-hybrid-e-tech-200-ch-techno,SANS APPORT RENAULT Austral full hybrid E-Tech 200 ch Techno,,,Hybride,Automatique,10,472,https://auto-dispo.cic-leasing.fr/leasing-voiture/renault/austral/full-hybrid-e-tech-200-ch-techno-ves00413342?apport=sans
2026-09-15T14:43:18,ves00446903,toyota,corolla-hybride-touring-sport-xii,140ch-design,SANS APPORT TOYOTA Corolla,,,Hybride,Automatique,10,472,https://auto-dispo.cic-leasing.fr/leasing-voiture/toyota/corolla-hybride-touring-sport-xii/140ch-design-ves00446903?apport=sans
2026-09-15T14:43:18,ves00449116,peugeot,3008-iii,hybrid-145-e-dcs6-gt,SANS APPORT PEUGEOT 3008 III Hybrid 145 e-DCS6 GT,,,Hybride,Automatique,10,472,https://auto-dispo.cic-leasing.fr/leasing-voiture/peugeot/3008-iii/hybrid-145-e-dcs6-gt-ves00449116?apport=sans
2026-09-15T14:43:18,ves00431862,skoda,karoq,15-tsi-evo-2-150-ch-act-dsg7-selection,SKODA Karoq 1.5 TSI Evo 2 150 ch ACT DSG7 Selection,occasion,SANS APPORT,Essence,Automatique,11785,473,https://auto-dispo.cic-leasing.fr/leasing-voiture/skoda/karoq/15-tsi-evo-2-150-ch-act-dsg7-selection-ves00431862?apport=sans
2026-09-15T14:43:18,ves00449794,volkswagen,tiguan-iii,15-etsi-131ch-dsg7-life,SANS APPORT VOLKSWAGEN Tiguan III 1.5 eTSI 131ch DSG7 Life,,,Essence,Automatique,10,473,https://auto-dispo.cic-leasing.fr/leasing-voiture/volkswagen/tiguan-iii/15-etsi-131ch-dsg7-life-ves00449794?apport=sans
2026-09-15T14:43:18,ves00411580,renault,austral,full-hybrid-e-tech-200-ch-techno,SANS APPORT RENAULT Austral full hybrid E-Tech 200 ch Techno,,,Hybride,Automatique,10,473,https://auto-dispo.cic-leasing.fr/leasing-voiture/renault/austral/full-hybrid-e-tech-200-ch-techno-ves00411580?apport=sans
2026-09-15T14:43:18,ves00458886,mg,ehs-ii,15t-phev-272-ch-luxury,SANS APPORT MG EHS II 1.5T PHEV 272 ch Luxury,,,Hybride rechargeable,Automatique,10,473,https://auto-dispo.cic-leasing.fr/leasing-voiture/mg/ehs-ii/15t-phev-272-ch-luxury-ves00458886?apport=sans
2026-09-15T14:43:18,ves00456265,volkswagen,t-roc,15-etsi-evo2-hybrid-150-ch-dsg7-r-line,SANS APPORT VOLKSWAGEN T-ROC 1.5 eTSI EVO2 Hybrid 150 ch DSG7 R-Line,,,Essence,Automatique,10,473,https://auto-dispo.cic-leasing.fr/leasing-voiture/volkswagen/t-roc/15-etsi-evo2-hybrid-150-ch-dsg7-r-line-ves00456265?apport=sans
2026-09-15T14:43:18,ves00462858,audi,a3-sportback-iv,tfsi-e-hybride-rechargeable-204-s-tronic-6-s-line,SANS APPORT AUDI A3 Sportback IV TFSI e,,,Hybride rechargeable,Automatique,10,474,https://auto-dispo.cic-leasing.fr/leasing-voiture/audi/a3-sportback-iv/tfsi-e-hybride-rechargeable-204-s-tronic-6-s-line-ves00462858?apport=sans
2026-09-15T14:43:18,ves00460220,volkswagen,tayron,15-etsi-150ch-dsg7-7pl-life-plus,VOLKSWAGEN TAYRON 1.5 eTSI 150ch DSG7 7pl Life Plus,occasion,SANS APPORT,Hybride,Automatique,23194,474,https://auto-dispo.cic-leasing.fr/leasing-voiture/volkswagen/tayron/15-etsi-150ch-dsg7-7pl-life-plus-ves00460220?apport=sans
2026-09-15T14:43:18,ves00463076,renault,austral,full-hybrid-e-tech-200-ch-esprit-alpine,SANS APPORT RENAULT Austral full hybrid E-Tech 200 ch Esprit Alpine,,,Hybride,Automatique,10,474,https://auto-dispo.cic-leasing.fr/leasing-voiture/renault/austral/full-hybrid-e-tech-200-ch-esprit-alpine-ves00463076?apport=sans
2026-09-15T14:43:18,ves00431695,peugeot,308-iii,bluehdi-130ch-ss-eat8-gt,SANS APPORT PEUGEOT 308 III BlueHDi 130ch S&S EAT8 GT,,,Diesel,Automatique,10,474,https://auto-dispo.cic-leasing.fr/leasing-voiture/peugeot/308-iii/bluehdi-130ch-ss-eat8-gt-ves00431695?apport=sans
2026-09-15T14:43:18,ves00453485,volkswagen,t-roc,15-etsi-evo2-hybrid-150-ch-dsg7-r-line,SANS APPORT VOLKSWAGEN T-ROC 1.5 eTSI EVO2 Hybrid 150 ch DSG7 R-Line,,,Essence,Automatique,10,475,https://auto-dispo.cic-leasing.fr/leasing-voiture/volkswagen/t-roc/15-etsi-evo2-hybrid-150-ch-dsg7-r-line-ves00453485?apport=sans
2026-09-15T14:43:18,ves00425841,peugeot,3008-iii,hybrid-145-e-dcs6-gt,SANS APPORT PEUGEOT 3008 III Hybrid 145 e-DCS6 GT,,,Hybride,Automatique,10,475,https://auto-dispo.cic-leasing.fr/leasing-voiture/peugeot/3008-iii/hybrid-145-e-dcs6-gt-ves00425841?apport=sans
2026-09-15T14:43:18,ves00450486,volkswagen,tiguan-iii,15-etsi-131ch-dsg7-life,SANS APPORT VOLKSWAGEN Tiguan III 1.5 eTSI 131ch DSG7 Life,,,Essence,Automatique,10,475,https://auto-dispo.cic-leasing.fr/leasing-voiture/volkswagen/tiguan-iii/15-etsi-131ch-dsg7-life-ves00450486?apport=sans
2026-09-15T14:43:18,ves00445540,skoda,karoq,15-tsi-evo-2-150-ch-act-dsg7-selection,SKODA Karoq 1.5 TSI Evo 2 150 ch ACT DSG7 Selection,occasion,SANS APPORT,Essence,Automatique,14231,475,https://auto-dispo.cic-leasing.fr/leasing-voiture/skoda/karoq/15-tsi-evo-2-150-ch-act-dsg7-selection-ves00445540?apport=sans
2026-09-15T14:43:18,ves00445543,skoda,karoq,15-tsi-evo-2-150-ch-act-dsg7-selection,SKODA Karoq 1.5 TSI Evo 2 150 ch ACT DSG7 Selection,occasion,SANS APPORT,Essence,Automatique,12094,475,https://auto-dispo.cic-leasing.fr/leasing-voiture/skoda/karoq/15-tsi-evo-2-150-ch-act-dsg7-selection-ves00445543?apport=sans
2026-09-15T14:43:18,ves00412914,cupra,terramar,15-etsi-hybrid-150-ch-dsg7-v,CUPRA TERRAMAR 1.5 eTSI Hybrid 150 ch DSG7 V,occasion,SANS APPORT,Hybride,Automatique,1000,475,https://auto-dispo.cic-leasing.fr/leasing-voiture/cupra/terramar/15-etsi-hybrid-150-ch-dsg7-v-ves00412914?apport=sans
2026-09-15T14:43:18,ves00460633,audi,a3-sportback-iv,tfsi-mild-hybrid-150-s-tronic-7-design,SANS APPORT AUDI A3 Sportback IV TFSI Mild Hybrid 150 S tronic 7 Design,,,Essence,Automatique,10,476,https://auto-dispo.cic-leasing.fr/leasing-voiture/audi/a3-sportback-iv/tfsi-mild-hybrid-150-s-tronic-7-design-ves00460633?apport=sans
2026-09-15T14:43:18,ves00450502,volkswagen,tiguan-iii,15-etsi-131ch-dsg7-life,SANS APPORT VOLKSWAGEN Tiguan III 1.5 eTSI 131ch DSG7 Life,,,Essence,Automatique,10,476,https://auto-dispo.cic-leasing.fr/leasing-voiture/volkswagen/tiguan-iii/15-etsi-131ch-dsg7-life-ves00450502?apport=sans
2026-09-15T14:43:18,ves00449120,peugeot,3008-iii,hybrid-145-e-dcs6-gt,SANS APPORT PEUGEOT 3008 III Hybrid 145 e-DCS6 GT,,,Hybride,Automatique,10,476,https://auto-dispo.cic-leasing.fr/leasing-voiture/peugeot/3008-iii/hybrid-145-e-dcs6-gt-ves00449120?apport=sans
2026-09-15T14:43:18,ves00457039,renault,espace-vi,full-hybrid-e-tech-200-ch-7pl-iconic,SANS APPORT RENAULT Espace VI full hybrid E-Tech 200 ch 7pl Iconic,,,Hybride,Automatique,10,477,https://auto-dispo.cic-leasing.fr/leasing-voiture/renault/espace-vi/full-hybrid-e-tech-200-ch-7pl-iconic-ves00457039?apport=sans
2026-09-15T14:43:18,ves00444214,citroen,c5-aircross,145-ch-e-dcs6-max,SANS APPORT CITROEN C5 AIRCROSS 145 ch e-DCS6 Max,,,Essence,Automatique,100,477,https://auto-dispo.cic-leasing.fr/leasing-voiture/citroen/c5-aircross/145-ch-e-dcs6-max-ves00444214?apport=sans
2026-09-15T14:43:18,ves00443905,volkswagen,golf-viii,15-etsi-evo2-150-dsg7-r-line,SANS APPORT VOLKSWAGEN Golf VIII 1.5 eTSI EVO2 150 DSG7 R-Line,,,Hybride,Automatique,10,477,https://auto-dispo.cic-leasing.fr/leasing-voiture/volkswagen/golf-viii/15-etsi-evo2-150-dsg7-r-line-ves00443905?apport=sans
2026-09-15T14:43:18,ves00457426,alfa-romeo,junior,12-ibrida-145-ch-e-dct6-sport-speciale,SANS APPORT ALFA ROMEO Junior 1.2 Ibrida 145 ch e-DCT6 Sport Speciale,,,Essence,Automatique,100,478,https://auto-dispo.cic-leasing.fr/leasing-voiture/alfa-romeo/junior/12-ibrida-145-ch-e-dct6-sport-speciale-ves00457426?apport=sans
2026-09-15T14:43:18,ves00460522,renault,espace-vi,full-hybrid-e-tech-200-ch-7pl-iconic,SANS APPORT RENAULT Espace VI full hybrid E-Tech 200 ch 7pl Iconic,,,Hybride,Automatique,10,478,https://auto-dispo.cic-leasing.fr/leasing-voiture/renault/espace-vi/full-hybrid-e-tech-200-ch-7pl-iconic-ves00460522?apport=sans
2026-09-15T14:43:18,ves00456135,peugeot,3008-iii,hybrid-145-e-dcs6-gt,SANS APPORT PEUGEOT 3008 III Hybrid 145 e-DCS6 GT,,,Hybride,Automatique,10,478,https://auto-dispo.cic-leasing.fr/leasing-voiture/peugeot/3008-iii/hybrid-145-e-dcs6-gt-ves00456135?apport=sans
2026-09-15T14:43:18,ves00458719,volkswagen,tiguan-iii,20-tdi-150ch-dsg7-life,VOLKSWAGEN Tiguan III 2.0 TDI 150ch DSG7 Life,occasion,SANS APPORT,Diesel,Automatique,21930,478,https://auto-dispo.cic-leasing.fr/leasing-voiture/volkswagen/tiguan-iii/20-tdi-150ch-dsg7-life-ves00458719?apport=sans
2026-09-15T14:43:18,ves00445154,nissan,qashqai-iii,hybrid-e-power-gen3-205-ch-n-design,SANS APPORT NISSAN QASHQAI III Hybrid e-Power Gen3 205 ch N-Design,,,Hybride,Automatique,100,479,https://auto-dispo.cic-leasing.fr/leasing-voiture/nissan/qashqai-iii/hybrid-e-power-gen3-205-ch-n-design-ves00445154?apport=sans
2026-09-15T14:43:18,ves00444215,citroen,c5-aircross,145-ch-e-dcs6-max,SANS APPORT CITROEN C5 AIRCROSS 145 ch e-DCS6 Max,,,Essence,Automatique,100,479,https://auto-dispo.cic-leasing.fr/leasing-voiture/citroen/c5-aircross/145-ch-e-dcs6-max-ves00444215?apport=sans
2026-09-15T14:43:18,ves00450122,volkswagen,t-roc,15-etsi-evo2-hybrid-150-ch-dsg7-r-line,SANS APPORT VOLKSWAGEN T-ROC 1.5 eTSI EVO2 Hybrid 150 ch DSG7 R-Line,,,Essence,Automatique,10,480,https://auto-dispo.cic-leasing.fr/leasing-voiture/volkswagen/t-roc/15-etsi-evo2-hybrid-150-ch-dsg7-r-line-ves00450122?apport=sans
2026-09-15T14:43:18,ves00414910,peugeot,5008-iii,hybrid-145-ch-e-dcs6-allure,PEUGEOT 5008 III Hybrid 145 ch e-DCS6 Allure,occasion,SANS APPORT,Hybride,Automatique,750,480,https://auto-dispo.cic-leasing.fr/leasing-voiture/peugeot/5008-iii/hybrid-145-ch-e-dcs6-allure-ves00414910?apport=sans
2026-09-15T14:43:18,ves00346078,ds,ds4-ii,bluehdi-130-eat8-pallas,SANS APPORT DS DS4 II BlueHDi 130 EAT8 Pallas,,,Diesel,Automatique,10,481,https://auto-dispo.cic-leasing.fr/leasing-voiture/ds/ds4-ii/bluehdi-130-eat8-pallas-ves00346078?apport=sans
2026-09-15T14:43:18,ves00435530,citroen,berlingo-iii,taille-m-bluehdi-130-ss-eat8-max,SANS APPORT CITROEN Berlingo III Taille M BlueHDi 130 S&S EAT8 Max,,,Diesel,Automatique,10,481,https://auto-dispo.cic-leasing.fr/leasing-voiture/citroen/berlingo-iii/taille-m-bluehdi-130-ss-eat8-max-ves00435530?apport=sans
2026-09-15T14:43:18,ves00348902,ds,ds4-ii,bluehdi-130-eat8-pallas,SANS APPORT DS DS4 II BlueHDi 130 EAT8 Pallas,,,Diesel,Automatique,100,481,https://auto-dispo.cic-leasing.fr/leasing-voiture/ds/ds4-ii/bluehdi-130-eat8-pallas-ves00348902?apport=sans
2026-09-15T14:43:18,ves00460621,volkswagen,tiguan-iii,20-tdi-150ch-dsg7-life,VOLKSWAGEN Tiguan III 2.0 TDI 150ch DSG7 Life,occasion,SANS APPORT,Diesel,Automatique,11814,481,https://auto-dispo.cic-leasing.fr/leasing-voiture/volkswagen/tiguan-iii/20-tdi-150ch-dsg7-life-ves00460621?apport=sans
2026-09-15T14:43:18,ves00438352,cupra,terramar,15-etsi-hybrid-150-ch-dsg7-v,CUPRA TERRAMAR 1.5 eTSI Hybrid 150 ch DSG7 V,occasion,SANS APPORT,Hybride,Automatique,5000,481,https://auto-dispo.cic-leasing.fr/leasing-voiture/cupra/terramar/15-etsi-hybrid-150-ch-dsg7-v-ves00438352?apport=sans
2026-09-15T14:43:18,ves00445542,skoda,karoq,15-tsi-evo-2-150-ch-act-dsg7-selection,SKODA Karoq 1.5 TSI Evo 2 150 ch ACT DSG7 Selection,occasion,SANS APPORT,Essence,Automatique,18400,482,https://auto-dispo.cic-leasing.fr/leasing-voiture/skoda/karoq/15-tsi-evo-2-150-ch-act-dsg7-selection-ves00445542?apport=sans
2026-09-15T14:43:18,ves00459598,renault,rafale,e-tech-full-hybrid-200-ch-esprit-alpine,SANS APPORT RENAULT Rafale E-Tech full hybrid 200 ch esprit Alpine,,,Hybride,Automatique,10,482,https://auto-dispo.cic-leasing.fr/leasing-voiture/renault/rafale/e-tech-full-hybrid-200-ch-esprit-alpine-ves00459598?apport=sans
2026-09-15T14:43:18,ves00450407,ds,ds7,bluehdi-130-eat8-pallas,SANS APPORT DS DS7 BlueHDi 130 EAT8 Pallas,,,Diesel,Automatique,10,482,https://auto-dispo.cic-leasing.fr/leasing-voiture/ds/ds7/bluehdi-130-eat8-pallas-ves00450407?apport=sans
2026-09-15T14:43:18,ves00348906,ds,ds4-ii,bluehdi-130-eat8-pallas,SANS APPORT DS DS4 II BlueHDi 130 EAT8 Pallas,,,Diesel,Automatique,10,482,https://auto-dispo.cic-leasing.fr/leasing-voiture/ds/ds4-ii/bluehdi-130-eat8-pallas-ves00348906?apport=sans
2026-09-15T14:43:18,ves00348907,ds,ds4-ii,bluehdi-130-eat8-pallas,SANS APPORT DS DS4 II BlueHDi 130 EAT8 Pallas,,,Diesel,Automatique,10,484,https://auto-dispo.cic-leasing.fr/leasing-voiture/ds/ds4-ii/bluehdi-130-eat8-pallas-ves00348907?apport=sans
2026-09-15T14:43:18,ves00411425,cupra,terramar,15-etsi-hybrid-150-ch-dsg7-v,CUPRA TERRAMAR 1.5 eTSI Hybrid 150 ch DSG7 V,occasion,SANS APPORT,Hybride,Automatique,1903,484,https://auto-dispo.cic-leasing.fr/leasing-voiture/cupra/terramar/15-etsi-hybrid-150-ch-dsg7-v-ves00411425?apport=sans
2026-09-15T14:43:18,ves00454244,renault,austral,full-hybrid-e-tech-200-ch-esprit-alpine,SANS APPORT RENAULT Austral full hybrid E-Tech 200 ch Esprit Alpine,,,Hybride,Automatique,10,484,https://auto-dispo.cic-leasing.fr/leasing-voiture/renault/austral/full-hybrid-e-tech-200-ch-esprit-alpine-ves00454244?apport=sans
2026-09-15T14:43:18,ves00445152,nissan,qashqai-iii,hybrid-e-power-gen3-205-ch-n-design,SANS APPORT NISSAN QASHQAI III Hybrid e-Power Gen3 205 ch N-Design,,,Hybride,Automatique,100,484,https://auto-dispo.cic-leasing.fr/leasing-voiture/nissan/qashqai-iii/hybrid-e-power-gen3-205-ch-n-design-ves00445152?apport=sans
2026-09-15T14:43:18,ves00461113,volkswagen,golf-viii,15-etsi-evo2-150-dsg7-r-line,SANS APPORT VOLKSWAGEN Golf VIII 1.5 eTSI EVO2 150 DSG7 R-Line,,,Hybride,Automatique,10,484,https://auto-dispo.cic-leasing.fr/leasing-voiture/volkswagen/golf-viii/15-etsi-evo2-150-dsg7-r-line-ves00461113?apport=sans
2026-09-15T14:43:18,ves00413328,renault,austral,full-hybrid-e-tech-200-ch-techno,SANS APPORT RENAULT Austral full hybrid E-Tech 200 ch Techno,,,Hybride,Automatique,10,485,https://auto-dispo.cic-leasing.fr/leasing-voiture/renault/austral/full-hybrid-e-tech-200-ch-techno-ves00413328?apport=sans
2026-09-15T14:43:18,ves00450413,ds,ds7,bluehdi-130-eat8-pallas,SANS APPORT DS DS7 BlueHDi 130 EAT8 Pallas,,,Diesel,Automatique,10,486,https://auto-dispo.cic-leasing.fr/leasing-voiture/ds/ds7/bluehdi-130-eat8-pallas-ves00450413?apport=sans
2026-09-15T14:43:18,ves00443014,cupra,terramar,15-etsi-hybrid-150-ch-dsg7-v,CUPRA TERRAMAR 1.5 eTSI Hybrid 150 ch DSG7 V,occasion,SANS APPORT,Hybride,Automatique,28027,487,https://auto-dispo.cic-leasing.fr/leasing-voiture/cupra/terramar/15-etsi-hybrid-150-ch-dsg7-v-ves00443014?apport=sans
2026-09-15T14:43:18,ves00456348,hyundai,tucson-iv,16-t-gdi-239-hybrid-bva6-n-line-executive,SANS APPORT HYUNDAI Tucson IV 1.6 T-GDI 239 Hybrid BVA6 N Line Executive,,,Hybride,Automatique,10,487,https://auto-dispo.cic-leasing.fr/leasing-voiture/hyundai/tucson-iv/16-t-gdi-239-hybrid-bva6-n-line-executive-ves00456348?apport=sans
2026-09-15T14:43:18,ves00456004,hyundai,tucson-iv,16-t-gdi-239-hybrid-bva6-n-line-creative,SANS APPORT HYUNDAI Tucson IV 1.6 T-GDI 239 Hybrid BVA6 N Line Creative,,,Hybride,Automatique,10,487,https://auto-dispo.cic-leasing.fr/leasing-voiture/hyundai/tucson-iv/16-t-gdi-239-hybrid-bva6-n-line-creative-ves00456004?apport=sans
2026-09-15T14:43:18,ves00458561,volkswagen,tayron,15-etsi-150ch-dsg7-7pl-life-plus,VOLKSWAGEN TAYRON 1.5 eTSI 150ch DSG7 7pl Life Plus,occasion,SANS APPORT,Hybride,Automatique,25486,488,https://auto-dispo.cic-leasing.fr/leasing-voiture/volkswagen/tayron/15-etsi-150ch-dsg7-7pl-life-plus-ves00458561?apport=sans
2026-09-15T14:43:18,ves00460272,audi,a3-sportback-iv,tfsi-e-hybride-rechargeable-204-s-tronic-6-s-line,AUDI A3 Sportback IV TFSI e,occasion,SANS APPORT,Hybride rechargeable,Automatique,24813,489,https://auto-dispo.cic-leasing.fr/leasing-voiture/audi/a3-sportback-iv/tfsi-e-hybride-rechargeable-204-s-tronic-6-s-line-ves00460272?apport=sans
2026-09-15T14:43:18,ves00396426,volkswagen,t-roc,15-tsi-evo2-150-start-stop-dsg7-r-line-edition,SANS APPORT VOLKSWAGEN T-Roc 1.5 TSI EVO2 150 Start/Stop DSG7 R-Line Edition,,,Essence,Automatique,10,489,https://auto-dispo.cic-leasing.fr/leasing-voiture/volkswagen/t-roc/15-tsi-evo2-150-start-stop-dsg7-r-line-edition-ves00396426?apport=sans
2026-09-15T14:43:18,ves00456027,hyundai,tucson-iv,16-t-gdi-239-hybrid-bva6-n-line-creative,SANS APPORT HYUNDAI Tucson IV 1.6 T-GDI 239 Hybrid BVA6 N Line Creative,,,Hybride,Automatique,10,489,https://auto-dispo.cic-leasing.fr/leasing-voiture/hyundai/tucson-iv/16-t-gdi-239-hybrid-bva6-n-line-creative-ves00456027?apport=sans
2026-09-15T14:43:18,ves00455937,hyundai,tucson-iv,16-t-gdi-239-hybrid-bva6-n-line-creative,SANS APPORT HYUNDAI Tucson IV 1.6 T-GDI 239 Hybrid BVA6 N Line Creative,,,Hybride,Automatique,10,490,https://auto-dispo.cic-leasing.fr/leasing-voiture/hyundai/tucson-iv/16-t-gdi-239-hybrid-bva6-n-line-creative-ves00455937?apport=sans
2026-09-15T14:43:18,ves00420229,peugeot,3008-iii,hybrid-145-e-dcs6-gt,SANS APPORT PEUGEOT 3008 III Hybrid 145 e-DCS6 GT,,,Hybride,Automatique,10,490,https://auto-dispo.cic-leasing.fr/leasing-voiture/peugeot/3008-iii/hybrid-145-e-dcs6-gt-ves00420229?apport=sans
2026-09-15T14:43:18,ves00420743,peugeot,5008-iii,hybrid-145-ch-e-dcs6-gt-exclusive,SANS APPORT PEUGEOT 5008 III Hybrid 145 ch e-DCS6 GT Exclusive,,,Essence,Automatique,10,491,https://auto-dispo.cic-leasing.fr/leasing-voiture/peugeot/5008-iii/hybrid-145-ch-e-dcs6-gt-exclusive-ves00420743?apport=sans
2026-09-15T14:43:18,ves00435566,bmw,serie-1-f70,120d-163-ch-dkg7-m-sport,BMW Série 1 F70 120d 163 ch DKG7 M Sport,occasion,SANS APPORT,Diesel,Automatique,21199,492,https://auto-dispo.cic-leasing.fr/leasing-voiture/bmw/serie-1-f70/120d-163-ch-dkg7-m-sport-ves00435566?apport=sans
2026-09-15T14:43:18,ves00412835,kia,pro_ceed,15-t-gdi-140-ch-dct7-gt-line,SANS APPORT KIA PRO_CEE'D 1.5 T-GDi 140 ch DCT7 GT-line,,,Essence,Automatique,10,492,https://auto-dispo.cic-leasing.fr/leasing-voiture/kia/pro_ceed/15-t-gdi-140-ch-dct7-gt-line-ves00412835?apport=sans
2026-09-15T14:43:18,ves00454201,bmw,serie-1-f70,120d-163-ch-dkg7-m-sport,BMW Série 1 F70 120d 163 ch DKG7 M Sport,occasion,SANS APPORT,Diesel,Automatique,22005,493,https://auto-dispo.cic-leasing.fr/leasing-voiture/bmw/serie-1-f70/120d-163-ch-dkg7-m-sport-ves00454201?apport=sans
2026-09-15T14:43:18,ves00413411,cupra,terramar,15-etsi-hybrid-150-ch-dsg7-v,CUPRA TERRAMAR 1.5 eTSI Hybrid 150 ch DSG7 V,occasion,SANS APPORT,Hybride,Automatique,1000,493,https://auto-dispo.cic-leasing.fr/leasing-voiture/cupra/terramar/15-etsi-hybrid-150-ch-dsg7-v-ves00413411?apport=sans
2026-09-15T14:43:18,ves00462777,cupra,formentor,20-tdi-150-ch-dsg7-v,CUPRA Formentor 2.0 TDI 150 ch DSG7 V,occasion,SANS APPORT,Diesel,Automatique,22713,493,https://auto-dispo.cic-leasing.fr/leasing-voiture/cupra/formentor/20-tdi-150-ch-dsg7-v-ves00462777?apport=sans
2026-09-15T14:43:18,ves00348905,ds,ds4-ii,bluehdi-130-eat8-pallas,SANS APPORT DS DS4 II BlueHDi 130 EAT8 Pallas,,,Diesel,Automatique,10,494,https://auto-dispo.cic-leasing.fr/leasing-voiture/ds/ds4-ii/bluehdi-130-eat8-pallas-ves00348905?apport=sans
2026-09-15T14:43:18,ves00460141,audi,a3-sportback-iv,tfsi-e-hybride-rechargeable-204-s-tronic-6-s-line,AUDI A3 Sportback IV TFSI e,occasion,SANS APPORT,Hybride rechargeable,Automatique,28126,494,https://auto-dispo.cic-leasing.fr/leasing-voiture/audi/a3-sportback-iv/tfsi-e-hybride-rechargeable-204-s-tronic-6-s-line-ves00460141?apport=sans
2026-09-15T14:43:18,ves00460520,renault,espace-vi,full-hybrid-e-tech-200-ch-7pl-esprit-alpine,SANS APPORT RENAULT Espace VI full hybrid E-Tech 200 ch 7pl Esprit Alpine,,,Hybride,Automatique,100,495,https://auto-dispo.cic-leasing.fr/leasing-voiture/renault/espace-vi/full-hybrid-e-tech-200-ch-7pl-esprit-alpine-ves00460520?apport=sans
2026-09-15T14:43:18,ves00456007,hyundai,tucson-iv,16-t-gdi-239-hybrid-bva6-n-line-creative,SANS APPORT HYUNDAI Tucson IV 1.6 T-GDI 239 Hybrid BVA6 N Line Creative,,,Hybride,Automatique,10,495,https://auto-dispo.cic-leasing.fr/leasing-voiture/hyundai/tucson-iv/16-t-gdi-239-hybrid-bva6-n-line-creative-ves00456007?apport=sans
2026-09-15T14:43:18,ves00439333,volkswagen,golf-viii,15-etsi-evo2-150-dsg7-r-line,SANS APPORT VOLKSWAGEN Golf VIII 1.5 eTSI EVO2 150 DSG7 R-Line,,,Hybride,Automatique,100,495,https://auto-dispo.cic-leasing.fr/leasing-voiture/volkswagen/golf-viii/15-etsi-evo2-150-dsg7-r-line-ves00439333?apport=sans
2026-09-15T14:43:18,ves00459821,audi,a3-sportback-iv,tfsi-e-hybride-rechargeable-204-s-tronic-6-s-line,AUDI A3 Sportback IV TFSI e,occasion,SANS APPORT,Hybride rechargeable,Automatique,27617,495,https://auto-dispo.cic-leasing.fr/leasing-voiture/audi/a3-sportback-iv/tfsi-e-hybride-rechargeable-204-s-tronic-6-s-line-ves00459821?apport=sans
2026-09-15T14:43:18,ves00437524,cupra,terramar,15-etsi-hybrid-150-ch-dsg7-v,SANS APPORT CUPRA TERRAMAR 1.5 eTSI Hybrid 150 ch DSG7 V,,,Hybride,Automatique,100,496,https://auto-dispo.cic-leasing.fr/leasing-voiture/cupra/terramar/15-etsi-hybrid-150-ch-dsg7-v-ves00437524?apport=sans
2026-09-15T14:43:18,ves00458874,bmw,serie-1-f70,120d-163-ch-dkg7-m-sport,BMW Série 1 F70 120d 163 ch DKG7 M Sport,occasion,SANS APPORT,Diesel,Automatique,21863,496,https://auto-dispo.cic-leasing.fr/leasing-voiture/bmw/serie-1-f70/120d-163-ch-dkg7-m-sport-ves00458874?apport=sans
2026-09-15T14:43:18,ves00460505,audi,a3-sportback-iv,tfsi-e-hybride-rechargeable-204-s-tronic-6-s-line,AUDI A3 Sportback IV TFSI e,occasion,SANS APPORT,Hybride rechargeable,Automatique,26191,496,https://auto-dispo.cic-leasing.fr/leasing-voiture/audi/a3-sportback-iv/tfsi-e-hybride-rechargeable-204-s-tronic-6-s-line-ves00460505?apport=sans
2026-09-15T14:43:18,ves00449165,hyundai,tucson-iv,16-t-gdi-239-hybrid-bva6-n-line-creative,SANS APPORT HYUNDAI Tucson IV 1.6 T-GDI 239 Hybrid BVA6 N Line Creative,,,Hybride,Automatique,10,496,https://auto-dispo.cic-leasing.fr/leasing-voiture/hyundai/tucson-iv/16-t-gdi-239-hybrid-bva6-n-line-creative-ves00449165?apport=sans
2026-09-15T14:43:18,ves00456268,cupra,formentor,15-etsi-hybrid-150-ch-dsg7-v,SANS APPORT CUPRA Formentor 1.5 eTSI Hybrid 150 ch DSG7 V,,,Hybride,Automatique,100,496,https://auto-dispo.cic-leasing.fr/leasing-voiture/cupra/formentor/15-etsi-hybrid-150-ch-dsg7-v-ves00456268?apport=sans
2026-09-15T14:43:18,ves00457723,kia,sportage,hybride-239-ch-bva6-gt-line,SANS APPORT KIA SPORTAGE,,,Hybride,Automatique,10,497,https://auto-dispo.cic-leasing.fr/leasing-voiture/kia/sportage/hybride-239-ch-bva6-gt-line-ves00457723?apport=sans
2026-09-15T14:43:18,ves00462187,cupra,formentor,20-tdi-150-ch-dsg7-v,CUPRA Formentor 2.0 TDI 150 ch DSG7 V,occasion,SANS APPORT,Diesel,Automatique,21624,497,https://auto-dispo.cic-leasing.fr/leasing-voiture/cupra/formentor/20-tdi-150-ch-dsg7-v-ves00462187?apport=sans
2026-09-15T14:43:18,ves00462193,cupra,formentor,20-tdi-150-ch-dsg7-v,CUPRA Formentor 2.0 TDI 150 ch DSG7 V,occasion,SANS APPORT,Diesel,Automatique,23136,498,https://auto-dispo.cic-leasing.fr/leasing-voiture/cupra/formentor/20-tdi-150-ch-dsg7-v-ves00462193?apport=sans
2026-09-15T14:43:18,ves00457248,renault,rafale,e-tech-full-hybrid-200-ch-esprit-alpine,SANS APPORT RENAULT Rafale E-Tech full hybrid 200 ch esprit Alpine,,,Hybride,Automatique,10,498,https://auto-dispo.cic-leasing.fr/leasing-voiture/renault/rafale/e-tech-full-hybrid-200-ch-esprit-alpine-ves00457248?apport=sans
2026-09-15T14:43:18,ves00457752,renault,rafale,12-e-tech-full-hybrid-200ch-esprit-alpine,SANS APPORT RENAULT Rafale 1.2 E-Tech full hybrid 200ch esprit Alpine,,,Hybride,Automatique,10,498,https://auto-dispo.cic-leasing.fr/leasing-voiture/renault/rafale/12-e-tech-full-hybrid-200ch-esprit-alpine-ves00457752?apport=sans
2026-09-15T14:43:18,ves00462784,cupra,formentor,20-tdi-150-ch-dsg7-v,CUPRA Formentor 2.0 TDI 150 ch DSG7 V,occasion,SANS APPORT,Diesel,Automatique,22972,499,https://auto-dispo.cic-leasing.fr/leasing-voiture/cupra/formentor/20-tdi-150-ch-dsg7-v-ves00462784?apport=sans
2026-09-15T14:43:18,ves00462197,cupra,formentor,20-tdi-150-ch-dsg7-v,CUPRA Formentor 2.0 TDI 150 ch DSG7 V,occasion,SANS APPORT,Diesel,Automatique,23131,499,https://auto-dispo.cic-leasing.fr/leasing-voiture/cupra/formentor/20-tdi-150-ch-dsg7-v-ves00462197?apport=sans
2026-09-15T14:43:18,ves00462764,cupra,formentor,20-tdi-150-ch-dsg7-v,CUPRA Formentor 2.0 TDI 150 ch DSG7 V,occasion,SANS APPORT,Diesel,Automatique,20768,499,https://auto-dispo.cic-leasing.fr/leasing-voiture/cupra/formentor/20-tdi-150-ch-dsg7-v-ves00462764?apport=sans
2026-09-15T14:43:18,ves00462213,cupra,formentor,20-tdi-150-ch-dsg7-v,CUPRA Formentor 2.0 TDI 150 ch DSG7 V,occasion,SANS APPORT,Diesel,Automatique,18355,499,https://auto-dispo.cic-leasing.fr/leasing-voiture/cupra/formentor/20-tdi-150-ch-dsg7-v-ves00462213?apport=sans
2026-09-15T14:43:18,ves00462769,cupra,formentor,20-tdi-150-ch-dsg7-v,CUPRA Formentor 2.0 TDI 150 ch DSG7 V,occasion,SANS APPORT,Diesel,Automatique,18727,499,https://auto-dispo.cic-leasing.fr/leasing-voiture/cupra/formentor/20-tdi-150-ch-dsg7-v-ves00462769?apport=sans
2026-09-15T14:43:18,ves00455936,renault,austral,full-hybrid-e-tech-200-ch-esprit-alpine,SANS APPORT RENAULT Austral full hybrid E-Tech 200 ch Esprit Alpine,,,Hybride,Automatique,10,500,https://auto-dispo.cic-leasing.fr/leasing-voiture/renault/austral/full-hybrid-e-tech-200-ch-esprit-alpine-ves00455936?apport=sans
2026-09-15T14:43:18,ves00447271,renault,austral,full-hybrid-e-tech-200-ch-esprit-alpine,SANS APPORT RENAULT Austral full hybrid E-Tech 200 ch Esprit Alpine,,,Hybride,Automatique,10,500,https://auto-dispo.cic-leasing.fr/leasing-voiture/renault/austral/full-hybrid-e-tech-200-ch-esprit-alpine-ves00447271?apport=sans
2026-09-15T14:43:18,ves00442509,volkswagen,t-roc,15-etsi-evo2-hybrid-150-ch-dsg7-r-line,SANS APPORT VOLKSWAGEN T-ROC 1.5 eTSI EVO2 Hybrid 150 ch DSG7 R-Line,,,Essence,Automatique,10,501,https://auto-dispo.cic-leasing.fr/leasing-voiture/volkswagen/t-roc/15-etsi-evo2-hybrid-150-ch-dsg7-r-line-ves00442509?apport=sans
2026-09-15T14:43:18,ves00462212,cupra,formentor,20-tdi-150-ch-dsg7-v,CUPRA Formentor 2.0 TDI 150 ch DSG7 V,occasion,SANS APPORT,Diesel,Automatique,17002,501,https://auto-dispo.cic-leasing.fr/leasing-voiture/cupra/formentor/20-tdi-150-ch-dsg7-v-ves00462212?apport=sans
2026-09-15T14:43:18,ves00456728,cupra,formentor,20-tdi-150-ch-dsg7-v,CUPRA Formentor 2.0 TDI 150 ch DSG7 V,occasion,SANS APPORT,Diesel,Automatique,19336,501,https://auto-dispo.cic-leasing.fr/leasing-voiture/cupra/formentor/20-tdi-150-ch-dsg7-v-ves00456728?apport=sans
2026-09-15T14:43:18,ves00456736,cupra,formentor,20-tdi-150-ch-dsg7-v,CUPRA Formentor 2.0 TDI 150 ch DSG7 V,occasion,SANS APPORT,Diesel,Automatique,19959,502,https://auto-dispo.cic-leasing.fr/leasing-voiture/cupra/formentor/20-tdi-150-ch-dsg7-v-ves00456736?apport=sans
2026-09-15T14:43:18,ves00434768,bmw,serie-1-f70,120d-163-ch-dkg7-m-sport,BMW Série 1 F70 120d 163 ch DKG7 M Sport,occasion,SANS APPORT,Diesel,Automatique,18556,502,https://auto-dispo.cic-leasing.fr/leasing-voiture/bmw/serie-1-f70/120d-163-ch-dkg7-m-sport-ves00434768?apport=sans
2026-09-15T14:43:18,ves00410545,cupra,terramar,15-etsi-hybrid-150-ch-dsg7-v,CUPRA TERRAMAR 1.5 eTSI Hybrid 150 ch DSG7 V,occasion,SANS APPORT,Hybride,Automatique,1000,503,https://auto-dispo.cic-leasing.fr/leasing-voiture/cupra/terramar/15-etsi-hybrid-150-ch-dsg7-v-ves00410545?apport=sans
2026-09-15T14:43:18,ves00441221,renault,austral,full-hybrid-e-tech-200-ch-esprit-alpine,SANS APPORT RENAULT Austral full hybrid E-Tech 200 ch Esprit Alpine,,,Hybride,Automatique,10,504,https://auto-dispo.cic-leasing.fr/leasing-voiture/renault/austral/full-hybrid-e-tech-200-ch-esprit-alpine-ves00441221?apport=sans
2026-09-15T14:43:18,ves00462186,cupra,formentor,20-tdi-150-ch-dsg7-v,CUPRA Formentor 2.0 TDI 150 ch DSG7 V,occasion,SANS APPORT,Diesel,Automatique,25000,505,https://auto-dispo.cic-leasing.fr/leasing-voiture/cupra/formentor/20-tdi-150-ch-dsg7-v-ves00462186?apport=sans
2026-09-15T14:43:18,ves00453273,bmw,serie-2,gran-coupe-216-122-ch-dkg7-m-sport,BMW SERIE 2 Gran Coupe 216 122 ch DKG7 M Sport,occasion,SANS APPORT,Essence,Automatique,24090,505,https://auto-dispo.cic-leasing.fr/leasing-voiture/bmw/serie-2/gran-coupe-216-122-ch-dkg7-m-sport-ves00453273?apport=sans
2026-09-15T14:43:18,ves00443930,skoda,karoq,15-tsi-evo-2-150-ch-act-dsg7-sportline,SKODA Karoq 1.5 TSI Evo 2 150 ch ACT DSG7 Sportline,occasion,SANS APPORT,Essence,Automatique,10083,505,https://auto-dispo.cic-leasing.fr/leasing-voiture/skoda/karoq/15-tsi-evo-2-150-ch-act-dsg7-sportline-ves00443930?apport=sans
2026-09-15T14:43:18,ves00436743,cupra,terramar,15-etsi-hybrid-150-ch-dsg7-v,SANS APPORT CUPRA TERRAMAR 1.5 eTSI Hybrid 150 ch DSG7 V,,,Hybride,Automatique,100,506,https://auto-dispo.cic-leasing.fr/leasing-voiture/cupra/terramar/15-etsi-hybrid-150-ch-dsg7-v-ves00436743?apport=sans
2026-09-15T14:43:18,ves00462766,cupra,formentor,20-tdi-150-ch-dsg7-v,CUPRA Formentor 2.0 TDI 150 ch DSG7 V,occasion,SANS APPORT,Diesel,Automatique,26517,506,https://auto-dispo.cic-leasing.fr/leasing-voiture/cupra/formentor/20-tdi-150-ch-dsg7-v-ves00462766?apport=sans
2026-09-15T14:43:18,ves00462756,cupra,formentor,20-tdi-150-ch-dsg7-v,CUPRA Formentor 2.0 TDI 150 ch DSG7 V,occasion,SANS APPORT,Diesel,Automatique,26764,506,https://auto-dispo.cic-leasing.fr/leasing-voiture/cupra/formentor/20-tdi-150-ch-dsg7-v-ves00462756?apport=sans
2026-09-15T14:43:18,ves00462084,renault,austral,full-hybrid-e-tech-200-ch-techno,SANS APPORT RENAULT Austral full hybrid E-Tech 200 ch Techno,,,Hybride,Automatique,10,506,https://auto-dispo.cic-leasing.fr/leasing-voiture/renault/austral/full-hybrid-e-tech-200-ch-techno-ves00462084?apport=sans
2026-09-15T14:43:18,ves00435245,renault,austral,full-hybrid-e-tech-200-ch-esprit-alpine,SANS APPORT RENAULT Austral full hybrid E-Tech 200 ch Esprit Alpine,,,Hybride,Automatique,10,507,https://auto-dispo.cic-leasing.fr/leasing-voiture/renault/austral/full-hybrid-e-tech-200-ch-esprit-alpine-ves00435245?apport=sans
2026-09-15T14:43:18,ves00445442,kia,sportage,hybride-239-ch-bva6-motion,SANS APPORT KIA SPORTAGE,,,Hybride,Automatique,10,507,https://auto-dispo.cic-leasing.fr/leasing-voiture/kia/sportage/hybride-239-ch-bva6-motion-ves00445442?apport=sans
2026-09-15T14:43:18,ves00419592,peugeot,3008-iii,hybrid-145-e-dcs6-gt-exclusive,SANS APPORT PEUGEOT 3008 III Hybrid 145 e-DCS6 GT Exclusive,,,Essence,Automatique,10,507,https://auto-dispo.cic-leasing.fr/leasing-voiture/peugeot/3008-iii/hybrid-145-e-dcs6-gt-exclusive-ves00419592?apport=sans
2026-09-15T14:43:18,ves00448431,volkswagen,t-roc,15-etsi-evo2-hybrid-150-ch-dsg7-r-line,SANS APPORT VOLKSWAGEN T-ROC 1.5 eTSI EVO2 Hybrid 150 ch DSG7 R-Line,,,Essence,Automatique,10,508,https://auto-dispo.cic-leasing.fr/leasing-voiture/volkswagen/t-roc/15-etsi-evo2-hybrid-150-ch-dsg7-r-line-ves00448431?apport=sans
2026-09-15T14:43:18,ves00460764,cupra,leon-sportourer,20-tdi-150-ch-dsg7-v,CUPRA Leon Sportourer 2.0 TDI 150 ch DSG7 V,occasion,SANS APPORT,Diesel,Automatique,11246,508,https://auto-dispo.cic-leasing.fr/leasing-voiture/cupra/leon-sportourer/20-tdi-150-ch-dsg7-v-ves00460764?apport=sans
2026-09-15T14:43:18,ves00455838,byd,seal-u,15l-dm-i-218-ch-phev-boost,SANS APPORT BYD SEAL U 1.5l DM-i 218 ch PHEV Boost,,,Hybride rechargeable,Automatique,10,508,https://auto-dispo.cic-leasing.fr/leasing-voiture/byd/seal-u/15l-dm-i-218-ch-phev-boost-ves00455838?apport=sans
2026-09-15T14:43:18,ves00454029,renault,austral,full-hybrid-e-tech-200-ch-esprit-alpine,SANS APPORT RENAULT Austral full hybrid E-Tech 200 ch Esprit Alpine,,,Hybride,Automatique,10,509,https://auto-dispo.cic-leasing.fr/leasing-voiture/renault/austral/full-hybrid-e-tech-200-ch-esprit-alpine-ves00454029?apport=sans
2026-09-15T14:43:18,ves00448408,volkswagen,t-roc,15-etsi-evo2-hybrid-150-ch-dsg7-r-line,SANS APPORT VOLKSWAGEN T-ROC 1.5 eTSI EVO2 Hybrid 150 ch DSG7 R-Line,,,Essence,Automatique,10,509,https://auto-dispo.cic-leasing.fr/leasing-voiture/volkswagen/t-roc/15-etsi-evo2-hybrid-150-ch-dsg7-r-line-ves00448408?apport=sans
2026-09-15T14:43:18,ves00460724,cupra,leon-sportourer,20-tdi-150-ch-dsg7-v,CUPRA Leon Sportourer 2.0 TDI 150 ch DSG7 V,occasion,SANS APPORT,Diesel,Automatique,14729,509,https://auto-dispo.cic-leasing.fr/leasing-voiture/cupra/leon-sportourer/20-tdi-150-ch-dsg7-v-ves00460724?apport=sans
2026-09-15T14:43:18,ves00448425,volkswagen,t-roc,15-etsi-evo2-hybrid-150-ch-dsg7-r-line,SANS APPORT VOLKSWAGEN T-ROC 1.5 eTSI EVO2 Hybrid 150 ch DSG7 R-Line,,,Essence,Automatique,10,509,https://auto-dispo.cic-leasing.fr/leasing-voiture/volkswagen/t-roc/15-etsi-evo2-hybrid-150-ch-dsg7-r-line-ves00448425?apport=sans
2026-09-15T14:43:18,ves00431671,renault,austral,full-hybrid-e-tech-200-ch-esprit-alpine,SANS APPORT RENAULT Austral full hybrid E-Tech 200 ch Esprit Alpine,,,Hybride,Automatique,10,510,https://auto-dispo.cic-leasing.fr/leasing-voiture/renault/austral/full-hybrid-e-tech-200-ch-esprit-alpine-ves00431671?apport=sans
2026-09-15T14:43:18,ves00396092,peugeot,3008-iii,hybrid-145-e-dcs6-gt,SANS APPORT PEUGEOT 3008 III Hybrid 145 e-DCS6 GT,,,Hybride,Automatique,100,510,https://auto-dispo.cic-leasing.fr/leasing-voiture/peugeot/3008-iii/hybrid-145-e-dcs6-gt-ves00396092?apport=sans
2026-09-15T14:43:18,ves00462653,cupra,leon-sportourer,20-tdi-150-ch-dsg7-v,CUPRA Leon Sportourer 2.0 TDI 150 ch DSG7 V,occasion,SANS APPORT,Diesel,Automatique,14771,511,https://auto-dispo.cic-leasing.fr/leasing-voiture/cupra/leon-sportourer/20-tdi-150-ch-dsg7-v-ves00462653?apport=sans
2026-09-15T14:43:18,ves00440994,citroen,berlingo-iii,taille-m-bluehdi-130-ss-eat8-max,SANS APPORT CITROEN Berlingo III Taille M BlueHDi 130 S&S EAT8 Max,,,Diesel,Automatique,10,512,https://auto-dispo.cic-leasing.fr/leasing-voiture/citroen/berlingo-iii/taille-m-bluehdi-130-ss-eat8-max-ves00440994?apport=sans
2026-09-15T14:43:18,ves00448930,volkswagen,tiguan-iii,15-etsi-150ch-dsg7-elegance,VOLKSWAGEN Tiguan III 1.5 eTSI 150ch DSG7 Elegance,occasion,SANS APPORT,Hybride,Automatique,7049,512,https://auto-dispo.cic-leasing.fr/leasing-voiture/volkswagen/tiguan-iii/15-etsi-150ch-dsg7-elegance-ves00448930?apport=sans
2026-09-15T14:43:18,ves00460727,cupra,leon,20-tdi-150-ch-dsg7-v,CUPRA Leon 2.0 TDI 150 ch DSG7 V,occasion,SANS APPORT,Diesel,Automatique,28361,512,https://auto-dispo.cic-leasing.fr/leasing-voiture/cupra/leon/20-tdi-150-ch-dsg7-v-ves00460727?apport=sans
2026-09-15T14:43:18,ves00440993,citroen,berlingo-iii,taille-m-bluehdi-130-ss-eat8-max,SANS APPORT CITROEN Berlingo III Taille M BlueHDi 130 S&S EAT8 Max,,,Diesel,Automatique,10,513,https://auto-dispo.cic-leasing.fr/leasing-voiture/citroen/berlingo-iii/taille-m-bluehdi-130-ss-eat8-max-ves00440993?apport=sans
2026-09-15T14:43:18,ves00457546,byd,seal-u,15l-dm-i-218-ch-phev-comfort,SANS APPORT BYD SEAL U 1.5l DM-i 218 ch PHEV Comfort,,,Hybride rechargeable,Automatique,100,514,https://auto-dispo.cic-leasing.fr/leasing-voiture/byd/seal-u/15l-dm-i-218-ch-phev-comfort-ves00457546?apport=sans
2026-09-15T14:43:18,ves00439311,volkswagen,t-roc,15-etsi-evo2-hybrid-150-ch-dsg7-r-line,SANS APPORT VOLKSWAGEN T-ROC 1.5 eTSI EVO2 Hybrid 150 ch DSG7 R-Line,,,Essence,Automatique,10,514,https://auto-dispo.cic-leasing.fr/leasing-voiture/volkswagen/t-roc/15-etsi-evo2-hybrid-150-ch-dsg7-r-line-ves00439311?apport=sans
2026-09-15T14:43:18,ves00431029,cupra,terramar,15-etsi-hybrid-150-ch-dsg7-v,SANS APPORT CUPRA TERRAMAR 1.5 eTSI Hybrid 150 ch DSG7 V,,,Hybride,Automatique,100,514,https://auto-dispo.cic-leasing.fr/leasing-voiture/cupra/terramar/15-etsi-hybrid-150-ch-dsg7-v-ves00431029?apport=sans
2026-09-15T14:43:18,ves00458779,cupra,leon,20-tdi-150-ch-dsg7-v,CUPRA Leon 2.0 TDI 150 ch DSG7 V,occasion,SANS APPORT,Diesel,Automatique,29764,514,https://auto-dispo.cic-leasing.fr/leasing-voiture/cupra/leon/20-tdi-150-ch-dsg7-v-ves00458779?apport=sans
2026-09-15T14:43:18,ves00458760,cupra,leon,20-tdi-150-ch-dsg7-v,CUPRA Leon 2.0 TDI 150 ch DSG7 V,occasion,SANS APPORT,Diesel,Automatique,29204,514,https://auto-dispo.cic-leasing.fr/leasing-voiture/cupra/leon/20-tdi-150-ch-dsg7-v-ves00458760?apport=sans
2026-09-15T14:43:18,ves00448400,volkswagen,t-roc,15-etsi-evo2-hybrid-150-ch-dsg7-r-line,SANS APPORT VOLKSWAGEN T-ROC 1.5 eTSI EVO2 Hybrid 150 ch DSG7 R-Line,,,Essence,Automatique,10,515,https://auto-dispo.cic-leasing.fr/leasing-voiture/volkswagen/t-roc/15-etsi-evo2-hybrid-150-ch-dsg7-r-line-ves00448400?apport=sans
2026-09-15T14:43:18,ves00451357,bmw,serie-1-f70,120d-163-ch-dkg7-m-sport,BMW Série 1 F70 120d 163 ch DKG7 M Sport,occasion,SANS APPORT,Diesel,Automatique,25639,516,https://auto-dispo.cic-leasing.fr/leasing-voiture/bmw/serie-1-f70/120d-163-ch-dkg7-m-sport-ves00451357?apport=sans
2026-09-15T14:43:18,ves00443013,ds,ds7,bluehdi-130-eat8-performance-line,SANS APPORT DS DS7 BlueHDi 130 EAT8 Performance Line,,,Diesel,Automatique,10,516,https://auto-dispo.cic-leasing.fr/leasing-voiture/ds/ds7/bluehdi-130-eat8-performance-line-ves00443013?apport=sans
2026-09-15T14:43:18,ves00439341,volkswagen,t-roc,15-etsi-evo2-hybrid-150-ch-dsg7-r-line,SANS APPORT VOLKSWAGEN T-ROC 1.5 eTSI EVO2 Hybrid 150 ch DSG7 R-Line,,,Essence,Automatique,10,516,https://auto-dispo.cic-leasing.fr/leasing-voiture/volkswagen/t-roc/15-etsi-evo2-hybrid-150-ch-dsg7-r-line-ves00439341?apport=sans
2026-09-15T14:43:18,ves00435363,renault,austral,full-hybrid-e-tech-200-ch-esprit-alpine,SANS APPORT RENAULT Austral full hybrid E-Tech 200 ch Esprit Alpine,,,Hybride,Automatique,10,516,https://auto-dispo.cic-leasing.fr/leasing-voiture/renault/austral/full-hybrid-e-tech-200-ch-esprit-alpine-ves00435363?apport=sans
2026-09-15T14:43:18,ves00458628,cupra,leon-sportourer,20-tdi-150-ch-dsg7-v,CUPRA Leon Sportourer 2.0 TDI 150 ch DSG7 V,occasion,SANS APPORT,Diesel,Automatique,22623,516,https://auto-dispo.cic-leasing.fr/leasing-voiture/cupra/leon-sportourer/20-tdi-150-ch-dsg7-v-ves00458628?apport=sans
2026-09-15T14:43:18,ves00449161,hyundai,tucson-iv,16-t-gdi-239-hybrid-bva6-n-line-executive,SANS APPORT HYUNDAI Tucson IV 1.6 T-GDI 239 Hybrid BVA6 N Line Executive,,,Hybride,Automatique,10,517,https://auto-dispo.cic-leasing.fr/leasing-voiture/hyundai/tucson-iv/16-t-gdi-239-hybrid-bva6-n-line-executive-ves00449161?apport=sans
2026-09-15T14:43:18,ves00449167,hyundai,tucson-iv,16-t-gdi-239-htrac-hybrid-bva6-n-line-executive,SANS APPORT HYUNDAI Tucson IV 1.6 T-GDI 239 HTRAC Hybrid BVA6 N Line Executive,,,Hybride,Automatique,10,517,https://auto-dispo.cic-leasing.fr/leasing-voiture/hyundai/tucson-iv/16-t-gdi-239-htrac-hybrid-bva6-n-line-executive-ves00449167?apport=sans
2026-09-15T14:43:18,ves00444514,mini,cooper,156-ch-dkg7-c-jcw,MINI COOPER 156 ch DKG7 C JCW,occasion,SANS APPORT,Essence,Automatique,14363,517,https://auto-dispo.cic-leasing.fr/leasing-voiture/mini/cooper/156-ch-dkg7-c-jcw-ves00444514?apport=sans
2026-09-15T14:43:18,ves00460734,cupra,leon-sportourer,20-tdi-150-ch-dsg7-v,CUPRA Leon Sportourer 2.0 TDI 150 ch DSG7 V,occasion,SANS APPORT,Diesel,Automatique,19005,517,https://auto-dispo.cic-leasing.fr/leasing-voiture/cupra/leon-sportourer/20-tdi-150-ch-dsg7-v-ves00460734?apport=sans
2026-09-15T14:43:18,ves00460729,cupra,leon-sportourer,20-tdi-150-ch-dsg7-v,CUPRA Leon Sportourer 2.0 TDI 150 ch DSG7 V,occasion,SANS APPORT,Diesel,Automatique,19251,518,https://auto-dispo.cic-leasing.fr/leasing-voiture/cupra/leon-sportourer/20-tdi-150-ch-dsg7-v-ves00460729?apport=sans
2026-09-15T14:43:18,ves00431170,volkswagen,tiguan-iii,15-etsi-130ch-dsg7-life-plus,SANS APPORT VOLKSWAGEN Tiguan III 1.5 eTSI 130ch DSG7 Life Plus,,,Essence,Automatique,10,518,https://auto-dispo.cic-leasing.fr/leasing-voiture/volkswagen/tiguan-iii/15-etsi-130ch-dsg7-life-plus-ves00431170?apport=sans
2026-09-15T14:43:18,ves00456731,cupra,leon-sportourer,20-tdi-150-ch-dsg7-v,CUPRA Leon Sportourer 2.0 TDI 150 ch DSG7 V,occasion,SANS APPORT,Diesel,Automatique,18411,518,https://auto-dispo.cic-leasing.fr/leasing-voiture/cupra/leon-sportourer/20-tdi-150-ch-dsg7-v-ves00456731?apport=sans
2026-09-15T14:43:18,ves00397949,audi,a3-sportback-iv,tfsi-mild-hybrid-150-s-tronic-7-s-line,SANS APPORT AUDI A3 Sportback IV TFSI Mild Hybrid 150 S tronic 7 S line,,,Essence,Automatique,10,519,https://auto-dispo.cic-leasing.fr/leasing-voiture/audi/a3-sportback-iv/tfsi-mild-hybrid-150-s-tronic-7-s-line-ves00397949?apport=sans
2026-09-15T14:43:18,ves00434577,peugeot,rifter,m-bluehdi-130-ss-eat8-5pl-gt,SANS APPORT PEUGEOT Rifter M BlueHDi 130 S&S EAT8 5pl GT,,,Diesel,Automatique,10,519,https://auto-dispo.cic-leasing.fr/leasing-voiture/peugeot/rifter/m-bluehdi-130-ss-eat8-5pl-gt-ves00434577?apport=sans
2026-09-15T14:43:18,ves00453002,renault,austral,full-hybrid-e-tech-200-ch-esprit-alpine,SANS APPORT RENAULT Austral full hybrid E-Tech 200 ch Esprit Alpine,,,Hybride,Automatique,10,520,https://auto-dispo.cic-leasing.fr/leasing-voiture/renault/austral/full-hybrid-e-tech-200-ch-esprit-alpine-ves00453002?apport=sans
2026-09-15T14:43:18,ves00451061,cupra,leon,20-tdi-150-ch-dsg7-v,CUPRA Leon 2.0 TDI 150 ch DSG7 V,occasion,SANS APPORT,Diesel,Automatique,29500,520,https://auto-dispo.cic-leasing.fr/leasing-voiture/cupra/leon/20-tdi-150-ch-dsg7-v-ves00451061?apport=sans
2026-09-15T14:43:18,ves00458640,cupra,leon,20-tdi-150-ch-dsg7-v,CUPRA Leon 2.0 TDI 150 ch DSG7 V,occasion,SANS APPORT,Diesel,Automatique,25867,520,https://auto-dispo.cic-leasing.fr/leasing-voiture/cupra/leon/20-tdi-150-ch-dsg7-v-ves00458640?apport=sans
2026-09-15T14:43:18,ves00458668,cupra,leon,20-tdi-150-ch-dsg7-v,CUPRA Leon 2.0 TDI 150 ch DSG7 V,occasion,SANS APPORT,Diesel,Automatique,23148,521,https://auto-dispo.cic-leasing.fr/leasing-voiture/cupra/leon/20-tdi-150-ch-dsg7-v-ves00458668?apport=sans
2026-09-15T14:43:18,ves00443066,nissan,qashqai-iii,hybrid-e-power-gen3-205-ch-n-design,SANS APPORT NISSAN QASHQAI III Hybrid e-Power Gen3 205 ch N-Design,,,Hybride,Automatique,10,522,https://auto-dispo.cic-leasing.fr/leasing-voiture/nissan/qashqai-iii/hybrid-e-power-gen3-205-ch-n-design-ves00443066?apport=sans
2026-09-15T14:43:18,ves00458623,cupra,leon,20-tdi-150-ch-dsg7-v,CUPRA Leon 2.0 TDI 150 ch DSG7 V,occasion,SANS APPORT,Diesel,Automatique,27168,522,https://auto-dispo.cic-leasing.fr/leasing-voiture/cupra/leon/20-tdi-150-ch-dsg7-v-ves00458623?apport=sans
2026-09-15T14:43:18,ves00448457,volkswagen,t-roc,15-etsi-evo2-hybrid-150-ch-dsg7-r-line,SANS APPORT VOLKSWAGEN T-ROC 1.5 eTSI EVO2 Hybrid 150 ch DSG7 R-Line,,,Essence,Automatique,10,522,https://auto-dispo.cic-leasing.fr/leasing-voiture/volkswagen/t-roc/15-etsi-evo2-hybrid-150-ch-dsg7-r-line-ves00448457?apport=sans
2026-09-15T14:43:18,ves00403838,peugeot,rifter,m-bluehdi-130-ss-eat8-5pl-gt,SANS APPORT PEUGEOT Rifter M BlueHDi 130 S&S EAT8 5pl GT,,,Diesel,Automatique,10,522,https://auto-dispo.cic-leasing.fr/leasing-voiture/peugeot/rifter/m-bluehdi-130-ss-eat8-5pl-gt-ves00403838?apport=sans
2026-09-15T14:43:18,ves00458655,cupra,leon-sportourer,20-tdi-150-ch-dsg7-v,CUPRA Leon Sportourer 2.0 TDI 150 ch DSG7 V,occasion,SANS APPORT,Diesel,Automatique,19731,522,https://auto-dispo.cic-leasing.fr/leasing-voiture/cupra/leon-sportourer/20-tdi-150-ch-dsg7-v-ves00458655?apport=sans
2026-09-15T14:43:18,ves00453274,bmw,serie-2,gran-coupe-216-122-ch-dkg7-m-sport,BMW SERIE 2 Gran Coupe 216 122 ch DKG7 M Sport,occasion,SANS APPORT,Essence,Automatique,29991,523,https://auto-dispo.cic-leasing.fr/leasing-voiture/bmw/serie-2/gran-coupe-216-122-ch-dkg7-m-sport-ves00453274?apport=sans
2026-09-15T14:43:18,ves00406120,renault,austral,full-hybrid-e-tech-200-ch-esprit-alpine,SANS APPORT RENAULT Austral full hybrid E-Tech 200 ch Esprit Alpine,,,Hybride,Automatique,100,523,https://auto-dispo.cic-leasing.fr/leasing-voiture/renault/austral/full-hybrid-e-tech-200-ch-esprit-alpine-ves00406120?apport=sans
2026-09-15T14:43:18,ves00444512,mini,cooper,156-ch-dkg7-c-jcw,MINI COOPER 156 ch DKG7 C JCW,occasion,SANS APPORT,Essence,Automatique,15822,523,https://auto-dispo.cic-leasing.fr/leasing-voiture/mini/cooper/156-ch-dkg7-c-jcw-ves00444512?apport=sans
2026-09-15T14:43:18,ves00444513,mini,cooper,156-ch-dkg7-c-jcw,MINI COOPER 156 ch DKG7 C JCW,occasion,SANS APPORT,Essence,Automatique,17361,523,https://auto-dispo.cic-leasing.fr/leasing-voiture/mini/cooper/156-ch-dkg7-c-jcw-ves00444513?apport=sans
2026-09-15T14:43:18,ves00459047,renault,austral,full-hybrid-e-tech-200-ch-esprit-alpine,SANS APPORT RENAULT Austral full hybrid E-Tech 200 ch Esprit Alpine,,,Hybride,Automatique,100,524,https://auto-dispo.cic-leasing.fr/leasing-voiture/renault/austral/full-hybrid-e-tech-200-ch-esprit-alpine-ves00459047?apport=sans
2026-09-15T14:43:18,ves00413320,volkswagen,t-roc,20-tdi-150-start-stop-dsg7-life-plus,SANS APPORT VOLKSWAGEN T-Roc 2.0 TDI 150 Start/Stop DSG7 Life Plus,,,Diesel,Automatique,10,525,https://auto-dispo.cic-leasing.fr/leasing-voiture/volkswagen/t-roc/20-tdi-150-start-stop-dsg7-life-plus-ves00413320?apport=sans
2026-09-15T14:43:18,ves00446263,renault,austral,full-hybrid-e-tech-200-ch-esprit-alpine,SANS APPORT RENAULT Austral full hybrid E-Tech 200 ch Esprit Alpine,,,Hybride,Automatique,10,525,https://auto-dispo.cic-leasing.fr/leasing-voiture/renault/austral/full-hybrid-e-tech-200-ch-esprit-alpine-ves00446263?apport=sans
2026-09-15T14:43:18,ves00458761,cupra,leon,20-tdi-150-ch-dsg7-v,CUPRA Leon 2.0 TDI 150 ch DSG7 V,occasion,SANS APPORT,Diesel,Automatique,17590,526,https://auto-dispo.cic-leasing.fr/leasing-voiture/cupra/leon/20-tdi-150-ch-dsg7-v-ves00458761?apport=sans
2026-09-15T14:43:18,ves00430709,cupra,formentor,20-tdi-150-ch-dsg7-v,SANS APPORT CUPRA Formentor 2.0 TDI 150 ch DSG7 V,,,Diesel,Automatique,10,527,https://auto-dispo.cic-leasing.fr/leasing-voiture/cupra/formentor/20-tdi-150-ch-dsg7-v-ves00430709?apport=sans
2026-09-15T14:43:18,ves00452997,renault,austral,full-hybrid-e-tech-200-ch-esprit-alpine,SANS APPORT RENAULT Austral full hybrid E-Tech 200 ch Esprit Alpine,,,Hybride,Automatique,10,528,https://auto-dispo.cic-leasing.fr/leasing-voiture/renault/austral/full-hybrid-e-tech-200-ch-esprit-alpine-ves00452997?apport=sans
2026-09-15T14:43:18,ves00448981,nissan,qashqai-iii,hybrid-e-power-gen3-205-ch-n-design,SANS APPORT NISSAN QASHQAI III Hybrid e-Power Gen3 205 ch N-Design,,,Hybride,Automatique,10,529,https://auto-dispo.cic-leasing.fr/leasing-voiture/nissan/qashqai-iii/hybrid-e-power-gen3-205-ch-n-design-ves00448981?apport=sans
2026-09-15T14:43:18,ves00412522,cupra,formentor,20-tdi-150-ch-dsg7-v,CUPRA Formentor 2.0 TDI 150 ch DSG7 V,occasion,SANS APPORT,Diesel,Automatique,1047,529,https://auto-dispo.cic-leasing.fr/leasing-voiture/cupra/formentor/20-tdi-150-ch-dsg7-v-ves00412522?apport=sans
2026-09-15T14:43:18,ves00395296,volkswagen,t-roc,20-tdi-150-start-stop-dsg7-vw-edition,SANS APPORT VOLKSWAGEN T-Roc 2.0 TDI 150 Start/Stop DSG7 VW Edition,,,Diesel,Automatique,100,534,https://auto-dispo.cic-leasing.fr/leasing-voiture/volkswagen/t-roc/20-tdi-150-start-stop-dsg7-vw-edition-ves00395296?apport=sans
2026-09-15T14:43:18,ves00445548,renault,austral,full-hybrid-e-tech-200-ch-esprit-alpine,SANS APPORT RENAULT Austral full hybrid E-Tech 200 ch Esprit Alpine,,,Hybride,Automatique,10,534,https://auto-dispo.cic-leasing.fr/leasing-voiture/renault/austral/full-hybrid-e-tech-200-ch-esprit-alpine-ves00445548?apport=sans
2026-09-15T14:43:18,ves00435785,peugeot,rifter,m-bluehdi-130-ss-eat8-5pl-gt,SANS APPORT PEUGEOT Rifter M BlueHDi 130 S&S EAT8 5pl GT,,,Diesel,Automatique,10,534,https://auto-dispo.cic-leasing.fr/leasing-voiture/peugeot/rifter/m-bluehdi-130-ss-eat8-5pl-gt-ves00435785?apport=sans
2026-09-15T14:43:18,ves00395303,volkswagen,t-roc,20-tdi-150-start-stop-dsg7-vw-edition,SANS APPORT VOLKSWAGEN T-Roc 2.0 TDI 150 Start/Stop DSG7 VW Edition,,,Diesel,Automatique,100,534,https://auto-dispo.cic-leasing.fr/leasing-voiture/volkswagen/t-roc/20-tdi-150-start-stop-dsg7-vw-edition-ves00395303?apport=sans
2026-09-15T14:43:18,ves00437252,peugeot,rifter,m-bluehdi-130-ss-eat8-5pl-gt,SANS APPORT PEUGEOT Rifter M BlueHDi 130 S&S EAT8 5pl GT,,,Diesel,Automatique,10,535,https://auto-dispo.cic-leasing.fr/leasing-voiture/peugeot/rifter/m-bluehdi-130-ss-eat8-5pl-gt-ves00437252?apport=sans
2026-09-15T14:43:18,ves00451763,hyundai,tucson-iv,16-t-gdi-239-hybrid-bva6-executive,SANS APPORT HYUNDAI Tucson IV 1.6 T-GDI 239 Hybrid BVA6 Executive,,,Hybride,Automatique,10,536,https://auto-dispo.cic-leasing.fr/leasing-voiture/hyundai/tucson-iv/16-t-gdi-239-hybrid-bva6-executive-ves00451763?apport=sans
2026-09-15T14:43:18,ves00411351,cupra,formentor,20-tdi-150-ch-dsg7-v,SANS APPORT CUPRA Formentor 2.0 TDI 150 ch DSG7 V,,,Diesel,Automatique,10,536,https://auto-dispo.cic-leasing.fr/leasing-voiture/cupra/formentor/20-tdi-150-ch-dsg7-v-ves00411351?apport=sans
2026-09-15T14:43:18,ves00459812,byd,seal-u,15l-dm-i-218-ch-phev-comfort,SANS APPORT BYD SEAL U 1.5l DM-i 218 ch PHEV Comfort,,,Hybride rechargeable,Automatique,100,536,https://auto-dispo.cic-leasing.fr/leasing-voiture/byd/seal-u/15l-dm-i-218-ch-phev-comfort-ves00459812?apport=sans
2026-09-15T14:43:18,ves00454545,audi,a3-sportback-iv,tfsi-mild-hybrid-150-s-tronic-7-s-line,SANS APPORT AUDI A3 Sportback IV TFSI Mild Hybrid 150 S tronic 7 S line,,,Essence,Automatique,10,536,https://auto-dispo.cic-leasing.fr/leasing-voiture/audi/a3-sportback-iv/tfsi-mild-hybrid-150-s-tronic-7-s-line-ves00454545?apport=sans
2026-09-15T14:43:18,ves00412791,mercedes,cla-shooting-brake,200-7g-dct-amg-line,MERCEDES CLA SHOOTING BRAKE 200 7G-DCT AMG Line,occasion,SANS APPORT,Essence,Automatique,7242,537,https://auto-dispo.cic-leasing.fr/leasing-voiture/mercedes/cla-shooting-brake/200-7g-dct-amg-line-ves00412791?apport=sans
2026-09-15T14:43:18,ves00411350,cupra,formentor,20-tdi-150-ch-dsg7-v,SANS APPORT CUPRA Formentor 2.0 TDI 150 ch DSG7 V,,,Diesel,Automatique,10,537,https://auto-dispo.cic-leasing.fr/leasing-voiture/cupra/formentor/20-tdi-150-ch-dsg7-v-ves00411350?apport=sans
2026-09-15T14:43:18,ves00459038,renault,rafale,e-tech-full-hybrid-200-ch-esprit-alpine,SANS APPORT RENAULT Rafale E-Tech full hybrid 200 ch esprit Alpine,,,Hybride,Automatique,100,542,https://auto-dispo.cic-leasing.fr/leasing-voiture/renault/rafale/e-tech-full-hybrid-200-ch-esprit-alpine-ves00459038?apport=sans
2026-09-15T14:43:18,ves00451765,hyundai,tucson-iv,16-t-gdi-239-hybrid-bva6-executive,SANS APPORT HYUNDAI Tucson IV 1.6 T-GDI 239 Hybrid BVA6 Executive,,,Hybride,Automatique,10,542,https://auto-dispo.cic-leasing.fr/leasing-voiture/hyundai/tucson-iv/16-t-gdi-239-hybrid-bva6-executive-ves00451765?apport=sans
2026-09-15T14:43:18,ves00455193,audi,a3-sportback-iv,tfsi-mild-hybrid-150-s-tronic-7-s-line,SANS APPORT AUDI A3 Sportback IV TFSI Mild Hybrid 150 S tronic 7 S line,,,Essence,Automatique,10,543,https://auto-dispo.cic-leasing.fr/leasing-voiture/audi/a3-sportback-iv/tfsi-mild-hybrid-150-s-tronic-7-s-line-ves00455193?apport=sans
2026-09-15T14:43:18,ves00462875,audi,a3-sportback-iv,tfsi-e-hybride-rechargeable-204-s-tronic-6-s-line,SANS APPORT AUDI A3 Sportback IV TFSI e,,,Hybride rechargeable,Automatique,10,543,https://auto-dispo.cic-leasing.fr/leasing-voiture/audi/a3-sportback-iv/tfsi-e-hybride-rechargeable-204-s-tronic-6-s-line-ves00462875?apport=sans
2026-09-15T14:43:18,ves00462086,renault,austral,full-hybrid-e-tech-200-ch-esprit-alpine,SANS APPORT RENAULT Austral full hybrid E-Tech 200 ch Esprit Alpine,,,Hybride,Automatique,10,543,https://auto-dispo.cic-leasing.fr/leasing-voiture/renault/austral/full-hybrid-e-tech-200-ch-esprit-alpine-ves00462086?apport=sans
2026-09-15T14:43:18,ves00440381,mini,cooper,156-ch-dkg7-c-jcw,MINI COOPER 156 ch DKG7 C JCW,occasion,SANS APPORT,Essence,Automatique,19350,544,https://auto-dispo.cic-leasing.fr/leasing-voiture/mini/cooper/156-ch-dkg7-c-jcw-ves00440381?apport=sans
2026-09-15T14:43:18,ves00451767,hyundai,tucson-iv,16-t-gdi-239-hybrid-bva6-n-line-executive,SANS APPORT HYUNDAI Tucson IV 1.6 T-GDI 239 Hybrid BVA6 N Line Executive,,,Hybride,Automatique,10,544,https://auto-dispo.cic-leasing.fr/leasing-voiture/hyundai/tucson-iv/16-t-gdi-239-hybrid-bva6-n-line-executive-ves00451767?apport=sans
2026-09-15T14:43:18,ves00459035,renault,rafale,e-tech-full-hybrid-200-ch-esprit-alpine,SANS APPORT RENAULT Rafale E-Tech full hybrid 200 ch esprit Alpine,,,Hybride,Automatique,100,544,https://auto-dispo.cic-leasing.fr/leasing-voiture/renault/rafale/e-tech-full-hybrid-200-ch-esprit-alpine-ves00459035?apport=sans
2026-09-15T14:43:18,ves00443007,cupra,formentor,20-tdi-150-ch-dsg7-v,CUPRA Formentor 2.0 TDI 150 ch DSG7 V,occasion,SANS APPORT,Diesel,Automatique,1006,544,https://auto-dispo.cic-leasing.fr/leasing-voiture/cupra/formentor/20-tdi-150-ch-dsg7-v-ves00443007?apport=sans
2026-09-15T14:43:18,ves00410364,volkswagen,t-roc,20-tdi-150-start-stop-dsg7-life-plus,SANS APPORT VOLKSWAGEN T-Roc 2.0 TDI 150 Start/Stop DSG7 Life Plus,,,Diesel,Automatique,10,544,https://auto-dispo.cic-leasing.fr/leasing-voiture/volkswagen/t-roc/20-tdi-150-start-stop-dsg7-life-plus-ves00410364?apport=sans
2026-09-15T14:43:18,ves00445550,renault,austral,full-hybrid-e-tech-200-ch-esprit-alpine,SANS APPORT RENAULT Austral full hybrid E-Tech 200 ch Esprit Alpine,,,Hybride,Automatique,10,546,https://auto-dispo.cic-leasing.fr/leasing-voiture/renault/austral/full-hybrid-e-tech-200-ch-esprit-alpine-ves00445550?apport=sans
2026-09-15T14:43:18,ves00382710,peugeot,3008-ii,hybrid-136-e-dcs6-gt,SANS APPORT PEUGEOT 3008 II Hybrid 136 e-DCS6 GT,,,Hybride,Automatique,10,546,https://auto-dispo.cic-leasing.fr/leasing-voiture/peugeot/3008-ii/hybrid-136-e-dcs6-gt-ves00382710?apport=sans
2026-09-15T14:43:18,ves00458567,volkswagen,t-roc-cabriolet,15-tsi-evo2-150-start-stop-dsg7-r-line,VOLKSWAGEN T-Roc Cabriolet 1.5 TSI EVO2 150 Start/Stop DSG7 R-Line,occasion,SANS APPORT,Essence,Automatique,15036,547,https://auto-dispo.cic-leasing.fr/leasing-voiture/volkswagen/t-roc-cabriolet/15-tsi-evo2-150-start-stop-dsg7-r-line-ves00458567?apport=sans
2026-09-15T14:43:18,ves00453001,renault,austral,full-hybrid-e-tech-200-ch-esprit-alpine,SANS APPORT RENAULT Austral full hybrid E-Tech 200 ch Esprit Alpine,,,Hybride,Automatique,10,548,https://auto-dispo.cic-leasing.fr/leasing-voiture/renault/austral/full-hybrid-e-tech-200-ch-esprit-alpine-ves00453001?apport=sans
2026-09-15T14:43:18,ves00382723,peugeot,3008-ii,hybrid-136-e-dcs6-gt,SANS APPORT PEUGEOT 3008 II Hybrid 136 e-DCS6 GT,,,Hybride,Automatique,10,548,https://auto-dispo.cic-leasing.fr/leasing-voiture/peugeot/3008-ii/hybrid-136-e-dcs6-gt-ves00382723?apport=sans
2026-09-15T14:43:18,ves00460574,volkswagen,t-roc-cabriolet,15-tsi-evo2-150-start-stop-dsg7-r-line,VOLKSWAGEN T-Roc Cabriolet 1.5 TSI EVO2 150 Start/Stop DSG7 R-Line,occasion,SANS APPORT,Essence,Automatique,17337,548,https://auto-dispo.cic-leasing.fr/leasing-voiture/volkswagen/t-roc-cabriolet/15-tsi-evo2-150-start-stop-dsg7-r-line-ves00460574?apport=sans
2026-09-15T14:43:18,ves00443002,cupra,formentor,20-tdi-150-ch-dsg7-v,SANS APPORT CUPRA Formentor 2.0 TDI 150 ch DSG7 V,,,Diesel,Automatique,10,548,https://auto-dispo.cic-leasing.fr/leasing-voiture/cupra/formentor/20-tdi-150-ch-dsg7-v-ves00443002?apport=sans
2026-09-15T14:43:18,ves00409774,ds,ds7,bluehdi-130-eat8-etoile,SANS APPORT DS DS7 BlueHDi 130 EAT8 Etoile,,,Diesel,Automatique,10,549,https://auto-dispo.cic-leasing.fr/leasing-voiture/ds/ds7/bluehdi-130-eat8-etoile-ves00409774?apport=sans
2026-09-15T14:43:18,ves00440167,peugeot,rifter,m-bluehdi-130-ss-eat8-5pl-gt,SANS APPORT PEUGEOT Rifter M BlueHDi 130 S&S EAT8 5pl GT,,,Diesel,Automatique,10,550,https://auto-dispo.cic-leasing.fr/leasing-voiture/peugeot/rifter/m-bluehdi-130-ss-eat8-5pl-gt-ves00440167?apport=sans
2026-09-15T14:43:18,ves00455928,audi,a3-sportback-iv,tdi-150-s-tronic-7-s-line,AUDI A3 Sportback IV TDI 150 S tronic 7 S line,occasion,SANS APPORT,Diesel,Automatique,15773,550,https://auto-dispo.cic-leasing.fr/leasing-voiture/audi/a3-sportback-iv/tdi-150-s-tronic-7-s-line-ves00455928?apport=sans
2026-09-15T14:43:18,ves00440154,peugeot,rifter,m-bluehdi-130-ss-eat8-5pl-gt,SANS APPORT PEUGEOT Rifter M BlueHDi 130 S&S EAT8 5pl GT,,,Diesel,Automatique,10,550,https://auto-dispo.cic-leasing.fr/leasing-voiture/peugeot/rifter/m-bluehdi-130-ss-eat8-5pl-gt-ves00440154?apport=sans
2026-09-15T14:43:18,ves00440967,volkswagen,tiguan-iii,20-tdi-150ch-dsg7-life-plus,VOLKSWAGEN Tiguan III 2.0 TDI 150ch DSG7 Life Plus,occasion,SANS APPORT,Diesel,Automatique,18878,551,https://auto-dispo.cic-leasing.fr/leasing-voiture/volkswagen/tiguan-iii/20-tdi-150ch-dsg7-life-plus-ves00440967?apport=sans
2026-09-15T14:43:18,ves00451768,hyundai,tucson-iv,16-t-gdi-239-hybrid-bva6-n-line-executive,SANS APPORT HYUNDAI Tucson IV 1.6 T-GDI 239 Hybrid BVA6 N Line Executive,,,Hybride,Automatique,10,551,https://auto-dispo.cic-leasing.fr/leasing-voiture/hyundai/tucson-iv/16-t-gdi-239-hybrid-bva6-n-line-executive-ves00451768?apport=sans
2026-09-15T14:43:18,ves00431205,volkswagen,tiguan-iii,20-tdi-150ch-dsg7-life,VOLKSWAGEN Tiguan III 2.0 TDI 150ch DSG7 Life,occasion,SANS APPORT,Diesel,Automatique,19927,552,https://auto-dispo.cic-leasing.fr/leasing-voiture/volkswagen/tiguan-iii/20-tdi-150ch-dsg7-life-ves00431205?apport=sans
2026-09-15T14:43:18,ves00411491,mercedes,cla-shooting-brake,200-7g-dct-amg-line,MERCEDES CLA SHOOTING BRAKE 200 7G-DCT AMG Line,occasion,SANS APPORT,Essence,Automatique,17935,553,https://auto-dispo.cic-leasing.fr/leasing-voiture/mercedes/cla-shooting-brake/200-7g-dct-amg-line-ves00411491?apport=sans
2026-09-15T14:43:18,ves00439020,volkswagen,tiguan-iii,20-tdi-150ch-dsg7-life,VOLKSWAGEN Tiguan III 2.0 TDI 150ch DSG7 Life,occasion,SANS APPORT,Diesel,Automatique,9097,554,https://auto-dispo.cic-leasing.fr/leasing-voiture/volkswagen/tiguan-iii/20-tdi-150ch-dsg7-life-ves00439020?apport=sans
2026-09-15T14:43:18,ves00454489,bmw,x1-u11,xdrive-25e-245ch-dkg7-xline,BMW X1 U11 xDrive 25e 245ch DKG7 xLine,occasion,SANS APPORT,Hybride rechargeable,Automatique,17675,557,https://auto-dispo.cic-leasing.fr/leasing-voiture/bmw/x1-u11/xdrive-25e-245ch-dkg7-xline-ves00454489?apport=sans
2026-09-15T14:43:18,ves00442385,volkswagen,tiguan-iii,20-tdi-150ch-dsg7-life-plus,VOLKSWAGEN Tiguan III 2.0 TDI 150ch DSG7 Life Plus,occasion,SANS APPORT,Diesel,Automatique,10992,558,https://auto-dispo.cic-leasing.fr/leasing-voiture/volkswagen/tiguan-iii/20-tdi-150ch-dsg7-life-plus-ves00442385?apport=sans
2026-09-15T14:43:18,ves00440433,volkswagen,tiguan-iii,20-tdi-150ch-dsg7-life-plus,VOLKSWAGEN Tiguan III 2.0 TDI 150ch DSG7 Life Plus,occasion,SANS APPORT,Diesel,Automatique,9858,558,https://auto-dispo.cic-leasing.fr/leasing-voiture/volkswagen/tiguan-iii/20-tdi-150ch-dsg7-life-plus-ves00440433?apport=sans
2026-09-15T14:43:18,ves00441389,volkswagen,tayron,15-etsi-150ch-dsg7-7pl-life,SANS APPORT VOLKSWAGEN TAYRON 1.5 eTSI 150ch DSG7 7pl Life,,,Essence,Automatique,100,558,https://auto-dispo.cic-leasing.fr/leasing-voiture/volkswagen/tayron/15-etsi-150ch-dsg7-7pl-life-ves00441389?apport=sans
2026-09-15T14:43:18,ves00434772,bmw,x1-u11,xdrive-25e-245ch-dkg7-xline,BMW X1 U11 xDrive 25e 245ch DKG7 xLine,occasion,SANS APPORT,Hybride rechargeable,Automatique,19015,559,https://auto-dispo.cic-leasing.fr/leasing-voiture/bmw/x1-u11/xdrive-25e-245ch-dkg7-xline-ves00434772?apport=sans
2026-09-15T14:43:18,ves00439484,citroen,berlingo-iii,taille-xl-bluehdi-130-ss-eat8-max,SANS APPORT CITROEN Berlingo III Taille XL BlueHDi 130 S&S EAT8 Max,,,Diesel,Automatique,10,560,https://auto-dispo.cic-leasing.fr/leasing-voiture/citroen/berlingo-iii/taille-xl-bluehdi-130-ss-eat8-max-ves00439484?apport=sans
2026-09-15T14:43:18,ves00431387,mercedes,classe-a-w177,200-d-amg-line,SANS APPORT MERCEDES Classe A W177 200 d AMG Line,,,Diesel,Automatique,10,561,https://auto-dispo.cic-leasing.fr/leasing-voiture/mercedes/classe-a-w177/200-d-amg-line-ves00431387?apport=sans
2026-09-15T14:43:18,ves00459098,peugeot,3008-iii,hybrid-145-e-dcs6-gt-exclusive,SANS APPORT PEUGEOT 3008 III Hybrid 145 e-DCS6 GT Exclusive,,,Essence,Automatique,10,561,https://auto-dispo.cic-leasing.fr/leasing-voiture/peugeot/3008-iii/hybrid-145-e-dcs6-gt-exclusive-ves00459098?apport=sans
2026-09-15T14:43:18,ves00440459,volkswagen,tiguan-iii,20-tdi-150ch-dsg7-life-plus,VOLKSWAGEN Tiguan III 2.0 TDI 150ch DSG7 Life Plus,occasion,SANS APPORT,Diesel,Automatique,11243,562,https://auto-dispo.cic-leasing.fr/leasing-voiture/volkswagen/tiguan-iii/20-tdi-150ch-dsg7-life-plus-ves00440459?apport=sans
2026-09-15T14:43:18,ves00442793,audi,a3-sportback-iv,tdi-150-s-tronic-7-s-line,AUDI A3 Sportback IV TDI 150 S tronic 7 S line,occasion,SANS APPORT,Diesel,Automatique,18246,564,https://auto-dispo.cic-leasing.fr/leasing-voiture/audi/a3-sportback-iv/tdi-150-s-tronic-7-s-line-ves00442793?apport=sans
2026-09-15T14:43:18,ves00425965,volkswagen,golf-viii,20-tdi-150-dsg7-r-line,VOLKSWAGEN Golf VIII 2.0 TDI 150 DSG7 R-Line,occasion,SANS APPORT,Diesel,Automatique,9010,564,https://auto-dispo.cic-leasing.fr/leasing-voiture/volkswagen/golf-viii/20-tdi-150-dsg7-r-line-ves00425965?apport=sans
2026-09-15T14:43:18,ves00447938,volkswagen,tiguan-iii,20-tdi-150ch-dsg7-life-plus,VOLKSWAGEN Tiguan III 2.0 TDI 150ch DSG7 Life Plus,occasion,SANS APPORT,Diesel,Automatique,10270,564,https://auto-dispo.cic-leasing.fr/leasing-voiture/volkswagen/tiguan-iii/20-tdi-150ch-dsg7-life-plus-ves00447938?apport=sans
2026-09-15T14:43:18,ves00444844,audi,a3-sportback-iv,tfsi-e-hybride-rechargeable-204-s-tronic-6-s-line,SANS APPORT AUDI A3 Sportback IV TFSI e,,,Hybride rechargeable,Automatique,100,566,https://auto-dispo.cic-leasing.fr/leasing-voiture/audi/a3-sportback-iv/tfsi-e-hybride-rechargeable-204-s-tronic-6-s-line-ves00444844?apport=sans
2026-09-15T14:43:18,ves00451772,hyundai,tucson-iv,16-t-gdi-239-hybrid-bva6-n-line-executive,SANS APPORT HYUNDAI Tucson IV 1.6 T-GDI 239 Hybrid BVA6 N Line Executive,,,Hybride,Automatique,10,566,https://auto-dispo.cic-leasing.fr/leasing-voiture/hyundai/tucson-iv/16-t-gdi-239-hybrid-bva6-n-line-executive-ves00451772?apport=sans
2026-09-15T14:43:18,ves00456952,renault,espace-vi,full-hybrid-e-tech-200-ch-7pl-iconic,SANS APPORT RENAULT Espace VI full hybrid E-Tech 200 ch 7pl Iconic,,,Hybride,Automatique,10,567,https://auto-dispo.cic-leasing.fr/leasing-voiture/renault/espace-vi/full-hybrid-e-tech-200-ch-7pl-iconic-ves00456952?apport=sans
2026-09-15T14:43:18,ves00452498,volkswagen,tiguan-iii,20-tdi-150ch-dsg7-life-plus,VOLKSWAGEN Tiguan III 2.0 TDI 150ch DSG7 Life Plus,occasion,SANS APPORT,Diesel,Automatique,13385,569,https://auto-dispo.cic-leasing.fr/leasing-voiture/volkswagen/tiguan-iii/20-tdi-150ch-dsg7-life-plus-ves00452498?apport=sans
2026-09-15T14:43:18,ves00448726,volkswagen,tiguan-iii,20-tdi-150ch-dsg7-life,SANS APPORT VOLKSWAGEN Tiguan III 2.0 TDI 150ch DSG7 Life,,,Diesel,Automatique,10,569,https://auto-dispo.cic-leasing.fr/leasing-voiture/volkswagen/tiguan-iii/20-tdi-150ch-dsg7-life-ves00448726?apport=sans
2026-09-15T14:43:18,ves00448913,volkswagen,tiguan-iii,20-tdi-150ch-dsg7-life-plus,VOLKSWAGEN Tiguan III 2.0 TDI 150ch DSG7 Life Plus,occasion,SANS APPORT,Diesel,Automatique,14300,569,https://auto-dispo.cic-leasing.fr/leasing-voiture/volkswagen/tiguan-iii/20-tdi-150ch-dsg7-life-plus-ves00448913?apport=sans
2026-09-15T14:43:18,ves00448718,volkswagen,tiguan-iii,20-tdi-150ch-dsg7-life,SANS APPORT VOLKSWAGEN Tiguan III 2.0 TDI 150ch DSG7 Life,,,Diesel,Automatique,10,569,https://auto-dispo.cic-leasing.fr/leasing-voiture/volkswagen/tiguan-iii/20-tdi-150ch-dsg7-life-ves00448718?apport=sans
2026-09-15T14:43:18,ves00425862,volkswagen,golf-viii,20-tdi-150-dsg7-r-line,VOLKSWAGEN Golf VIII 2.0 TDI 150 DSG7 R-Line,occasion,SANS APPORT,Diesel,Automatique,10746,570,https://auto-dispo.cic-leasing.fr/leasing-voiture/volkswagen/golf-viii/20-tdi-150-dsg7-r-line-ves00425862?apport=sans
2026-09-15T14:43:18,ves00448722,volkswagen,tiguan-iii,20-tdi-150ch-dsg7-life,SANS APPORT VOLKSWAGEN Tiguan III 2.0 TDI 150ch DSG7 Life,,,Diesel,Automatique,10,571,https://auto-dispo.cic-leasing.fr/leasing-voiture/volkswagen/tiguan-iii/20-tdi-150ch-dsg7-life-ves00448722?apport=sans
2026-09-15T14:43:18,ves00412244,volkswagen,tayron,15-etsi-150ch-dsg7-5pl-life-plus,SANS APPORT VOLKSWAGEN TAYRON 1.5 eTSI 150ch DSG7 5pl Life Plus,,,Hybride,Automatique,10,571,https://auto-dispo.cic-leasing.fr/leasing-voiture/volkswagen/tayron/15-etsi-150ch-dsg7-5pl-life-plus-ves00412244?apport=sans
2026-09-15T14:43:18,ves00451614,volkswagen,tiguan-iii,20-tdi-150ch-dsg7-life-plus,VOLKSWAGEN Tiguan III 2.0 TDI 150ch DSG7 Life Plus,occasion,SANS APPORT,Diesel,Automatique,16760,572,https://auto-dispo.cic-leasing.fr/leasing-voiture/volkswagen/tiguan-iii/20-tdi-150ch-dsg7-life-plus-ves00451614?apport=sans
2026-09-15T14:43:18,ves00459637,volkswagen,golf-viii,20-tdi-150-dsg7-r-line,SANS APPORT VOLKSWAGEN Golf VIII 2.0 TDI 150 DSG7 R-Line,,,Diesel,Automatique,10,573,https://auto-dispo.cic-leasing.fr/leasing-voiture/volkswagen/golf-viii/20-tdi-150-dsg7-r-line-ves00459637?apport=sans
2026-09-15T14:43:18,ves00455825,volkswagen,tiguan-iii,15-ehybrid-204ch-dsg6-life,SANS APPORT VOLKSWAGEN Tiguan III 1.5 eHybrid 204ch DSG6 Life,,,Hybride rechargeable,Automatique,10,573,https://auto-dispo.cic-leasing.fr/leasing-voiture/volkswagen/tiguan-iii/15-ehybrid-204ch-dsg6-life-ves00455825?apport=sans
2026-09-15T14:43:18,ves00460345,renault,rafale,hyper-hybrid-e-tech-300-ch-4x4-esprit-alpine,RENAULT Rafale hyper hybrid E-Tech 300 ch 4x4 esprit Alpine,occasion,SANS APPORT,Hybride rechargeable,Automatique,11195,573,https://auto-dispo.cic-leasing.fr/leasing-voiture/renault/rafale/hyper-hybrid-e-tech-300-ch-4x4-esprit-alpine-ves00460345?apport=sans
2026-09-15T14:43:18,ves00412125,volkswagen,tayron,15-etsi-150ch-dsg7-5pl-life-plus,SANS APPORT VOLKSWAGEN TAYRON 1.5 eTSI 150ch DSG7 5pl Life Plus,,,Hybride,Automatique,10,573,https://auto-dispo.cic-leasing.fr/leasing-voiture/volkswagen/tayron/15-etsi-150ch-dsg7-5pl-life-plus-ves00412125?apport=sans
2026-09-15T14:43:18,ves00448713,volkswagen,tiguan-iii,20-tdi-150ch-dsg7-life,SANS APPORT VOLKSWAGEN Tiguan III 2.0 TDI 150ch DSG7 Life,,,Diesel,Automatique,10,573,https://auto-dispo.cic-leasing.fr/leasing-voiture/volkswagen/tiguan-iii/20-tdi-150ch-dsg7-life-ves00448713?apport=sans
2026-09-15T14:43:18,ves00458555,bmw,x1-u11,sdrive-18d-150ch-dkg7-m-sport,BMW X1 U11 sDrive 18d 150ch DKG7 M Sport,occasion,SANS APPORT,Diesel,Automatique,5003,574,https://auto-dispo.cic-leasing.fr/leasing-voiture/bmw/x1-u11/sdrive-18d-150ch-dkg7-m-sport-ves00458555?apport=sans
2026-09-15T14:43:18,ves00459250,bmw,x1-u11,sdrive-18d-150ch-dkg7-m-sport,BMW X1 U11 sDrive 18d 150ch DKG7 M Sport,occasion,SANS APPORT,Diesel,Automatique,5046,574,https://auto-dispo.cic-leasing.fr/leasing-voiture/bmw/x1-u11/sdrive-18d-150ch-dkg7-m-sport-ves00459250?apport=sans
2026-09-15T14:43:18,ves00458799,bmw,x1-u11,sdrive-18d-150ch-dkg7-m-sport,BMW X1 U11 sDrive 18d 150ch DKG7 M Sport,occasion,SANS APPORT,Diesel,Automatique,5091,574,https://auto-dispo.cic-leasing.fr/leasing-voiture/bmw/x1-u11/sdrive-18d-150ch-dkg7-m-sport-ves00458799?apport=sans
2026-09-15T14:43:18,ves00460340,renault,rafale,hyper-hybrid-e-tech-300-ch-4x4-esprit-alpine,RENAULT Rafale hyper hybrid E-Tech 300 ch 4x4 esprit Alpine,occasion,SANS APPORT,Hybride rechargeable,Automatique,12541,575,https://auto-dispo.cic-leasing.fr/leasing-voiture/renault/rafale/hyper-hybrid-e-tech-300-ch-4x4-esprit-alpine-ves00460340?apport=sans
2026-09-15T14:43:18,ves00449460,volkswagen,tiguan-iii,20-tdi-150ch-dsg7-life,SANS APPORT VOLKSWAGEN Tiguan III 2.0 TDI 150ch DSG7 Life,,,Diesel,Automatique,10,575,https://auto-dispo.cic-leasing.fr/leasing-voiture/volkswagen/tiguan-iii/20-tdi-150ch-dsg7-life-ves00449460?apport=sans
2026-09-15T14:43:18,ves00459633,volkswagen,golf-viii,20-tdi-150-dsg7-r-line,SANS APPORT VOLKSWAGEN Golf VIII 2.0 TDI 150 DSG7 R-Line,,,Diesel,Automatique,10,576,https://auto-dispo.cic-leasing.fr/leasing-voiture/volkswagen/golf-viii/20-tdi-150-dsg7-r-line-ves00459633?apport=sans
2026-09-15T14:43:18,ves00444516,renault,espace-vi,full-hybrid-e-tech-200-ch-7pl-esprit-alpine,SANS APPORT RENAULT Espace VI full hybrid E-Tech 200 ch 7pl Esprit Alpine,,,Hybride,Automatique,100,576,https://auto-dispo.cic-leasing.fr/leasing-voiture/renault/espace-vi/full-hybrid-e-tech-200-ch-7pl-esprit-alpine-ves00444516?apport=sans
2026-09-15T14:43:18,ves00448719,volkswagen,tiguan-iii,20-tdi-150ch-dsg7-life,SANS APPORT VOLKSWAGEN Tiguan III 2.0 TDI 150ch DSG7 Life,,,Diesel,Automatique,10,577,https://auto-dispo.cic-leasing.fr/leasing-voiture/volkswagen/tiguan-iii/20-tdi-150ch-dsg7-life-ves00448719?apport=sans
2026-09-15T14:43:18,ves00441360,audi,a3-sportback-iv,tdi-150-s-tronic-7-s-line,SANS APPORT AUDI A3 Sportback IV TDI 150 S tronic 7 S line,,,Diesel,Automatique,10,578,https://auto-dispo.cic-leasing.fr/leasing-voiture/audi/a3-sportback-iv/tdi-150-s-tronic-7-s-line-ves00441360?apport=sans
2026-09-15T14:43:18,ves00395855,volkswagen,t-roc,20-tdi-150-start-stop-dsg7-r-line-edition,SANS APPORT VOLKSWAGEN T-Roc 2.0 TDI 150 Start/Stop DSG7 R-Line Edition,,,Diesel,Automatique,100,580,https://auto-dispo.cic-leasing.fr/leasing-voiture/volkswagen/t-roc/20-tdi-150-start-stop-dsg7-r-line-edition-ves00395855?apport=sans
2026-09-15T14:43:18,ves00426640,bmw,serie-1-f70,120-170-ch-dkg7-m-sport,BMW Série 1 F70 120 170 ch DKG7 M Sport,occasion,SANS APPORT,Essence,Automatique,21580,580,https://auto-dispo.cic-leasing.fr/leasing-voiture/bmw/serie-1-f70/120-170-ch-dkg7-m-sport-ves00426640?apport=sans
2026-09-15T14:43:18,ves00395847,volkswagen,t-roc,20-tdi-150-start-stop-dsg7-r-line-edition,SANS APPORT VOLKSWAGEN T-Roc 2.0 TDI 150 Start/Stop DSG7 R-Line Edition,,,Diesel,Automatique,100,581,https://auto-dispo.cic-leasing.fr/leasing-voiture/volkswagen/t-roc/20-tdi-150-start-stop-dsg7-r-line-edition-ves00395847?apport=sans
2026-09-15T14:43:18,ves00395856,volkswagen,t-roc,20-tdi-150-start-stop-dsg7-r-line-edition,SANS APPORT VOLKSWAGEN T-Roc 2.0 TDI 150 Start/Stop DSG7 R-Line Edition,,,Diesel,Automatique,100,582,https://auto-dispo.cic-leasing.fr/leasing-voiture/volkswagen/t-roc/20-tdi-150-start-stop-dsg7-r-line-edition-ves00395856?apport=sans
2026-09-15T14:43:18,ves00459625,volkswagen,golf-viii,20-tdi-150-dsg7-r-line,SANS APPORT VOLKSWAGEN Golf VIII 2.0 TDI 150 DSG7 R-Line,,,Diesel,Automatique,10,583,https://auto-dispo.cic-leasing.fr/leasing-voiture/volkswagen/golf-viii/20-tdi-150-dsg7-r-line-ves00459625?apport=sans
2026-09-15T14:43:18,ves00457441,volkswagen,t-roc,20-tdi-150-start-stop-dsg7-r-line-edition,SANS APPORT VOLKSWAGEN T-Roc 2.0 TDI 150 Start/Stop DSG7 R-Line Edition,,,Diesel,Automatique,100,584,https://auto-dispo.cic-leasing.fr/leasing-voiture/volkswagen/t-roc/20-tdi-150-start-stop-dsg7-r-line-edition-ves00457441?apport=sans
2026-09-15T14:43:18,ves00441370,audi,a3-sportback-iv,tdi-150-s-tronic-7-s-line,SANS APPORT AUDI A3 Sportback IV TDI 150 S tronic 7 S line,,,Diesel,Automatique,10,586,https://auto-dispo.cic-leasing.fr/leasing-voiture/audi/a3-sportback-iv/tdi-150-s-tronic-7-s-line-ves00441370?apport=sans
2026-09-15T14:43:18,ves00460590,audi,a3-sportback-iv,tfsi-e-hybride-rechargeable-272-s-tronic-6-s-line,SANS APPORT AUDI A3 Sportback IV TFSI e,,,Hybride rechargeable,Automatique,10,586,https://auto-dispo.cic-leasing.fr/leasing-voiture/audi/a3-sportback-iv/tfsi-e-hybride-rechargeable-272-s-tronic-6-s-line-ves00460590?apport=sans
2026-09-15T14:43:18,ves00448789,kia,sportage,hybride-239-ch-bva6-gt-line,SANS APPORT KIA SPORTAGE,,,Hybride,Automatique,100,589,https://auto-dispo.cic-leasing.fr/leasing-voiture/kia/sportage/hybride-239-ch-bva6-gt-line-ves00448789?apport=sans
2026-09-15T14:43:18,ves00453359,skoda,karoq,20-tdi-150-ch-scr-dsg7-sportline,SKODA Karoq 2.0 TDI 150 ch SCR DSG7 Sportline,occasion,SANS APPORT,Diesel,Automatique,28407,589,https://auto-dispo.cic-leasing.fr/leasing-voiture/skoda/karoq/20-tdi-150-ch-scr-dsg7-sportline-ves00453359?apport=sans
2026-09-15T14:43:18,ves00453363,skoda,karoq,20-tdi-150-ch-scr-dsg7-sportline,SKODA Karoq 2.0 TDI 150 ch SCR DSG7 Sportline,occasion,SANS APPORT,Diesel,Automatique,28046,589,https://auto-dispo.cic-leasing.fr/leasing-voiture/skoda/karoq/20-tdi-150-ch-scr-dsg7-sportline-ves00453363?apport=sans
2026-09-15T14:43:18,ves00460138,audi,a3-sportback-iv,tfsi-e-hybride-rechargeable-272-s-tronic-6-s-line,SANS APPORT AUDI A3 Sportback IV TFSI e,,,Hybride rechargeable,Automatique,100,590,https://auto-dispo.cic-leasing.fr/leasing-voiture/audi/a3-sportback-iv/tfsi-e-hybride-rechargeable-272-s-tronic-6-s-line-ves00460138?apport=sans
2026-09-15T14:43:18,ves00425352,bmw,x1-u11,sdrive-18i-136ch-dkg7-m-sport,BMW X1 U11 sDrive 18i 136ch DKG7 M Sport,occasion,SANS APPORT,Essence,Automatique,4628,591,https://auto-dispo.cic-leasing.fr/leasing-voiture/bmw/x1-u11/sdrive-18i-136ch-dkg7-m-sport-ves00425352?apport=sans
2026-09-15T14:43:18,ves00456880,bmw,x2-u10,sdrive-20d-163ch-dkg7-m-sport,BMW X2 U10 sDrive 20d 163ch DKG7 M Sport,occasion,SANS APPORT,Diesel,Automatique,5057,592,https://auto-dispo.cic-leasing.fr/leasing-voiture/bmw/x2-u10/sdrive-20d-163ch-dkg7-m-sport-ves00456880?apport=sans
2026-09-15T14:43:18,ves00457107,bmw,x2-u10,sdrive-20d-163ch-dkg7-m-sport,BMW X2 U10 sDrive 20d 163ch DKG7 M Sport,occasion,SANS APPORT,Diesel,Automatique,5394,593,https://auto-dispo.cic-leasing.fr/leasing-voiture/bmw/x2-u10/sdrive-20d-163ch-dkg7-m-sport-ves00457107?apport=sans
2026-09-15T14:43:18,ves00461093,bmw,x1-u11,sdrive-18d-150ch-dkg7-m-sport,SANS APPORT BMW X1 U11 sDrive 18d 150ch DKG7 M Sport,,,Diesel,Automatique,10,593,https://auto-dispo.cic-leasing.fr/leasing-voiture/bmw/x1-u11/sdrive-18d-150ch-dkg7-m-sport-ves00461093?apport=sans
2026-09-15T14:43:18,ves00453771,bmw,x2-u10,sdrive-20d-163ch-dkg7-m-sport,BMW X2 U10 sDrive 20d 163ch DKG7 M Sport,occasion,SANS APPORT,Diesel,Automatique,5885,594,https://auto-dispo.cic-leasing.fr/leasing-voiture/bmw/x2-u10/sdrive-20d-163ch-dkg7-m-sport-ves00453771?apport=sans
2026-09-15T14:43:18,ves00459825,bmw,x2-u10,sdrive-20d-163ch-dkg7-m-sport,BMW X2 U10 sDrive 20d 163ch DKG7 M Sport,occasion,SANS APPORT,Diesel,Automatique,6093,594,https://auto-dispo.cic-leasing.fr/leasing-voiture/bmw/x2-u10/sdrive-20d-163ch-dkg7-m-sport-ves00459825?apport=sans
2026-09-15T14:43:18,ves00444518,renault,espace-vi,full-hybrid-e-tech-200-ch-7pl-esprit-alpine,SANS APPORT RENAULT Espace VI full hybrid E-Tech 200 ch 7pl Esprit Alpine,,,Hybride,Automatique,100,595,https://auto-dispo.cic-leasing.fr/leasing-voiture/renault/espace-vi/full-hybrid-e-tech-200-ch-7pl-esprit-alpine-ves00444518?apport=sans
2026-09-15T14:43:18,ves00457258,ds,ds7,hybride-rechargeable-e-tense-300-eat8-4x4-etoile,DS DS7,occasion,SANS APPORT,Hybride,Automatique,25065,596,https://auto-dispo.cic-leasing.fr/leasing-voiture/ds/ds7/hybride-rechargeable-e-tense-300-eat8-4x4-etoile-ves00457258?apport=sans
2026-09-15T14:43:18,ves00460321,bmw,x1-u11,sdrive-18d-150ch-dkg7-m-sport,SANS APPORT BMW X1 U11 sDrive 18d 150ch DKG7 M Sport,,,Diesel,Automatique,10,596,https://auto-dispo.cic-leasing.fr/leasing-voiture/bmw/x1-u11/sdrive-18d-150ch-dkg7-m-sport-ves00460321?apport=sans
2026-09-15T14:43:18,ves00455853,audi,a3-sportback-iv,tfsi-e-hybride-rechargeable-272-s-tronic-6-s-line,AUDI A3 Sportback IV TFSI e,occasion,SANS APPORT,Hybride rechargeable,Automatique,1000,598,https://auto-dispo.cic-leasing.fr/leasing-voiture/audi/a3-sportback-iv/tfsi-e-hybride-rechargeable-272-s-tronic-6-s-line-ves00455853?apport=sans
2026-09-15T14:43:18,ves00462188,ds,ds7,hybride-rechargeable-e-tense-300-eat8-4x4-etoile,DS DS7,occasion,SANS APPORT,Hybride,Automatique,20592,598,https://auto-dispo.cic-leasing.fr/leasing-voiture/ds/ds7/hybride-rechargeable-e-tense-300-eat8-4x4-etoile-ves00462188?apport=sans
2026-09-15T14:43:18,ves00455571,ds,ds7,hybride-rechargeable-e-tense-300-eat8-4x4-etoile,DS DS7,occasion,SANS APPORT,Hybride,Automatique,21501,599,https://auto-dispo.cic-leasing.fr/leasing-voiture/ds/ds7/hybride-rechargeable-e-tense-300-eat8-4x4-etoile-ves00455571?apport=sans
2026-09-15T14:43:18,ves00452174,audi,a3-sportback-iv,tfsi-e-hybride-rechargeable-272-s-tronic-6-s-line,SANS APPORT AUDI A3 Sportback IV TFSI e,,,Hybride rechargeable,Automatique,10,600,https://auto-dispo.cic-leasing.fr/leasing-voiture/audi/a3-sportback-iv/tfsi-e-hybride-rechargeable-272-s-tronic-6-s-line-ves00452174?apport=sans
2026-09-15T14:43:18,ves00443636,ds,ds7,hybride-rechargeable-e-tense-300-eat8-4x4-etoile,DS DS7,occasion,SANS APPORT,Hybride,Automatique,20202,600,https://auto-dispo.cic-leasing.fr/leasing-voiture/ds/ds7/hybride-rechargeable-e-tense-300-eat8-4x4-etoile-ves00443636?apport=sans
2026-09-15T14:43:18,ves00460137,audi,a3-sportback-iv,tfsi-e-hybride-rechargeable-272-s-tronic-6-s-line,SANS APPORT AUDI A3 Sportback IV TFSI e,,,Hybride rechargeable,Automatique,100,605,https://auto-dispo.cic-leasing.fr/leasing-voiture/audi/a3-sportback-iv/tfsi-e-hybride-rechargeable-272-s-tronic-6-s-line-ves00460137?apport=sans
2026-09-15T14:43:18,ves00456879,bmw,x1-u11,sdrive-20d-163ch-dkg7-m-sport,BMW X1 U11 sDrive 20d 163ch DKG7 M Sport,occasion,SANS APPORT,Diesel,Automatique,26420,607,https://auto-dispo.cic-leasing.fr/leasing-voiture/bmw/x1-u11/sdrive-20d-163ch-dkg7-m-sport-ves00456879?apport=sans
2026-09-15T14:43:18,ves00455855,audi,a3-sportback-iv,tfsi-e-hybride-rechargeable-272-s-tronic-6-s-line,SANS APPORT AUDI A3 Sportback IV TFSI e,,,Hybride rechargeable,Automatique,100,609,https://auto-dispo.cic-leasing.fr/leasing-voiture/audi/a3-sportback-iv/tfsi-e-hybride-rechargeable-272-s-tronic-6-s-line-ves00455855?apport=sans
2026-09-15T14:43:18,ves00455553,bmw,x2-u10,sdrive-20d-163ch-dkg7-m-sport,BMW X2 U10 sDrive 20d 163ch DKG7 M Sport,occasion,SANS APPORT,Diesel,Automatique,21174,611,https://auto-dispo.cic-leasing.fr/leasing-voiture/bmw/x2-u10/sdrive-20d-163ch-dkg7-m-sport-ves00455553?apport=sans
2026-09-15T14:43:18,ves00443577,bmw,x1-u11,sdrive-18d-150ch-dkg7-m-sport,BMW X1 U11 sDrive 18d 150ch DKG7 M Sport,occasion,SANS APPORT,Diesel,Automatique,22304,611,https://auto-dispo.cic-leasing.fr/leasing-voiture/bmw/x1-u11/sdrive-18d-150ch-dkg7-m-sport-ves00443577?apport=sans
2026-09-15T14:43:18,ves00411487,bmw,x1-u11,sdrive-18i-136ch-dkg7-m-sport,SANS APPORT BMW X1 U11 sDrive 18i 136ch DKG7 M Sport,,,Essence,Automatique,10,612,https://auto-dispo.cic-leasing.fr/leasing-voiture/bmw/x1-u11/sdrive-18i-136ch-dkg7-m-sport-ves00411487?apport=sans
2026-09-15T14:43:18,ves00455554,bmw,x2-u10,sdrive-20d-163ch-dkg7-m-sport,BMW X2 U10 sDrive 20d 163ch DKG7 M Sport,occasion,SANS APPORT,Diesel,Automatique,29237,613,https://auto-dispo.cic-leasing.fr/leasing-voiture/bmw/x2-u10/sdrive-20d-163ch-dkg7-m-sport-ves00455554?apport=sans
2026-09-15T14:43:18,ves00453012,bmw,x2-u10,sdrive-20d-163ch-dkg7-m-sport,BMW X2 U10 sDrive 20d 163ch DKG7 M Sport,occasion,SANS APPORT,Diesel,Automatique,18000,613,https://auto-dispo.cic-leasing.fr/leasing-voiture/bmw/x2-u10/sdrive-20d-163ch-dkg7-m-sport-ves00453012?apport=sans
2026-09-15T14:43:18,ves00452170,audi,a3-sportback-iv,tfsi-e-hybride-rechargeable-272-s-tronic-6-s-line,SANS APPORT AUDI A3 Sportback IV TFSI e,,,Hybride rechargeable,Automatique,10,613,https://auto-dispo.cic-leasing.fr/leasing-voiture/audi/a3-sportback-iv/tfsi-e-hybride-rechargeable-272-s-tronic-6-s-line-ves00452170?apport=sans
2026-09-15T14:43:18,ves00455551,bmw,x2-u10,sdrive-20d-163ch-dkg7-m-sport,BMW X2 U10 sDrive 20d 163ch DKG7 M Sport,occasion,SANS APPORT,Diesel,Automatique,29678,614,https://auto-dispo.cic-leasing.fr/leasing-voiture/bmw/x2-u10/sdrive-20d-163ch-dkg7-m-sport-ves00455551?apport=sans
2026-09-15T14:43:18,ves00418344,skoda,octavia-iv,20-tdi-150-ch-scr-dsg7-sportline,SANS APPORT SKODA Octavia IV 2.0 TDI 150 ch SCR DSG7 Sportline,,,Diesel,Automatique,100,614,https://auto-dispo.cic-leasing.fr/leasing-voiture/skoda/octavia-iv/20-tdi-150-ch-scr-dsg7-sportline-ves00418344?apport=sans
2026-09-15T14:43:18,ves00457757,bmw,x2-u10,sdrive-20d-163ch-dkg7-m-sport,BMW X2 U10 sDrive 20d 163ch DKG7 M Sport,occasion,SANS APPORT,Diesel,Automatique,22025,615,https://auto-dispo.cic-leasing.fr/leasing-voiture/bmw/x2-u10/sdrive-20d-163ch-dkg7-m-sport-ves00457757?apport=sans
2026-09-15T14:43:18,ves00458721,bmw,x1-u11,sdrive-18d-150ch-dkg7-m-sport,SANS APPORT BMW X1 U11 sDrive 18d 150ch DKG7 M Sport,,,Diesel,Automatique,10,615,https://auto-dispo.cic-leasing.fr/leasing-voiture/bmw/x1-u11/sdrive-18d-150ch-dkg7-m-sport-ves00458721?apport=sans
2026-09-15T14:43:18,ves00454897,bmw,x1-u11,sdrive-18d-150ch-dkg7-m-sport,BMW X1 U11 sDrive 18d 150ch DKG7 M Sport,occasion,SANS APPORT,Diesel,Automatique,18325,615,https://auto-dispo.cic-leasing.fr/leasing-voiture/bmw/x1-u11/sdrive-18d-150ch-dkg7-m-sport-ves00454897?apport=sans
2026-09-15T14:43:18,ves00449449,audi,a3-sportback-iv,tdi-150-s-tronic-7-s-line,SANS APPORT AUDI A3 Sportback IV TDI 150 S tronic 7 S line,,,Diesel,Automatique,10,615,https://auto-dispo.cic-leasing.fr/leasing-voiture/audi/a3-sportback-iv/tdi-150-s-tronic-7-s-line-ves00449449?apport=sans
2026-09-15T14:43:18,ves00444088,bmw,x1-u11,sdrive-18d-150ch-dkg7-m-sport,SANS APPORT BMW X1 U11 sDrive 18d 150ch DKG7 M Sport,,,Diesel,Automatique,10,617,https://auto-dispo.cic-leasing.fr/leasing-voiture/bmw/x1-u11/sdrive-18d-150ch-dkg7-m-sport-ves00444088?apport=sans
2026-09-15T14:43:18,ves00455555,bmw,x2-u10,sdrive-20d-163ch-dkg7-m-sport,BMW X2 U10 sDrive 20d 163ch DKG7 M Sport,occasion,SANS APPORT,Diesel,Automatique,27394,619,https://auto-dispo.cic-leasing.fr/leasing-voiture/bmw/x2-u10/sdrive-20d-163ch-dkg7-m-sport-ves00455555?apport=sans
2026-09-15T14:43:18,ves00451864,mercedes,cla-shooting-brake,200-d-8g-dct-amg-line,MERCEDES CLA SHOOTING BRAKE 200 d 8G-DCT AMG Line,occasion,SANS APPORT,Diesel,Automatique,13619,619,https://auto-dispo.cic-leasing.fr/leasing-voiture/mercedes/cla-shooting-brake/200-d-8g-dct-amg-line-ves00451864?apport=sans
2026-09-15T14:43:18,ves00445438,volkswagen,tiguan-iii,20-tdi-150ch-dsg7-r-line,VOLKSWAGEN Tiguan III 2.0 TDI 150ch DSG7 R-Line,occasion,SANS APPORT,Diesel,Automatique,8974,620,https://auto-dispo.cic-leasing.fr/leasing-voiture/volkswagen/tiguan-iii/20-tdi-150ch-dsg7-r-line-ves00445438?apport=sans
2026-09-15T14:43:18,ves00445437,volkswagen,tiguan-iii,20-tdi-150ch-dsg7-r-line,VOLKSWAGEN Tiguan III 2.0 TDI 150ch DSG7 R-Line,occasion,SANS APPORT,Diesel,Automatique,9045,620,https://auto-dispo.cic-leasing.fr/leasing-voiture/volkswagen/tiguan-iii/20-tdi-150ch-dsg7-r-line-ves00445437?apport=sans
2026-09-15T14:43:18,ves00451863,mercedes,cla-shooting-brake,200-d-8g-dct-amg-line,MERCEDES CLA SHOOTING BRAKE 200 d 8G-DCT AMG Line,occasion,SANS APPORT,Diesel,Automatique,13841,621,https://auto-dispo.cic-leasing.fr/leasing-voiture/mercedes/cla-shooting-brake/200-d-8g-dct-amg-line-ves00451863?apport=sans
2026-09-15T14:43:18,ves00423994,bmw,x1-u11,sdrive-20i-170ch-dkg7-m-sport,BMW X1 U11 sDrive 20i 170ch DKG7 M Sport,occasion,SANS APPORT,Essence,Automatique,18100,621,https://auto-dispo.cic-leasing.fr/leasing-voiture/bmw/x1-u11/sdrive-20i-170ch-dkg7-m-sport-ves00423994?apport=sans
2026-09-15T14:43:18,ves00454900,bmw,x1-u11,sdrive-18d-150ch-dkg7-m-sport,BMW X1 U11 sDrive 18d 150ch DKG7 M Sport,occasion,SANS APPORT,Diesel,Automatique,13182,621,https://auto-dispo.cic-leasing.fr/leasing-voiture/bmw/x1-u11/sdrive-18d-150ch-dkg7-m-sport-ves00454900?apport=sans
2026-09-15T14:43:18,ves00455399,bmw,x1-u11,sdrive-18d-150ch-dkg7-m-sport,BMW X1 U11 sDrive 18d 150ch DKG7 M Sport,occasion,SANS APPORT,Diesel,Automatique,21758,625,https://auto-dispo.cic-leasing.fr/leasing-voiture/bmw/x1-u11/sdrive-18d-150ch-dkg7-m-sport-ves00455399?apport=sans
2026-09-15T14:43:18,ves00457312,bmw,x2-u10,sdrive-20d-163ch-dkg7-m-sport,BMW X2 U10 sDrive 20d 163ch DKG7 M Sport,occasion,SANS APPORT,Diesel,Automatique,5338,625,https://auto-dispo.cic-leasing.fr/leasing-voiture/bmw/x2-u10/sdrive-20d-163ch-dkg7-m-sport-ves00457312?apport=sans
2026-09-15T14:43:18,ves00458802,bmw,x1-u11,sdrive-20d-163ch-dkg7-m-sport,BMW X1 U11 sDrive 20d 163ch DKG7 M Sport,occasion,SANS APPORT,Diesel,Automatique,5022,626,https://auto-dispo.cic-leasing.fr/leasing-voiture/bmw/x1-u11/sdrive-20d-163ch-dkg7-m-sport-ves00458802?apport=sans
2026-09-15T14:43:18,ves00458961,bmw,x1-u11,sdrive-20d-163ch-dkg7-m-sport,BMW X1 U11 sDrive 20d 163ch DKG7 M Sport,occasion,SANS APPORT,Diesel,Automatique,5044,626,https://auto-dispo.cic-leasing.fr/leasing-voiture/bmw/x1-u11/sdrive-20d-163ch-dkg7-m-sport-ves00458961?apport=sans
2026-09-15T14:43:18,ves00451867,mercedes,cla-shooting-brake,200-d-8g-dct-amg-line,MERCEDES CLA SHOOTING BRAKE 200 d 8G-DCT AMG Line,occasion,SANS APPORT,Diesel,Automatique,15000,628,https://auto-dispo.cic-leasing.fr/leasing-voiture/mercedes/cla-shooting-brake/200-d-8g-dct-amg-line-ves00451867?apport=sans
2026-09-15T14:43:18,ves00445435,volkswagen,tiguan-iii,20-tdi-150ch-dsg7-r-line,VOLKSWAGEN Tiguan III 2.0 TDI 150ch DSG7 R-Line,occasion,SANS APPORT,Diesel,Automatique,12037,628,https://auto-dispo.cic-leasing.fr/leasing-voiture/volkswagen/tiguan-iii/20-tdi-150ch-dsg7-r-line-ves00445435?apport=sans
2026-09-15T14:43:18,ves00458094,bmw,x1-u11,sdrive-20d-163ch-dkg7-m-sport,BMW X1 U11 sDrive 20d 163ch DKG7 M Sport,occasion,SANS APPORT,Diesel,Automatique,8200,628,https://auto-dispo.cic-leasing.fr/leasing-voiture/bmw/x1-u11/sdrive-20d-163ch-dkg7-m-sport-ves00458094?apport=sans
2026-09-15T14:43:18,ves00434534,volkswagen,tiguan-iii,20-tdi-150ch-dsg7-r-line,VOLKSWAGEN Tiguan III 2.0 TDI 150ch DSG7 R-Line,occasion,SANS APPORT,Diesel,Automatique,12780,628,https://auto-dispo.cic-leasing.fr/leasing-voiture/volkswagen/tiguan-iii/20-tdi-150ch-dsg7-r-line-ves00434534?apport=sans
2026-09-15T14:43:18,ves00441821,volkswagen,tiguan-iii,20-tdi-150ch-dsg7-r-line,VOLKSWAGEN Tiguan III 2.0 TDI 150ch DSG7 R-Line,occasion,SANS APPORT,Diesel,Automatique,17618,635,https://auto-dispo.cic-leasing.fr/leasing-voiture/volkswagen/tiguan-iii/20-tdi-150ch-dsg7-r-line-ves00441821?apport=sans
2026-09-15T14:43:18,ves00434525,volkswagen,tiguan-iii,20-tdi-150ch-dsg7-r-line,VOLKSWAGEN Tiguan III 2.0 TDI 150ch DSG7 R-Line,occasion,SANS APPORT,Diesel,Automatique,15753,636,https://auto-dispo.cic-leasing.fr/leasing-voiture/volkswagen/tiguan-iii/20-tdi-150ch-dsg7-r-line-ves00434525?apport=sans
2026-09-15T14:43:18,ves00439627,mercedes,classe-gla-h247,200-d-8g-dct-progressive-line,MERCEDES Classe GLA H247 200 d 8G-DCT Progressive Line,occasion,SANS APPORT,Diesel,Automatique,19381,644,https://auto-dispo.cic-leasing.fr/leasing-voiture/mercedes/classe-gla-h247/200-d-8g-dct-progressive-line-ves00439627?apport=sans
2026-09-15T14:43:18,ves00455951,bmw,x1-u11,sdrive-20d-163ch-dkg7-m-sport,BMW X1 U11 sDrive 20d 163ch DKG7 M Sport,occasion,SANS APPORT,Diesel,Automatique,5570,654,https://auto-dispo.cic-leasing.fr/leasing-voiture/bmw/x1-u11/sdrive-20d-163ch-dkg7-m-sport-ves00455951?apport=sans
2026-09-15T14:43:18,ves00418885,bmw,x1-u11,sdrive-20i-170ch-dkg7-m-sport,BMW X1 U11 sDrive 20i 170ch DKG7 M Sport,occasion,SANS APPORT,Essence,Automatique,22165,659,https://auto-dispo.cic-leasing.fr/leasing-voiture/bmw/x1-u11/sdrive-20i-170ch-dkg7-m-sport-ves00418885?apport=sans
2026-09-15T14:43:18,ves00449424,bmw,x1-u11,sdrive-20d-163ch-dkg7-m-sport,BMW X1 U11 sDrive 20d 163ch DKG7 M Sport,occasion,SANS APPORT,Diesel,Automatique,9970,669,https://auto-dispo.cic-leasing.fr/leasing-voiture/bmw/x1-u11/sdrive-20d-163ch-dkg7-m-sport-ves00449424?apport=sans
2026-09-15T14:43:18,ves00450108,bmw,x1-u11,sdrive-20d-163ch-dkg7-m-sport,BMW X1 U11 sDrive 20d 163ch DKG7 M Sport,occasion,SANS APPORT,Diesel,Automatique,4935,670,https://auto-dispo.cic-leasing.fr/leasing-voiture/bmw/x1-u11/sdrive-20d-163ch-dkg7-m-sport-ves00450108?apport=sans
2026-09-15T14:43:18,ves00451857,mercedes,glb,200-d-8g-dct-amg-line,MERCEDES GLB 200 d 8G-DCT AMG Line,occasion,SANS APPORT,Diesel,Automatique,9553,672,https://auto-dispo.cic-leasing.fr/leasing-voiture/mercedes/glb/200-d-8g-dct-amg-line-ves00451857?apport=sans
2026-09-15T14:43:18,ves00455611,bmw,x1-u11,sdrive-20d-163ch-dkg7-m-sport,BMW X1 U11 sDrive 20d 163ch DKG7 M Sport,occasion,SANS APPORT,Diesel,Automatique,18000,674,https://auto-dispo.cic-leasing.fr/leasing-voiture/bmw/x1-u11/sdrive-20d-163ch-dkg7-m-sport-ves00455611?apport=sans
2026-09-15T14:43:18,ves00410644,bmw,x1-u11,sdrive-20d-163ch-dkg7-m-sport,BMW X1 U11 sDrive 20d 163ch DKG7 M Sport,occasion,SANS APPORT,Diesel,Automatique,10520,691,https://auto-dispo.cic-leasing.fr/leasing-voiture/bmw/x1-u11/sdrive-20d-163ch-dkg7-m-sport-ves00410644?apport=sans
2026-09-15T14:43:18,ves00412531,bmw,x1-u11,sdrive-20d-163ch-dkg7-m-sport,BMW X1 U11 sDrive 20d 163ch DKG7 M Sport,occasion,SANS APPORT,Diesel,Automatique,4414,696,https://auto-dispo.cic-leasing.fr/leasing-voiture/bmw/x1-u11/sdrive-20d-163ch-dkg7-m-sport-ves00412531?apport=sans
2026-09-15T14:43:18,ves00413077,bmw,x1-u11,sdrive-20d-163ch-dkg7-m-sport,BMW X1 U11 sDrive 20d 163ch DKG7 M Sport,occasion,SANS APPORT,Diesel,Automatique,4998,696,https://auto-dispo.cic-leasing.fr/leasing-voiture/bmw/x1-u11/sdrive-20d-163ch-dkg7-m-sport-ves00413077?apport=sans
2026-09-15T14:43:18,ves00411186,bmw,x1-u11,sdrive-20d-163ch-dkg7-m-sport,BMW X1 U11 sDrive 20d 163ch DKG7 M Sport,occasion,SANS APPORT,Diesel,Automatique,6398,702,https://auto-dispo.cic-leasing.fr/leasing-voiture/bmw/x1-u11/sdrive-20d-163ch-dkg7-m-sport-ves00411186?apport=sans
2026-09-15T14:43:18,ves00412688,bmw,x1-u11,sdrive-20d-163ch-dkg7-m-sport,BMW X1 U11 sDrive 20d 163ch DKG7 M Sport,occasion,SANS APPORT,Diesel,Automatique,7427,704,https://auto-dispo.cic-leasing.fr/leasing-voiture/bmw/x1-u11/sdrive-20d-163ch-dkg7-m-sport-ves00412688?apport=sans
2026-09-15T14:43:18,ves00412222,bmw,x1-u11,sdrive-20d-163ch-dkg7-m-sport,BMW X1 U11 sDrive 20d 163ch DKG7 M Sport,occasion,SANS APPORT,Diesel,Automatique,8427,705,https://auto-dispo.cic-leasing.fr/leasing-voiture/bmw/x1-u11/sdrive-20d-163ch-dkg7-m-sport-ves00412222?apport=sans
2026-09-15T14:43:18,ves00413165,bmw,x1-u11,sdrive-20d-163ch-dkg7-m-sport,BMW X1 U11 sDrive 20d 163ch DKG7 M Sport,occasion,SANS APPORT,Diesel,Automatique,8900,705,https://auto-dispo.cic-leasing.fr/leasing-voiture/bmw/x1-u11/sdrive-20d-163ch-dkg7-m-sport-ves00413165?apport=sans
2026-09-15T14:43:18,ves00412954,bmw,x1-u11,sdrive-20d-163ch-dkg7-m-sport,BMW X1 U11 sDrive 20d 163ch DKG7 M Sport,occasion,SANS APPORT,Diesel,Automatique,9150,705,https://auto-dispo.cic-leasing.fr/leasing-voiture/bmw/x1-u11/sdrive-20d-163ch-dkg7-m-sport-ves00412954?apport=sans
2026-09-15T14:43:18,ves00411185,bmw,x1-u11,sdrive-20d-163ch-dkg7-m-sport,BMW X1 U11 sDrive 20d 163ch DKG7 M Sport,occasion,SANS APPORT,Diesel,Automatique,8097,708,https://auto-dispo.cic-leasing.fr/leasing-voiture/bmw/x1-u11/sdrive-20d-163ch-dkg7-m-sport-ves00411185?apport=sans
2026-09-15T14:43:18,ves00412863,bmw,x1-u11,sdrive-20d-163ch-dkg7-m-sport,BMW X1 U11 sDrive 20d 163ch DKG7 M Sport,occasion,SANS APPORT,Diesel,Automatique,11500,713,https://auto-dispo.cic-leasing.fr/leasing-voiture/bmw/x1-u11/sdrive-20d-163ch-dkg7-m-sport-ves00412863?apport=sans
2026-09-15T14:43:18,ves00461080,bmw,x2-u10,sdrive-18d-150ch-dkg7-m-sport,SANS APPORT BMW X2 U10 sDrive 18d 150ch DKG7 M Sport,,,Diesel,Automatique,10,717,https://auto-dispo.cic-leasing.fr/leasing-voiture/bmw/x2-u10/sdrive-18d-150ch-dkg7-m-sport-ves00461080?apport=sans
2026-09-15T14:43:18,ves00431843,bmw,x1-u11,sdrive-20d-163ch-dkg7-m-sport,BMW X1 U11 sDrive 20d 163ch DKG7 M Sport,occasion,SANS APPORT,Diesel,Automatique,12983,722,https://auto-dispo.cic-leasing.fr/leasing-voiture/bmw/x1-u11/sdrive-20d-163ch-dkg7-m-sport-ves00431843?apport=sans
2026-09-15T14:43:18,ves00450126,bmw,x2-u10,sdrive-18d-150ch-dkg7-m-sport,SANS APPORT BMW X2 U10 sDrive 18d 150ch DKG7 M Sport,,,Diesel,Automatique,10,729,https://auto-dispo.cic-leasing.fr/leasing-voiture/bmw/x2-u10/sdrive-18d-150ch-dkg7-m-sport-ves00450126?apport=sans
2026-09-15T14:43:18,ves00448950,audi,q3,tfsi-150-ch-hybride-s-tronic-7-s-line,SANS APPORT AUDI Q3 TFSI 150 ch,,,Hybride,Automatique,10,732,https://auto-dispo.cic-leasing.fr/leasing-voiture/audi/q3/tfsi-150-ch-hybride-s-tronic-7-s-line-ves00448950?apport=sans
2026-09-15T14:43:18,ves00448978,audi,q3,tfsi-150-ch-hybride-s-tronic-7-s-line,SANS APPORT AUDI Q3 TFSI 150 ch,,,Hybride,Automatique,10,736,https://auto-dispo.cic-leasing.fr/leasing-voiture/audi/q3/tfsi-150-ch-hybride-s-tronic-7-s-line-ves00448978?apport=sans
2026-09-15T14:43:18,ves00448910,audi,q3,tfsi-150-ch-hybride-s-tronic-7-s-line,SANS APPORT AUDI Q3 TFSI 150 ch,,,Hybride,Automatique,10,740,https://auto-dispo.cic-leasing.fr/leasing-voiture/audi/q3/tfsi-150-ch-hybride-s-tronic-7-s-line-ves00448910?apport=sans
2026-09-15T14:43:18,ves00437312,bmw,x1-u11,sdrive-20d-163ch-dkg7-m-sport,BMW X1 U11 sDrive 20d 163ch DKG7 M Sport,occasion,SANS APPORT,Diesel,Automatique,16525,743,https://auto-dispo.cic-leasing.fr/leasing-voiture/bmw/x1-u11/sdrive-20d-163ch-dkg7-m-sport-ves00437312?apport=sans
2026-09-15T14:43:18,ves00403923,volkswagen,tayron,15-ehybrid-272ch-dsg6-5pl-r-line,SANS APPORT VOLKSWAGEN TAYRON 1.5 eHybrid 272ch DSG6 5pl R-Line,,,Hybride rechargeable,Automatique,10,766,https://auto-dispo.cic-leasing.fr/leasing-voiture/volkswagen/tayron/15-ehybrid-272ch-dsg6-5pl-r-line-ves00403923?apport=sans
2026-09-15T14:43:18,ves00410400,isuzu,d-max,n60-space-cab-19-164-ch-4x4-bva-ff,SANS APPORT ISUZU D-MAX N60 SPACE CAB 1.9 164 CH 4X4 BVA FF,,,Diesel,Automatique,10,783,https://auto-dispo.cic-leasing.fr/leasing-voiture/isuzu/d-max/n60-space-cab-19-164-ch-4x4-bva-ff-ves00410400?apport=sans
2026-09-15T14:43:18,ves00450340,isuzu,d-max,space-cabine-a-t-prestige,SANS APPORT ISUZU D-MAX SPACE CABINE A/T PRESTIGE,,,Diesel,Automatique,10,860,https://auto-dispo.cic-leasing.fr/leasing-voiture/isuzu/d-max/space-cabine-a-t-prestige-ves00450340?apport=sans
2026-09-15T14:43:18,ves00462184,audi,q3-sportback,sportback-tdi-150-ch-s-tronic-7-s-line,SANS APPORT AUDI Q3 SPORTBACK Sportback TDI 150 ch S tronic 7 S line,,,Diesel,Automatique,10,871,https://auto-dispo.cic-leasing.fr/leasing-voiture/audi/q3-sportback/sportback-tdi-150-ch-s-tronic-7-s-line-ves00462184?apport=sans
2026-09-15T14:43:18,ves00462190,audi,q3-sportback,sportback-tdi-150-ch-s-tronic-7-s-line,SANS APPORT AUDI Q3 SPORTBACK Sportback TDI 150 ch S tronic 7 S line,,,Diesel,Automatique,10,872,https://auto-dispo.cic-leasing.fr/leasing-voiture/audi/q3-sportback/sportback-tdi-150-ch-s-tronic-7-s-line-ves00462190?apport=sans
2026-09-15T14:43:18,ves00460630,audi,q3-sportback,sportback-tdi-150-ch-s-tronic-7-s-line,SANS APPORT AUDI Q3 SPORTBACK Sportback TDI 150 ch S tronic 7 S line,,,Diesel,Automatique,10,874,https://auto-dispo.cic-leasing.fr/leasing-voiture/audi/q3-sportback/sportback-tdi-150-ch-s-tronic-7-s-line-ves00460630?apport=sans
2026-09-15T14:43:18,ves00460637,audi,q3-sportback,sportback-tdi-150-ch-s-tronic-7-s-line,SANS APPORT AUDI Q3 SPORTBACK Sportback TDI 150 ch S tronic 7 S line,,,Diesel,Automatique,10,881,https://auto-dispo.cic-leasing.fr/leasing-voiture/audi/q3-sportback/sportback-tdi-150-ch-s-tronic-7-s-line-ves00460637?apport=sans
2026-09-15T14:43:18,ves00438230,bmw,x3-g45,20d-xdrive-197-ch-bva8-,SANS APPORT BMW X3 G45 20d xDrive 197 ch BVA8,,,Diesel,Automatique,100,895,https://auto-dispo.cic-leasing.fr/leasing-voiture/bmw/x3-g45/20d-xdrive-197-ch-bva8--ves00438230?apport=sans
2026-09-15T14:43:18,ves00452751,audi,q3-sportback,sportback-tdi-150-ch-s-tronic-7-s-line,SANS APPORT AUDI Q3 SPORTBACK Sportback TDI 150 ch S tronic 7 S line,,,Diesel,Automatique,10,908,https://auto-dispo.cic-leasing.fr/leasing-voiture/audi/q3-sportback/sportback-tdi-150-ch-s-tronic-7-s-line-ves00452751?apport=sans
2026-09-15T14:43:18,ves00452942,ford,ranger-iv-double-cab,dca-20-ecoblue-205-ch-ss-bva10-e-4wd-wildtrak,SANS APPORT FORD Ranger IV Double Cab DCA 2.0 ECOBLUE 205 CH S&S BVA10 e-4WD WILDTRAK,,,Diesel,Automatique,10,909,https://auto-dispo.cic-leasing.fr/leasing-voiture/ford/ranger-iv-double-cab/dca-20-ecoblue-205-ch-ss-bva10-e-4wd-wildtrak-ves00452942?apport=sans
2026-09-15T14:43:18,ves00450349,isuzu,d-max,space-cabine-a-t-prestige,SANS APPORT ISUZU D-MAX SPACE CABINE A/T PRESTIGE,,,Diesel,Automatique,10,996,https://auto-dispo.cic-leasing.fr/leasing-voiture/isuzu/d-max/space-cabine-a-t-prestige-ves00450349?apport=sans
